{
    "variants": {
        "facing=east,half=bottom,shape=straight":  [
                        { "model": "block/dark_oak_stairs/oak_stairs" ,   "weight": 4 , "uvlock": true },
                        { "model": "block/dark_oak_stairs/oak_stairs0" ,  "weight": 1 , "uvlock": true },
                        { "model": "block/dark_oak_stairs/oak_stairs1" ,  "weight": 1 , "uvlock": true },
                        { "model": "block/dark_oak_stairs/oak_stairs2" ,  "weight": 1 , "uvlock": true },
                        { "model": "block/dark_oak_stairs/oak_stairs3" ,  "weight": 4 , "uvlock": true },
                        { "model": "block/dark_oak_stairs/oak_stairs4" ,  "weight": 1, "uvlock": true  },
                        { "model": "block/dark_oak_stairs/oak_stairs5",  "weight": 1  , "uvlock": true },
                        { "model": "block/dark_oak_stairs/oak_stairs6" ,  "weight": 1 , "uvlock": true }],
        "facing=west,half=bottom,shape=straight":  [
                        { "model": "block/dark_oak_stairs/oak_stairs" ,   "weight": 4, "y": 180, "uvlock": true },
                        { "model": "block/dark_oak_stairs/oak_stairs0" ,  "weight": 1, "y": 180, "uvlock": true },
                        { "model": "block/dark_oak_stairs/oak_stairs1" ,  "weight": 1, "y": 180, "uvlock": true },
                        { "model": "block/dark_oak_stairs/oak_stairs2" ,  "weight": 1, "y": 180, "uvlock": true },
                        { "model": "block/dark_oak_stairs/oak_stairs3" ,  "weight": 4 , "y": 180, "uvlock": true},
                        { "model": "block/dark_oak_stairs/oak_stairs4" ,  "weight": 1, "y": 180, "uvlock": true },
                        { "model": "block/dark_oak_stairs/oak_stairs5",  "weight": 1 , "y": 180, "uvlock": true },
                        { "model": "block/dark_oak_stairs/oak_stairs6" ,  "weight": 1, "y": 180, "uvlock": true }],
        "facing=south,half=bottom,shape=straight": [
                        { "model": "block/dark_oak_stairs/oak_stairs" ,   "weight": 4, "y": 90, "uvlock": true },
                        { "model": "block/dark_oak_stairs/oak_stairs0" ,  "weight": 1, "y": 90, "uvlock": true },
                        { "model": "block/dark_oak_stairs/oak_stairs1" ,  "weight": 1, "y": 90, "uvlock": true },
                        { "model": "block/dark_oak_stairs/oak_stairs2" ,  "weight": 1, "y": 90, "uvlock": true },
                        { "model": "block/dark_oak_stairs/oak_stairs3" ,  "weight": 4 , "y": 90, "uvlock": true},
                        { "model": "block/dark_oak_stairs/oak_stairs4" ,  "weight": 1, "y": 90, "uvlock": true },
                        { "model": "block/dark_oak_stairs/oak_stairs5",  "weight": 1 , "y": 90, "uvlock": true },
                        { "model": "block/dark_oak_stairs/oak_stairs6" ,  "weight": 1, "y": 90, "uvlock": true }],
        "facing=north,half=bottom,shape=straight": [
                        { "model": "block/dark_oak_stairs/oak_stairs" ,   "weight": 4, "y": 270, "uvlock": true },
                        { "model": "block/dark_oak_stairs/oak_stairs0" ,  "weight": 1, "y": 270, "uvlock": true },
                        { "model": "block/dark_oak_stairs/oak_stairs1" ,  "weight": 1, "y": 270, "uvlock": true },
                        { "model": "block/dark_oak_stairs/oak_stairs2" ,  "weight": 1, "y": 270, "uvlock": true },
                        { "model": "block/dark_oak_stairs/oak_stairs3" ,  "weight": 4 , "y": 270, "uvlock": true},
                        { "model": "block/dark_oak_stairs/oak_stairs4" ,  "weight": 1, "y": 270, "uvlock": true },
                        { "model": "block/dark_oak_stairs/oak_stairs5",  "weight": 1 , "y": 270, "uvlock": true },
                        { "model": "block/dark_oak_stairs/oak_stairs6" ,  "weight": 1, "y": 270, "uvlock": true }],
        "facing=east,half=bottom,shape=outer_right": [
                        { "model": "block/dark_oak_stairs/oak_stairs_outer" ,   "weight": 4 , "uvlock": true },
                        { "model": "block/dark_oak_stairs/oak_stairs_outer0" ,  "weight": 1 , "uvlock": true },
                        { "model": "block/dark_oak_stairs/oak_stairs_outer1" ,  "weight": 1 , "uvlock": true },
                        { "model": "block/dark_oak_stairs/oak_stairs_outer2" ,  "weight": 1 , "uvlock": true },
                        { "model": "block/dark_oak_stairs/oak_stairs_outer3" ,  "weight": 4, "uvlock": true  },
                        { "model": "block/dark_oak_stairs/oak_stairs_outer4" ,  "weight": 1 , "uvlock": true },
                        { "model": "block/dark_oak_stairs/oak_stairs_outer5",  "weight": 1 , "uvlock": true  },
                        { "model": "block/dark_oak_stairs/oak_stairs_outer6" ,  "weight": 1 , "uvlock": true }],
        "facing=west,half=bottom,shape=outer_right": [
                        { "model": "block/dark_oak_stairs/oak_stairs_outer" ,   "weight": 4, "y": 180, "uvlock": true },
                        { "model": "block/dark_oak_stairs/oak_stairs_outer0" ,  "weight": 1, "y": 180, "uvlock": true },
                        { "model": "block/dark_oak_stairs/oak_stairs_outer1" ,  "weight": 1, "y": 180, "uvlock": true },
                        { "model": "block/dark_oak_stairs/oak_stairs_outer2" ,  "weight": 1, "y": 180, "uvlock": true },
                        { "model": "block/dark_oak_stairs/oak_stairs_outer3" ,  "weight": 4, "y": 180, "uvlock": true },
                        { "model": "block/dark_oak_stairs/oak_stairs_outer4" ,  "weight": 1 , "y": 180, "uvlock": true},
                        { "model": "block/dark_oak_stairs/oak_stairs_outer5",  "weight": 1  , "y": 180, "uvlock": true},
                        { "model": "block/dark_oak_stairs/oak_stairs_outer6" ,  "weight": 1 , "y": 180, "uvlock": true}],
        "facing=south,half=bottom,shape=outer_right":[
                        { "model": "block/dark_oak_stairs/oak_stairs_outer" ,   "weight": 4, "y": 90, "uvlock": true },
                        { "model": "block/dark_oak_stairs/oak_stairs_outer0" ,  "weight": 1, "y": 90, "uvlock": true },
                        { "model": "block/dark_oak_stairs/oak_stairs_outer1" ,  "weight": 1, "y": 90, "uvlock": true },
                        { "model": "block/dark_oak_stairs/oak_stairs_outer2" ,  "weight": 1, "y": 90, "uvlock": true },
                        { "model": "block/dark_oak_stairs/oak_stairs_outer3" ,  "weight": 4, "y": 90, "uvlock": true },
                        { "model": "block/dark_oak_stairs/oak_stairs_outer4" ,  "weight": 1 , "y": 90, "uvlock": true},
                        { "model": "block/dark_oak_stairs/oak_stairs_outer5",  "weight": 1  , "y": 90, "uvlock": true},
                        { "model": "block/dark_oak_stairs/oak_stairs_outer6" ,  "weight": 1 , "y": 90, "uvlock": true}],
        "facing=north,half=bottom,shape=outer_right": [
                        { "model": "block/dark_oak_stairs/oak_stairs_outer" ,   "weight": 4, "y": 270, "uvlock": true },
                        { "model": "block/dark_oak_stairs/oak_stairs_outer0" ,  "weight": 1, "y": 270, "uvlock": true },
                        { "model": "block/dark_oak_stairs/oak_stairs_outer1" ,  "weight": 1, "y": 270, "uvlock": true },
                        { "model": "block/dark_oak_stairs/oak_stairs_outer2" ,  "weight": 1, "y": 270, "uvlock": true },
                        { "model": "block/dark_oak_stairs/oak_stairs_outer3" ,  "weight": 4, "y": 270, "uvlock": true },
                        { "model": "block/dark_oak_stairs/oak_stairs_outer4" ,  "weight": 1 , "y": 270, "uvlock": true},
                        { "model": "block/dark_oak_stairs/oak_stairs_outer5",  "weight": 1  , "y": 270, "uvlock": true},
                        { "model": "block/dark_oak_stairs/oak_stairs_outer6" ,  "weight": 1 , "y": 270, "uvlock": true}],
        "facing=east,half=bottom,shape=outer_left":  [
                        { "model": "block/dark_oak_stairs/oak_stairs_outer" ,   "weight": 4, "y": 270, "uvlock": true },
                        { "model": "block/dark_oak_stairs/oak_stairs_outer0" ,  "weight": 1, "y": 270, "uvlock": true },
                        { "model": "block/dark_oak_stairs/oak_stairs_outer1" ,  "weight": 1, "y": 270, "uvlock": true },
                        { "model": "block/dark_oak_stairs/oak_stairs_outer2" ,  "weight": 1, "y": 270, "uvlock": true },
                        { "model": "block/dark_oak_stairs/oak_stairs_outer3" ,  "weight": 4, "y": 270, "uvlock": true },
                        { "model": "block/dark_oak_stairs/oak_stairs_outer4" ,  "weight": 1 , "y": 270, "uvlock": true},
                        { "model": "block/dark_oak_stairs/oak_stairs_outer5",  "weight": 1  , "y": 270, "uvlock": true},
                        { "model": "block/dark_oak_stairs/oak_stairs_outer6" ,  "weight": 1 , "y": 270, "uvlock": true}],
        "facing=west,half=bottom,shape=outer_left": [
                        { "model": "block/dark_oak_stairs/oak_stairs_outer" ,   "weight": 4, "y": 90, "uvlock": true },
                        { "model": "block/dark_oak_stairs/oak_stairs_outer0" ,  "weight": 1, "y": 90, "uvlock": true },
                        { "model": "block/dark_oak_stairs/oak_stairs_outer1" ,  "weight": 1, "y": 90, "uvlock": true },
                        { "model": "block/dark_oak_stairs/oak_stairs_outer2" ,  "weight": 1, "y": 90, "uvlock": true },
                        { "model": "block/dark_oak_stairs/oak_stairs_outer3" ,  "weight": 4, "y": 90, "uvlock": true },
                        { "model": "block/dark_oak_stairs/oak_stairs_outer4" ,  "weight": 1 , "y": 90, "uvlock": true},
                        { "model": "block/dark_oak_stairs/oak_stairs_outer5",  "weight": 1  , "y": 90, "uvlock": true},
                        { "model": "block/dark_oak_stairs/oak_stairs_outer6" ,  "weight": 1 , "y": 90, "uvlock": true}],
        "facing=south,half=bottom,shape=outer_left":[
                        { "model": "block/dark_oak_stairs/oak_stairs_outer" ,   "weight": 4 , "uvlock": true },
                        { "model": "block/dark_oak_stairs/oak_stairs_outer0" ,  "weight": 1, "uvlock": true  },
                        { "model": "block/dark_oak_stairs/oak_stairs_outer1" ,  "weight": 1, "uvlock": true },
                        { "model": "block/dark_oak_stairs/oak_stairs_outer2" ,  "weight": 1 , "uvlock": true },
                        { "model": "block/dark_oak_stairs/oak_stairs_outer3" ,  "weight": 4 , "uvlock": true },
                        { "model": "block/dark_oak_stairs/oak_stairs_outer4" ,  "weight": 1, "uvlock": true  },
                        { "model": "block/dark_oak_stairs/oak_stairs_outer5",  "weight": 1 , "uvlock": true  },
                        { "model": "block/dark_oak_stairs/oak_stairs_outer6" ,  "weight": 1 , "uvlock": true }],
        "facing=north,half=bottom,shape=outer_left": [
                        { "model": "block/dark_oak_stairs/oak_stairs_outer" ,   "weight": 4, "y": 180, "uvlock": true },
                        { "model": "block/dark_oak_stairs/oak_stairs_outer0" ,  "weight": 1, "y": 180, "uvlock": true },
                        { "model": "block/dark_oak_stairs/oak_stairs_outer1" ,  "weight": 1, "y": 180, "uvlock": true },
                        { "model": "block/dark_oak_stairs/oak_stairs_outer2" ,  "weight": 1, "y": 180, "uvlock": true },
                        { "model": "block/dark_oak_stairs/oak_stairs_outer3" ,  "weight": 4, "y": 180, "uvlock": true },
                        { "model": "block/dark_oak_stairs/oak_stairs_outer4" ,  "weight": 1 , "y": 180, "uvlock": true},
                        { "model": "block/dark_oak_stairs/oak_stairs_outer5",  "weight": 1  , "y": 180, "uvlock": true},
                        { "model": "block/dark_oak_stairs/oak_stairs_outer6" ,  "weight": 1 , "y": 180, "uvlock": true}],
        "facing=east,half=bottom,shape=inner_right": [
                        { "model": "block/dark_oak_stairs/oak_stairs_inner" ,   "weight": 4 , "uvlock": true },
                        { "model": "block/dark_oak_stairs/oak_stairs_inner0" ,  "weight": 1, "uvlock": true  },
                        { "model": "block/dark_oak_stairs/oak_stairs_inner1" ,  "weight": 1 , "uvlock": true },
                        { "model": "block/dark_oak_stairs/oak_stairs_inner2" ,  "weight": 1 , "uvlock": true },
                        { "model": "block/dark_oak_stairs/oak_stairs_inner3" ,  "weight": 4, "uvlock": true  },
                        { "model": "block/dark_oak_stairs/oak_stairs_inner4" ,  "weight": 1 , "uvlock": true },
                        { "model": "block/dark_oak_stairs/oak_stairs_inner5",  "weight": 1  , "uvlock": true },
                        { "model": "block/dark_oak_stairs/oak_stairs_inner6" ,  "weight": 1 , "uvlock": true }],
        "facing=west,half=bottom,shape=inner_right": [
                        { "model": "block/dark_oak_stairs/oak_stairs_inner" ,   "weight": 4, "y": 180, "uvlock": true },
                        { "model": "block/dark_oak_stairs/oak_stairs_inner0" ,  "weight": 1, "y": 180, "uvlock": true },
                        { "model": "block/dark_oak_stairs/oak_stairs_inner1" ,  "weight": 1, "y": 180, "uvlock": true },
                        { "model": "block/dark_oak_stairs/oak_stairs_inner2" ,  "weight": 1, "y": 180, "uvlock": true },
                        { "model": "block/dark_oak_stairs/oak_stairs_inner3" ,  "weight": 4, "y": 180, "uvlock": true },
                        { "model": "block/dark_oak_stairs/oak_stairs_inner4" ,  "weight": 1 , "y": 180, "uvlock": true},
                        { "model": "block/dark_oak_stairs/oak_stairs_inner5",  "weight": 1  , "y": 180, "uvlock": true},
                        { "model": "block/dark_oak_stairs/oak_stairs_inner6" ,  "weight": 1 , "y": 180, "uvlock": true}],
        "facing=south,half=bottom,shape=inner_right": [
                        { "model": "block/dark_oak_stairs/oak_stairs_inner" ,   "weight": 4, "y": 90, "uvlock": true },
                        { "model": "block/dark_oak_stairs/oak_stairs_inner0" ,  "weight": 1, "y": 90, "uvlock": true },
                        { "model": "block/dark_oak_stairs/oak_stairs_inner1" ,  "weight": 1, "y": 90, "uvlock": true },
                        { "model": "block/dark_oak_stairs/oak_stairs_inner2" ,  "weight": 1, "y": 90, "uvlock": true },
                        { "model": "block/dark_oak_stairs/oak_stairs_inner3" ,  "weight": 4, "y": 90, "uvlock": true },
                        { "model": "block/dark_oak_stairs/oak_stairs_inner4" ,  "weight": 1 , "y": 90, "uvlock": true},
                        { "model": "block/dark_oak_stairs/oak_stairs_inner5",  "weight": 1  , "y": 90, "uvlock": true},
                        { "model": "block/dark_oak_stairs/oak_stairs_inner6" ,  "weight": 1 , "y": 90, "uvlock": true}],
        "facing=north,half=bottom,shape=inner_right": [
                        { "model": "block/dark_oak_stairs/oak_stairs_inner" ,   "weight": 4, "y": 270, "uvlock": true },
                        { "model": "block/dark_oak_stairs/oak_stairs_inner0" ,  "weight": 1, "y": 270, "uvlock": true },
                        { "model": "block/dark_oak_stairs/oak_stairs_inner1" ,  "weight": 1, "y": 270, "uvlock": true },
                        { "model": "block/dark_oak_stairs/oak_stairs_inner2" ,  "weight": 1, "y": 270, "uvlock": true },
                        { "model": "block/dark_oak_stairs/oak_stairs_inner3" ,  "weight": 4, "y": 270, "uvlock": true },
                        { "model": "block/dark_oak_stairs/oak_stairs_inner4" ,  "weight": 1 , "y": 270, "uvlock": true},
                        { "model": "block/dark_oak_stairs/oak_stairs_inner5",  "weight": 1  , "y": 270, "uvlock": true},
                        { "model": "block/dark_oak_stairs/oak_stairs_inner6" ,  "weight": 1 , "y": 270, "uvlock": true}],
        "facing=east,half=bottom,shape=inner_left": [
                        { "model": "block/dark_oak_stairs/oak_stairs_inner" ,   "weight": 4, "y": 270, "uvlock": true },
                        { "model": "block/dark_oak_stairs/oak_stairs_inner0" ,  "weight": 1, "y": 270, "uvlock": true },
                        { "model": "block/dark_oak_stairs/oak_stairs_inner1" ,  "weight": 1, "y": 270, "uvlock": true },
                        { "model": "block/dark_oak_stairs/oak_stairs_inner2" ,  "weight": 1, "y": 270, "uvlock": true },
                        { "model": "block/dark_oak_stairs/oak_stairs_inner3" ,  "weight": 4, "y": 270, "uvlock": true },
                        { "model": "block/dark_oak_stairs/oak_stairs_inner4" ,  "weight": 1 , "y": 270, "uvlock": true},
                        { "model": "block/dark_oak_stairs/oak_stairs_inner5",  "weight": 1  , "y": 270, "uvlock": true},
                        { "model": "block/dark_oak_stairs/oak_stairs_inner6" ,  "weight": 1 , "y": 270, "uvlock": true}],
        "facing=west,half=bottom,shape=inner_left": [
                        { "model": "block/dark_oak_stairs/oak_stairs_inner" ,   "weight": 4, "y": 90, "uvlock": true },
                        { "model": "block/dark_oak_stairs/oak_stairs_inner0" ,  "weight": 1, "y": 90, "uvlock": true },
                        { "model": "block/dark_oak_stairs/oak_stairs_inner1" ,  "weight": 1, "y": 90, "uvlock": true },
                        { "model": "block/dark_oak_stairs/oak_stairs_inner2" ,  "weight": 1, "y": 90, "uvlock": true },
                        { "model": "block/dark_oak_stairs/oak_stairs_inner3" ,  "weight": 4, "y": 90, "uvlock": true },
                        { "model": "block/dark_oak_stairs/oak_stairs_inner4" ,  "weight": 1 , "y": 90, "uvlock": true},
                        { "model": "block/dark_oak_stairs/oak_stairs_inner5",  "weight": 1  , "y": 90, "uvlock": true},
                        { "model": "block/dark_oak_stairs/oak_stairs_inner6" ,  "weight": 1 , "y": 90, "uvlock": true}],
        "facing=south,half=bottom,shape=inner_left": [
                        { "model": "block/dark_oak_stairs/oak_stairs_inner" ,   "weight": 4 , "uvlock": true },
                        { "model": "block/dark_oak_stairs/oak_stairs_inner0" ,  "weight": 1 , "uvlock": true },
                        { "model": "block/dark_oak_stairs/oak_stairs_inner1" ,  "weight": 1 , "uvlock": true },
                        { "model": "block/dark_oak_stairs/oak_stairs_inner2" ,  "weight": 1 , "uvlock": true },
                        { "model": "block/dark_oak_stairs/oak_stairs_inner3" ,  "weight": 4 , "uvlock": true },
                        { "model": "block/dark_oak_stairs/oak_stairs_inner4" ,  "weight": 1 , "uvlock": true },
                        { "model": "block/dark_oak_stairs/oak_stairs_inner5",  "weight": 1 , "uvlock": true  },
                        { "model": "block/dark_oak_stairs/oak_stairs_inner6" ,  "weight": 1 , "uvlock": true }],
        "facing=north,half=bottom,shape=inner_left": [
                        { "model": "block/dark_oak_stairs/oak_stairs_inner" ,   "weight": 4, "y": 180, "uvlock": true },
                        { "model": "block/dark_oak_stairs/oak_stairs_inner0" ,  "weight": 1, "y": 180, "uvlock": true },
                        { "model": "block/dark_oak_stairs/oak_stairs_inner1" ,  "weight": 1, "y": 180, "uvlock": true },
                        { "model": "block/dark_oak_stairs/oak_stairs_inner2" ,  "weight": 1, "y": 180, "uvlock": true },
                        { "model": "block/dark_oak_stairs/oak_stairs_inner3" ,  "weight": 4, "y": 180, "uvlock": true },
                        { "model": "block/dark_oak_stairs/oak_stairs_inner4" ,  "weight": 1 , "y": 180, "uvlock": true},
                        { "model": "block/dark_oak_stairs/oak_stairs_inner5",  "weight": 1  , "y": 180, "uvlock": true},
                        { "model": "block/dark_oak_stairs/oak_stairs_inner6" ,  "weight": 1 , "y": 180, "uvlock": true}],
        "facing=east,half=top,shape=straight": [
                        { "model": "block/dark_oak_stairs/oak_stairs" ,   "weight": 4 , "x": 180, "uvlock": true },
                        { "model": "block/dark_oak_stairs/oak_stairs0" ,  "weight": 1 , "x": 180, "uvlock": true },
                        { "model": "block/dark_oak_stairs/oak_stairs1" ,  "weight": 1, "x": 180, "uvlock": true  },
                        { "model": "block/dark_oak_stairs/oak_stairs2" ,  "weight": 1 , "x": 180, "uvlock": true },
                        { "model": "block/dark_oak_stairs/oak_stairs3" ,  "weight": 4, "x": 180, "uvlock": true  },
                        { "model": "block/dark_oak_stairs/oak_stairs4" ,  "weight": 1 , "x": 180, "uvlock": true },
                        { "model": "block/dark_oak_stairs/oak_stairs5",  "weight": 1  , "x": 180, "uvlock": true },
                        { "model": "block/dark_oak_stairs/oak_stairs6" ,  "weight": 1, "x": 180 , "uvlock": true }],
        "facing=west,half=top,shape=straight":  [
                        { "model": "block/dark_oak_stairs/oak_stairs" ,   "weight": 4, "y": 180, "uvlock": true , "x": 180},
                        { "model": "block/dark_oak_stairs/oak_stairs0" ,  "weight": 1, "y": 180, "uvlock": true , "x": 180},
                        { "model": "block/dark_oak_stairs/oak_stairs1" ,  "weight": 1, "y": 180, "uvlock": true , "x": 180},
                        { "model": "block/dark_oak_stairs/oak_stairs2" ,  "weight": 1, "y": 180, "uvlock": true , "x": 180},
                        { "model": "block/dark_oak_stairs/oak_stairs3" ,  "weight": 4 , "y": 180, "uvlock": true, "x": 180},
                        { "model": "block/dark_oak_stairs/oak_stairs4" ,  "weight": 1, "y": 180, "uvlock": true, "x": 180 },
                        { "model": "block/dark_oak_stairs/oak_stairs5",  "weight": 1 , "y": 180, "uvlock": true, "x": 180 },
                        { "model": "block/dark_oak_stairs/oak_stairs6" ,  "weight": 1, "y": 180, "uvlock": true , "x": 180}],
        "facing=south,half=top,shape=straight": [
                        { "model": "block/dark_oak_stairs/oak_stairs" ,   "weight": 4, "y": 90, "uvlock": true, "x": 180 },
                        { "model": "block/dark_oak_stairs/oak_stairs0" ,  "weight": 1, "y": 90, "uvlock": true , "x": 180},
                        { "model": "block/dark_oak_stairs/oak_stairs1" ,  "weight": 1, "y": 90, "uvlock": true, "x": 180 },
                        { "model": "block/dark_oak_stairs/oak_stairs2" ,  "weight": 1, "y": 90, "uvlock": true , "x": 180},
                        { "model": "block/dark_oak_stairs/oak_stairs3" ,  "weight": 4 , "y": 90, "uvlock": true, "x": 180},
                        { "model": "block/dark_oak_stairs/oak_stairs4" ,  "weight": 1, "y": 90, "uvlock": true, "x": 180 },
                        { "model": "block/dark_oak_stairs/oak_stairs5",  "weight": 1 , "y": 90, "uvlock": true, "x": 180 },
                        { "model": "block/dark_oak_stairs/oak_stairs6" ,  "weight": 1, "y": 90, "uvlock": true, "x": 180 }],
        "facing=north,half=top,shape=straight": [
                        { "model": "block/dark_oak_stairs/oak_stairs" ,   "weight": 4, "y": 270, "uvlock": true , "x": 180},
                        { "model": "block/dark_oak_stairs/oak_stairs0" ,  "weight": 1, "y": 270, "uvlock": true , "x": 180},
                        { "model": "block/dark_oak_stairs/oak_stairs1" ,  "weight": 1, "y": 270, "uvlock": true , "x": 180},
                        { "model": "block/dark_oak_stairs/oak_stairs2" ,  "weight": 1, "y": 270, "uvlock": true , "x": 180},
                        { "model": "block/dark_oak_stairs/oak_stairs3" ,  "weight": 4 , "y": 270, "uvlock": true, "x": 180},
                        { "model": "block/dark_oak_stairs/oak_stairs4" ,  "weight": 1, "y": 270, "uvlock": true, "x": 180 },
                        { "model": "block/dark_oak_stairs/oak_stairs5",  "weight": 1 , "y": 270, "uvlock": true, "x": 180 },
                        { "model": "block/dark_oak_stairs/oak_stairs6" ,  "weight": 1, "y": 270, "uvlock": true , "x": 180}],
        "facing=east,half=top,shape=outer_right":[
                        { "model": "block/dark_oak_stairs/oak_stairs_outer" ,   "weight": 4, "y": 90, "uvlock": true , "x": 180},
                        { "model": "block/dark_oak_stairs/oak_stairs_outer0" ,  "weight": 1, "y": 90, "uvlock": true, "x": 180 },
                        { "model": "block/dark_oak_stairs/oak_stairs_outer1" ,  "weight": 1, "y": 90, "uvlock": true , "x": 180},
                        { "model": "block/dark_oak_stairs/oak_stairs_outer2" ,  "weight": 1, "y": 90, "uvlock": true, "x": 180 },
                        { "model": "block/dark_oak_stairs/oak_stairs_outer3" ,  "weight": 4, "y": 90, "uvlock": true, "x": 180 },
                        { "model": "block/dark_oak_stairs/oak_stairs_outer4" ,  "weight": 1 , "y": 90, "uvlock": true, "x": 180},
                        { "model": "block/dark_oak_stairs/oak_stairs_outer5",  "weight": 1  , "y": 90, "uvlock": true, "x": 180},
                        { "model": "block/dark_oak_stairs/oak_stairs_outer6" ,  "weight": 1 , "y": 90, "uvlock": true, "x": 180}],
        "facing=west,half=top,shape=outer_right":[
                        { "model": "block/dark_oak_stairs/oak_stairs_outer" ,   "weight": 4, "y": 270, "uvlock": true , "x": 180},
                        { "model": "block/dark_oak_stairs/oak_stairs_outer0" ,  "weight": 1, "y": 270, "uvlock": true, "x": 180 },
                        { "model": "block/dark_oak_stairs/oak_stairs_outer1" ,  "weight": 1, "y": 270, "uvlock": true , "x": 180},
                        { "model": "block/dark_oak_stairs/oak_stairs_outer2" ,  "weight": 1, "y": 270, "uvlock": true, "x": 180 },
                        { "model": "block/dark_oak_stairs/oak_stairs_outer3" ,  "weight": 4, "y": 270, "uvlock": true, "x": 180 },
                        { "model": "block/dark_oak_stairs/oak_stairs_outer4" ,  "weight": 1 , "y": 270, "uvlock": true, "x": 180},
                        { "model": "block/dark_oak_stairs/oak_stairs_outer5",  "weight": 1  , "y": 270, "uvlock": true, "x": 180},
                        { "model": "block/dark_oak_stairs/oak_stairs_outer6" ,  "weight": 1 , "y": 270, "uvlock": true, "x": 180}],
        "facing=south,half=top,shape=outer_right":[
                        { "model": "block/dark_oak_stairs/oak_stairs_outer" ,   "weight": 4, "y": 180, "uvlock": true , "x": 180},
                        { "model": "block/dark_oak_stairs/oak_stairs_outer0" ,  "weight": 1, "y": 180, "uvlock": true, "x": 180 },
                        { "model": "block/dark_oak_stairs/oak_stairs_outer1" ,  "weight": 1, "y": 180, "uvlock": true , "x": 180},
                        { "model": "block/dark_oak_stairs/oak_stairs_outer2" ,  "weight": 1, "y": 180, "uvlock": true, "x": 180 },
                        { "model": "block/dark_oak_stairs/oak_stairs_outer3" ,  "weight": 4, "y": 180, "uvlock": true, "x": 180 },
                        { "model": "block/dark_oak_stairs/oak_stairs_outer4" ,  "weight": 1 , "y": 180, "uvlock": true, "x": 180},
                        { "model": "block/dark_oak_stairs/oak_stairs_outer5",  "weight": 1  , "y": 180, "uvlock": true, "x": 180},
                        { "model": "block/dark_oak_stairs/oak_stairs_outer6" ,  "weight": 1 , "y": 180, "uvlock": true, "x": 180}],
        "facing=north,half=top,shape=outer_right":[
                        { "model": "block/dark_oak_stairs/oak_stairs_outer" ,   "weight": 4, "uvlock": true , "x": 180},
                        { "model": "block/dark_oak_stairs/oak_stairs_outer0" ,  "weight": 1, "uvlock": true, "x": 180 },
                        { "model": "block/dark_oak_stairs/oak_stairs_outer1" ,  "weight": 1,  "uvlock": true , "x": 180},
                        { "model": "block/dark_oak_stairs/oak_stairs_outer2" ,  "weight": 1, "uvlock": true, "x": 180 },
                        { "model": "block/dark_oak_stairs/oak_stairs_outer3" ,  "weight": 4,  "uvlock": true, "x": 180 },
                        { "model": "block/dark_oak_stairs/oak_stairs_outer4" ,  "weight": 1 ,  "uvlock": true, "x": 180},
                        { "model": "block/dark_oak_stairs/oak_stairs_outer5",  "weight": 1  ,  "uvlock": true, "x": 180},
                        { "model": "block/dark_oak_stairs/oak_stairs_outer6" ,  "weight": 1 , "uvlock": true, "x": 180}],
        "facing=east,half=top,shape=outer_left": [
                        { "model": "block/dark_oak_stairs/oak_stairs_outer" ,   "weight": 4, "uvlock": true , "x": 180},
                        { "model": "block/dark_oak_stairs/oak_stairs_outer0" ,  "weight": 1, "uvlock": true, "x": 180 },
                        { "model": "block/dark_oak_stairs/oak_stairs_outer1" ,  "weight": 1,  "uvlock": true , "x": 180},
                        { "model": "block/dark_oak_stairs/oak_stairs_outer2" ,  "weight": 1, "uvlock": true, "x": 180 },
                        { "model": "block/dark_oak_stairs/oak_stairs_outer3" ,  "weight": 4,  "uvlock": true, "x": 180 },
                        { "model": "block/dark_oak_stairs/oak_stairs_outer4" ,  "weight": 1 ,  "uvlock": true, "x": 180},
                        { "model": "block/dark_oak_stairs/oak_stairs_outer5",  "weight": 1  ,  "uvlock": true, "x": 180},
                        { "model": "block/dark_oak_stairs/oak_stairs_outer6" ,  "weight": 1 , "uvlock": true, "x": 180}],
        "facing=west,half=top,shape=outer_left": [
                        { "model": "block/dark_oak_stairs/oak_stairs_outer" ,   "weight": 4, "y": 180, "uvlock": true , "x": 180},
                        { "model": "block/dark_oak_stairs/oak_stairs_outer0" ,  "weight": 1, "y": 180, "uvlock": true, "x": 180 },
                        { "model": "block/dark_oak_stairs/oak_stairs_outer1" ,  "weight": 1, "y": 180, "uvlock": true , "x": 180},
                        { "model": "block/dark_oak_stairs/oak_stairs_outer2" ,  "weight": 1, "y": 180, "uvlock": true, "x": 180 },
                        { "model": "block/dark_oak_stairs/oak_stairs_outer3" ,  "weight": 4, "y": 180, "uvlock": true, "x": 180 },
                        { "model": "block/dark_oak_stairs/oak_stairs_outer4" ,  "weight": 1 , "y": 180, "uvlock": true, "x": 180},
                        { "model": "block/dark_oak_stairs/oak_stairs_outer5",  "weight": 1  , "y": 180, "uvlock": true, "x": 180},
                        { "model": "block/dark_oak_stairs/oak_stairs_outer6" ,  "weight": 1 , "y": 180, "uvlock": true, "x": 180}],
        "facing=south,half=top,shape=outer_left":[
                        { "model": "block/dark_oak_stairs/oak_stairs_outer" ,   "weight": 4, "y": 90, "uvlock": true , "x": 180},
                        { "model": "block/dark_oak_stairs/oak_stairs_outer0" ,  "weight": 1, "y": 90, "uvlock": true, "x": 180 },
                        { "model": "block/dark_oak_stairs/oak_stairs_outer1" ,  "weight": 1, "y": 90, "uvlock": true , "x": 180},
                        { "model": "block/dark_oak_stairs/oak_stairs_outer2" ,  "weight": 1, "y": 90, "uvlock": true, "x": 180 },
                        { "model": "block/dark_oak_stairs/oak_stairs_outer3" ,  "weight": 4, "y": 90, "uvlock": true, "x": 180 },
                        { "model": "block/dark_oak_stairs/oak_stairs_outer4" ,  "weight": 1 , "y": 90, "uvlock": true, "x": 180},
                        { "model": "block/dark_oak_stairs/oak_stairs_outer5",  "weight": 1  , "y": 90, "uvlock": true, "x": 180},
                        { "model": "block/dark_oak_stairs/oak_stairs_outer6" ,  "weight": 1 , "y": 90, "uvlock": true, "x": 180}],
        "facing=north,half=top,shape=outer_left":[
                        { "model": "block/dark_oak_stairs/oak_stairs_outer" ,   "weight": 4, "y": 270, "uvlock": true , "x": 180},
                        { "model": "block/dark_oak_stairs/oak_stairs_outer0" ,  "weight": 1, "y": 270, "uvlock": true, "x": 180 },
                        { "model": "block/dark_oak_stairs/oak_stairs_outer1" ,  "weight": 1, "y": 270, "uvlock": true , "x": 180},
                        { "model": "block/dark_oak_stairs/oak_stairs_outer2" ,  "weight": 1, "y": 270, "uvlock": true, "x": 180 },
                        { "model": "block/dark_oak_stairs/oak_stairs_outer3" ,  "weight": 4, "y": 270, "uvlock": true, "x": 180 },
                        { "model": "block/dark_oak_stairs/oak_stairs_outer4" ,  "weight": 1 , "y": 270, "uvlock": true, "x": 180},
                        { "model": "block/dark_oak_stairs/oak_stairs_outer5",  "weight": 1  , "y": 270, "uvlock": true, "x": 180},
                        { "model": "block/dark_oak_stairs/oak_stairs_outer6" ,  "weight": 1 , "y": 270, "uvlock": true, "x": 180}],
        "facing=east,half=top,shape=inner_right": [
                        { "model": "block/dark_oak_stairs/oak_stairs_inner" ,   "weight": 4, "y": 90, "uvlock": true , "x": 180},
                        { "model": "block/dark_oak_stairs/oak_stairs_inner0" ,  "weight": 1, "y": 90, "uvlock": true, "x": 180 },
                        { "model": "block/dark_oak_stairs/oak_stairs_inner1" ,  "weight": 1, "y": 90, "uvlock": true , "x": 180},
                        { "model": "block/dark_oak_stairs/oak_stairs_inner2" ,  "weight": 1, "y": 90, "uvlock": true, "x": 180 },
                        { "model": "block/dark_oak_stairs/oak_stairs_inner3" ,  "weight": 4, "y": 90, "uvlock": true, "x": 180 },
                        { "model": "block/dark_oak_stairs/oak_stairs_inner4" ,  "weight": 1 , "y": 90, "uvlock": true, "x": 180},
                        { "model": "block/dark_oak_stairs/oak_stairs_inner5",  "weight": 1  , "y": 90, "uvlock": true, "x": 180},
                        { "model": "block/dark_oak_stairs/oak_stairs_inner6" ,  "weight": 1 , "y": 90, "uvlock": true, "x": 180}],
        "facing=west,half=top,shape=inner_right": [
                        { "model": "block/dark_oak_stairs/oak_stairs_inner" ,   "weight": 4, "y": 270, "uvlock": true , "x": 180},
                        { "model": "block/dark_oak_stairs/oak_stairs_inner0" ,  "weight": 1, "y": 270, "uvlock": true, "x": 180 },
                        { "model": "block/dark_oak_stairs/oak_stairs_inner1" ,  "weight": 1, "y": 270, "uvlock": true , "x": 180},
                        { "model": "block/dark_oak_stairs/oak_stairs_inner2" ,  "weight": 1, "y": 270, "uvlock": true, "x": 180 },
                        { "model": "block/dark_oak_stairs/oak_stairs_inner3" ,  "weight": 4, "y": 270, "uvlock": true, "x": 180 },
                        { "model": "block/dark_oak_stairs/oak_stairs_inner4" ,  "weight": 1 , "y": 270, "uvlock": true, "x": 180},
                        { "model": "block/dark_oak_stairs/oak_stairs_inner5",  "weight": 1  , "y": 270, "uvlock": true, "x": 180},
                        { "model": "block/dark_oak_stairs/oak_stairs_inner6" ,  "weight": 1 , "y": 270, "uvlock": true, "x": 180}],
        "facing=south,half=top,shape=inner_right":[
                        { "model": "block/dark_oak_stairs/oak_stairs_inner" ,   "weight": 4, "y": 180, "uvlock": true , "x": 180},
                        { "model": "block/dark_oak_stairs/oak_stairs_inner0" ,  "weight": 1, "y": 180, "uvlock": true, "x": 180 },
                        { "model": "block/dark_oak_stairs/oak_stairs_inner1" ,  "weight": 1, "y": 180, "uvlock": true , "x": 180},
                        { "model": "block/dark_oak_stairs/oak_stairs_inner2" ,  "weight": 1, "y": 180, "uvlock": true, "x": 180 },
                        { "model": "block/dark_oak_stairs/oak_stairs_inner3" ,  "weight": 4, "y": 180, "uvlock": true, "x": 180 },
                        { "model": "block/dark_oak_stairs/oak_stairs_inner4" ,  "weight": 1 , "y": 180, "uvlock": true, "x": 180},
                        { "model": "block/dark_oak_stairs/oak_stairs_inner5",  "weight": 1  , "y": 180, "uvlock": true, "x": 180},
                        { "model": "block/dark_oak_stairs/oak_stairs_inner6" ,  "weight": 1 , "y": 180, "uvlock": true, "x": 180}],
        "facing=north,half=top,shape=inner_right": [
                        { "model": "block/dark_oak_stairs/oak_stairs_inner" ,   "weight": 4, "uvlock": true , "x": 180},
                        { "model": "block/dark_oak_stairs/oak_stairs_inner0" ,  "weight": 1, "uvlock": true, "x": 180 },
                        { "model": "block/dark_oak_stairs/oak_stairs_inner1" ,  "weight": 1,  "uvlock": true , "x": 180},
                        { "model": "block/dark_oak_stairs/oak_stairs_inner2" ,  "weight": 1, "uvlock": true, "x": 180 },
                        { "model": "block/dark_oak_stairs/oak_stairs_inner3" ,  "weight": 4,  "uvlock": true, "x": 180 },
                        { "model": "block/dark_oak_stairs/oak_stairs_inner4" ,  "weight": 1 ,  "uvlock": true, "x": 180},
                        { "model": "block/dark_oak_stairs/oak_stairs_inner5",  "weight": 1  ,  "uvlock": true, "x": 180},
                        { "model": "block/dark_oak_stairs/oak_stairs_inner6" ,  "weight": 1 , "uvlock": true, "x": 180}],
        "facing=east,half=top,shape=inner_left": [
                        { "model": "block/dark_oak_stairs/oak_stairs_inner" ,   "weight": 4, "uvlock": true , "x": 180},
                        { "model": "block/dark_oak_stairs/oak_stairs_inner0" ,  "weight": 1, "uvlock": true, "x": 180 },
                        { "model": "block/dark_oak_stairs/oak_stairs_inner1" ,  "weight": 1,  "uvlock": true , "x": 180},
                        { "model": "block/dark_oak_stairs/oak_stairs_inner2" ,  "weight": 1, "uvlock": true, "x": 180 },
                        { "model": "block/dark_oak_stairs/oak_stairs_inner3" ,  "weight": 4,  "uvlock": true, "x": 180 },
                        { "model": "block/dark_oak_stairs/oak_stairs_inner4" ,  "weight": 1 ,  "uvlock": true, "x": 180},
                        { "model": "block/dark_oak_stairs/oak_stairs_inner5",  "weight": 1  ,  "uvlock": true, "x": 180},
                        { "model": "block/dark_oak_stairs/oak_stairs_inner6" ,  "weight": 1 , "uvlock": true, "x": 180}],
        "facing=west,half=top,shape=inner_left":  [
                        { "model": "block/dark_oak_stairs/oak_stairs_inner" ,   "weight": 4, "y": 180, "uvlock": true , "x": 180},
                        { "model": "block/dark_oak_stairs/oak_stairs_inner0" ,  "weight": 1, "y": 180, "uvlock": true, "x": 180 },
                        { "model": "block/dark_oak_stairs/oak_stairs_inner1" ,  "weight": 1, "y": 180, "uvlock": true , "x": 180},
                        { "model": "block/dark_oak_stairs/oak_stairs_inner2" ,  "weight": 1, "y": 180, "uvlock": true, "x": 180 },
                        { "model": "block/dark_oak_stairs/oak_stairs_inner3" ,  "weight": 4, "y": 180, "uvlock": true, "x": 180 },
                        { "model": "block/dark_oak_stairs/oak_stairs_inner4" ,  "weight": 1 , "y": 180, "uvlock": true, "x": 180},
                        { "model": "block/dark_oak_stairs/oak_stairs_inner5",  "weight": 1  , "y": 180, "uvlock": true, "x": 180},
                        { "model": "block/dark_oak_stairs/oak_stairs_inner6" ,  "weight": 1 , "y": 180, "uvlock": true, "x": 180}],
        "facing=south,half=top,shape=inner_left": [
                        { "model": "block/dark_oak_stairs/oak_stairs_inner" ,   "weight": 4, "y": 90, "uvlock": true , "x": 180},
                        { "model": "block/dark_oak_stairs/oak_stairs_inner0" ,  "weight": 1, "y": 90, "uvlock": true, "x": 180 },
                        { "model": "block/dark_oak_stairs/oak_stairs_inner1" ,  "weight": 1, "y": 90, "uvlock": true , "x": 180},
                        { "model": "block/dark_oak_stairs/oak_stairs_inner2" ,  "weight": 1, "y": 90, "uvlock": true, "x": 180 },
                        { "model": "block/dark_oak_stairs/oak_stairs_inner3" ,  "weight": 4, "y": 90, "uvlock": true, "x": 180 },
                        { "model": "block/dark_oak_stairs/oak_stairs_inner4" ,  "weight": 1 , "y": 90, "uvlock": true, "x": 180},
                        { "model": "block/dark_oak_stairs/oak_stairs_inner5",  "weight": 1  , "y": 90, "uvlock": true, "x": 180},
                        { "model": "block/dark_oak_stairs/oak_stairs_inner6" ,  "weight": 1 , "y": 90, "uvlock": true, "x": 180}],
        "facing=north,half=top,shape=inner_left":[
                        { "model": "block/dark_oak_stairs/oak_stairs_inner" ,   "weight": 4, "y": 270, "uvlock": true , "x": 180},
                        { "model": "block/dark_oak_stairs/oak_stairs_inner0" ,  "weight": 1, "y": 270, "uvlock": true, "x": 180 },
                        { "model": "block/dark_oak_stairs/oak_stairs_inner1" ,  "weight": 1, "y": 270, "uvlock": true , "x": 180},
                        { "model": "block/dark_oak_stairs/oak_stairs_inner2" ,  "weight": 1, "y": 270, "uvlock": true, "x": 180 },
                        { "model": "block/dark_oak_stairs/oak_stairs_inner3" ,  "weight": 4, "y": 270, "uvlock": true, "x": 180 },
                        { "model": "block/dark_oak_stairs/oak_stairs_inner4" ,  "weight": 1 , "y": 270, "uvlock": true, "x": 180},
                        { "model": "block/dark_oak_stairs/oak_stairs_inner5",  "weight": 1  , "y": 270, "uvlock": true, "x": 180},
                        { "model": "block/dark_oak_stairs/oak_stairs_inner6" ,  "weight": 1 , "y": 270, "uvlock": true, "x": 180}]
    }
}
