{
    "variants": {
        "power=0": { "model": "block/cyan_carpet" , "y": 90},
        "power=1": { "model": "block/cyan_carpet" , "y": 90},
        "power=2": { "model": "block/cyan_carpet" , "y": 90},
        "power=3": { "model": "block/cyan_carpet" , "y": 90},
        "power=4": { "model": "block/cyan_carpet" , "y": 90},
        "power=5": { "model": "block/cyan_carpet" , "y": 90},
        "power=6": { "model": "block/cyan_carpet" , "y": 90},
        "power=7": { "model": "block/cyan_carpet" , "y": 90},
        "power=8": { "model": "block/cyan_carpet" , "y": 90},
        "power=9": { "model": "block/cyan_carpet" , "y": 90},
        "power=10": { "model": "block/cyan_carpet" , "y": 90},
        "power=11": { "model": "block/cyan_carpet" , "y": 90},
        "power=12": { "model": "block/cyan_carpet" , "y": 90},
        "power=13": { "model": "block/cyan_carpet" , "y": 90},
        "power=14": { "model": "block/cyan_carpet" , "y": 90},
        "power=15": { "model": "block/cyan_carpet" , "y": 90}
    }
}
