{
    "variants": {
        "type=bottom": [{ "model": "block/spruce_slabs/spruce_slab" ,   "weight": 5 },
                        { "model": "block/spruce_slabs/spruce_slab0" ,  "weight": 1 },
                        { "model": "block/spruce_slabs/spruce_slab1" ,  "weight": 1 },
                        { "model": "block/spruce_slabs/spruce_slab2" ,  "weight": 1 },
                        { "model": "block/spruce_slabs/spruce_slab3" ,  "weight": 1 },
                        { "model": "block/mspruce_slabs/spruce_slab" ,  "weight": 5 },
                        { "model": "block/mspruce_slabs/spruce_slab0",  "weight": 1  },
                        { "model": "block/mspruce_slabs/spruce_slab1" ,  "weight": 1 },
                        { "model": "block/mspruce_slabs/spruce_slab2" ,  "weight": 1 },
                        { "model": "block/mspruce_slabs/spruce_slab3" ,  "weight": 1 }
                        ],
        "type=top": [{ "model": "block/spruce_slabs/spruce_slab_top" ,   "weight": 5 },
                        { "model": "block/spruce_slabs/spruce_slab_top0" ,  "weight": 1 },
                        { "model": "block/spruce_slabs/spruce_slab_top1" ,  "weight": 1 },
                        { "model": "block/spruce_slabs/spruce_slab_top2" ,  "weight": 1 },
                        { "model": "block/spruce_slabs/spruce_slab_top3" ,  "weight": 1 },
                        { "model": "block/mspruce_slabs/spruce_slab_top" ,  "weight": 5 },
                        { "model": "block/mspruce_slabs/spruce_slab_top0",  "weight": 1  },
                        { "model": "block/mspruce_slabs/spruce_slab_top1" ,  "weight": 1 },
                        { "model": "block/mspruce_slabs/spruce_slab_top2",  "weight": 1  },
                        { "model": "block/mspruce_slabs/spruce_slab_top3" ,  "weight": 1 }
                        ],
        "type=double": [{ "model": "block/alternate_spruce_oak/1",   "weight": 5  },
                        { "model": "block/alternate_spruce_oak/2",  "weight": 1  },
                        { "model": "block/alternate_spruce_oak/3",  "weight": 1  },
                        { "model": "block/alternate_spruce_oak/4",  "weight": 1  },
                        { "model": "block/alternate_spruce_oak/5",  "weight": 1  },
                        { "model": "block/alternate_spruce_oak/m1",   "weight": 5  },
                        { "model": "block/alternate_spruce_oak/m2",  "weight": 1  },
                        { "model": "block/alternate_spruce_oak/m3",  "weight": 1  },
                        { "model": "block/alternate_spruce_oak/m4",  "weight": 1  },
                        { "model": "block/alternate_spruce_oak/m5",  "weight": 1  }]
    }
}
