{"textures":{"0":"block/ladder","particle":"block/ladder"},"elements":[{"from":[2.5,1.5,14.5],"to":[3.5,2.5,15],"faces":{"north":{"uv":[3,0,4,1],"texture":"#0"},"east":{"uv":[3,0,4,1],"texture":"#0"},"west":{"uv":[3,0,4,1],"texture":"#0"},"up":{"uv":[3,0,4,1],"texture":"#0"},"down":{"uv":[3,0,4,1],"texture":"#0"}}},{"from":[12.5,1.5,14.5],"to":[13.5,2.5,15],"faces":{"north":{"uv":[3,0,4,1],"texture":"#0"},"east":{"uv":[3,0,4,1],"texture":"#0"},"west":{"uv":[3,0,4,1],"texture":"#0"},"up":{"uv":[3,0,4,1],"texture":"#0"},"down":{"uv":[3,0,4,1],"texture":"#0"}}},{"from":[12.5,5.5,14.5],"to":[13.5,6.5,15],"faces":{"north":{"uv":[3,0,4,1],"texture":"#0"},"east":{"uv":[3,0,4,1],"texture":"#0"},"west":{"uv":[3,0,4,1],"texture":"#0"},"up":{"uv":[3,0,4,1],"texture":"#0"},"down":{"uv":[3,0,4,1],"texture":"#0"}}},{"from":[2.5,5.5,14.5],"to":[3.5,6.5,15],"faces":{"north":{"uv":[3,0,4,1],"texture":"#0"},"east":{"uv":[3,0,4,1],"texture":"#0"},"west":{"uv":[3,0,4,1],"texture":"#0"},"up":{"uv":[3,0,4,1],"texture":"#0"},"down":{"uv":[3,0,4,1],"texture":"#0"}}},{"from":[2.5,9.5,14.5],"to":[3.5,10.5,15],"faces":{"north":{"uv":[3,0,4,1],"texture":"#0"},"east":{"uv":[3,0,4,1],"texture":"#0"},"west":{"uv":[3,0,4,1],"texture":"#0"},"up":{"uv":[3,0,4,1],"texture":"#0"},"down":{"uv":[3,0,4,1],"texture":"#0"}}},{"from":[12.5,9.5,14.5],"to":[13.5,10.5,15],"faces":{"north":{"uv":[3,0,4,1],"texture":"#0"},"east":{"uv":[3,0,4,1],"texture":"#0"},"west":{"uv":[3,0,4,1],"texture":"#0"},"up":{"uv":[3,0,4,1],"texture":"#0"},"down":{"uv":[3,0,4,1],"texture":"#0"}}},{"from":[12.5,13.5,14.5],"to":[13.5,14.5,15],"faces":{"north":{"uv":[3,0,4,1],"texture":"#0"},"east":{"uv":[3,0,4,1],"texture":"#0"},"west":{"uv":[3,0,4,1],"texture":"#0"},"up":{"uv":[3,0,4,1],"texture":"#0"},"down":{"uv":[3,0,4,1],"texture":"#0"}}},{"from":[2.5,13.5,14.5],"to":[3.5,14.5,15],"faces":{"north":{"uv":[3,0,4,1],"texture":"#0"},"east":{"uv":[3,0,4,1],"texture":"#0"},"west":{"uv":[3,0,4,1],"texture":"#0"},"up":{"uv":[3,0,4,1],"texture":"#0"},"down":{"uv":[3,0,4,1],"texture":"#0"}}},{"from":[1,1,15],"to":[5,2,16],"faces":{"north":{"uv":[11,14,15,15],"texture":"#0"},"east":{"uv":[0,14,1,15],"texture":"#0"},"south":{"uv":[1,14,5,15],"texture":"#0"},"west":{"uv":[15,14,16,15],"texture":"#0"},"down":{"uv":[1,0,5,1],"texture":"#0"}}},{"from":[1,2,15],"to":[7,3,16],"faces":{"north":{"uv":[9,13,15,14],"texture":"#0"},"east":{"uv":[0,13,1,14],"texture":"#0"},"south":{"uv":[1,13,7,14],"texture":"#0"},"west":{"uv":[15,13,16,14],"texture":"#0"},"up":{"uv":[1,15,7,16],"texture":"#0"},"down":{"uv":[1,0,7,1],"texture":"#0"}}},{"from":[1,5,15],"to":[15,6,16],"faces":{"north":{"uv":[1,10,15,11],"texture":"#0"},"east":{"uv":[0,10,1,11],"texture":"#0"},"south":{"uv":[1,10,15,11],"texture":"#0"},"west":{"uv":[15,10,16,11],"texture":"#0"},"up":{"uv":[1,15,15,16],"texture":"#0"},"down":{"uv":[1,0,15,1],"texture":"#0"}}},{"from":[1,6,15],"to":[6,7,16],"faces":{"north":{"uv":[10,9,15,10],"texture":"#0"},"east":{"uv":[0,9,1,10],"texture":"#0"},"south":{"uv":[1,9,6,10],"texture":"#0"},"west":{"uv":[15,9,16,10],"texture":"#0"},"up":{"uv":[1,15,6,16],"texture":"#0"}}},{"from":[1,9,15],"to":[4,10,16],"faces":{"north":{"uv":[12,6,15,7],"texture":"#0"},"east":{"uv":[0,6,1,7],"texture":"#0"},"south":{"uv":[1,6,4,7],"texture":"#0"},"west":{"uv":[15,6,16,7],"texture":"#0"},"down":{"uv":[1,0,4,1],"texture":"#0"}}},{"from":[1,10,15],"to":[15,11,16],"faces":{"north":{"uv":[1,5,15,6],"texture":"#0"},"east":{"uv":[0,5,1,6],"texture":"#0"},"south":{"uv":[1,5,15,6],"texture":"#0"},"west":{"uv":[15,5,16,6],"texture":"#0"},"up":{"uv":[1,15,15,16],"texture":"#0"},"down":{"uv":[1,0,15,1],"texture":"#0"}}},{"from":[9,13,15],"to":[15,14,16],"faces":{"north":{"uv":[1,2,7,3],"texture":"#0"},"east":{"uv":[0,2,1,3],"texture":"#0"},"south":{"uv":[9,2,15,3],"texture":"#0"},"down":{"uv":[9,0,15,1],"texture":"#0"}}},{"from":[1,14,15],"to":[15,15,16],"faces":{"north":{"uv":[1,1,15,2],"texture":"#0"},"east":{"uv":[0,1,1,2],"texture":"#0"},"south":{"uv":[1,1,15,2],"texture":"#0"},"west":{"uv":[15,1,16,2],"texture":"#0"},"up":{"uv":[1,15,15,16],"texture":"#0"}}},{"from":[9,1,15],"to":[15,2,16],"faces":{"north":{"uv":[1,14,7,15],"texture":"#0"},"east":{"uv":[0,14,1,15],"texture":"#0"},"south":{"uv":[9,14,15,15],"texture":"#0"},"west":{"uv":[15,14,16,15],"texture":"#0"},"down":{"uv":[9,0,15,1],"texture":"#0"}}},{"from":[8,2,15],"to":[15,3,16],"faces":{"north":{"uv":[1,13,8,14],"texture":"#0"},"east":{"uv":[0,13,1,14],"texture":"#0"},"south":{"uv":[8,13,15,14],"texture":"#0"},"west":{"uv":[15,13,16,14],"texture":"#0"},"up":{"uv":[8,15,15,16],"texture":"#0"},"down":{"uv":[8,0,15,1],"texture":"#0"}}},{"from":[9,6,15],"to":[15,7,16],"faces":{"north":{"uv":[1,9,7,10],"texture":"#0"},"east":{"uv":[0,9,1,10],"texture":"#0"},"south":{"uv":[9,9,15,10],"texture":"#0"},"west":{"uv":[15,9,16,10],"texture":"#0"},"up":{"uv":[9,15,15,16],"texture":"#0"}}},{"from":[1,13,15],"to":[9,14,16],"faces":{"north":{"uv":[7,2,15,3],"texture":"#0"},"south":{"uv":[1,2,9,3],"texture":"#0"},"west":{"uv":[15,2,16,3],"texture":"#0"},"down":{"uv":[1,0,9,1],"texture":"#0"}}},{"from":[6,9,15],"to":[10,10,16],"faces":{"north":{"uv":[6,6,10,7],"texture":"#0"},"east":{"uv":[0,6,1,7],"texture":"#0"},"south":{"uv":[6,6,10,7],"texture":"#0"},"west":{"uv":[15,6,16,7],"texture":"#0"},"down":{"uv":[6,0,10,1],"texture":"#0"}}},{"from":[11,9,15],"to":[15,10,16],"faces":{"north":{"uv":[1,6,5,7],"texture":"#0"},"east":{"uv":[0,6,1,7],"texture":"#0"},"south":{"uv":[11,6,15,7],"texture":"#0"},"west":{"uv":[15,6,16,7],"texture":"#0"},"down":{"uv":[11,0,15,1],"texture":"#0"}}}]}
