{"textures":{"0":"faust/title","2":"faust/pages","3":"faust/green","particle":"faust/green"},"elements":[{"from":[4,0,3],"to":[12,1,13],"rotation":{"angle":-22.5,"axis":"y","origin":[8.5,2.5,9.5]},"faces":{"north":{"uv":[9.2,2,10.8,2.2],"texture":"#3"},"east":{"uv":[7.2,2,9.2,2.2],"texture":"#3"},"south":{"uv":[12.8,2,14.4,2.2],"texture":"#3"},"west":{"uv":[10.8,2,12.8,2.2],"texture":"#3"},"up":{"uv":[10.8,2,9.2,0],"texture":"#3"},"down":{"uv":[12.4,0,10.8,2],"texture":"#3"}}},{"from":[11.5,0.5,3],"to":[12.5,3,13],"rotation":{"angle":-22.5,"axis":"y","origin":[8.5,2.5,9.5]},"faces":{"north":{"uv":[2,4.2,2.2,4.6],"texture":"#3"},"east":{"uv":[0,4.2,2,4.6],"texture":"#3"},"south":{"uv":[4.2,4.2,4.4,4.6],"texture":"#3"},"west":{"uv":[2.2,4.2,4.2,4.6],"texture":"#3"},"up":{"uv":[2.2,4.2,2,2.2],"texture":"#3"},"down":{"uv":[2.4,2.2,2.2,4.2],"texture":"#3"}}},{"from":[4,2.5,3],"to":[12,3.5,13],"rotation":{"angle":-22.5,"axis":"y","origin":[8.5,2.5,9.5]},"faces":{"north":{"uv":[2,2,3.6,2.2],"texture":"#3"},"east":{"uv":[0,2,2,2.2],"texture":"#3"},"south":{"uv":[5.6,2,7.2,2.2],"texture":"#3"},"west":{"uv":[3.6,2,5.6,2.2],"texture":"#3"},"up":{"uv":[3.6,2,2,0],"texture":"#3"},"down":{"uv":[5.2,0,3.6,2],"texture":"#3"}}},{"from":[4.5,1,3.5],"to":[11.5,2.5,12.5],"rotation":{"angle":-22.5,"axis":"y","origin":[8.5,2.5,9.5]},"faces":{"north":{"uv":[4.5,4.5,8,5.5],"texture":"#2"},"south":{"uv":[12.5,4.5,16,5.5],"texture":"#2"},"west":{"uv":[8,4.5,12.5,5.5],"texture":"#2"}}},{"from":[6,3.5,8.4],"to":[10,3.51,12.4],"rotation":{"angle":-22.5,"axis":"y","origin":[8.5,2.5,9.5]},"faces":{"up":{"uv":[0,0,16,16],"rotation":180,"texture":"#0"}}},{"from":[5.75,3.25,8.75],"to":[6,3.75,12.25],"rotation":{"angle":-22.5,"axis":"y","origin":[8.5,2.5,9.5]},"faces":{"north":{"uv":[3.5,0.4,3.6,0.5],"texture":"#3"},"east":{"uv":[3.5,0.4,3.6,0.5],"texture":"#3"},"south":{"uv":[3.5,0.4,3.6,0.5],"texture":"#3"},"west":{"uv":[3.5,0.4,3.6,0.5],"texture":"#3"},"up":{"uv":[3.5,0.4,3.6,0.5],"texture":"#3"}}},{"from":[10,3.25,8.75],"to":[10.25,3.75,12.25],"rotation":{"angle":-22.5,"axis":"y","origin":[8.5,2.5,9.5]},"faces":{"north":{"uv":[3.5,0.4,3.6,0.5],"texture":"#3"},"east":{"uv":[3.5,0.4,3.6,0.5],"texture":"#3"},"south":{"uv":[3.5,0.4,3.6,0.5],"texture":"#3"},"west":{"uv":[3.5,0.4,3.6,0.5],"texture":"#3"},"up":{"uv":[3.5,0.4,3.6,0.5],"texture":"#3"}}},{"from":[6,3.25,12],"to":[10,3.75,12.25],"rotation":{"angle":-22.5,"axis":"y","origin":[8.5,2.5,9.5]},"faces":{"north":{"uv":[3.5,0.4,3.6,0.5],"texture":"#3"},"south":{"uv":[3.5,0.4,3.6,0.5],"texture":"#3"},"up":{"uv":[3.5,0.4,3.6,0.5],"texture":"#3"}}},{"from":[6,3.25,8.75],"to":[10,3.75,9],"rotation":{"angle":-22.5,"axis":"y","origin":[8.5,2.5,9.5]},"faces":{"north":{"uv":[3.5,0.4,3.6,0.5],"texture":"#3"},"south":{"uv":[3.5,0.4,3.6,0.5],"texture":"#3"},"up":{"uv":[3.5,0.4,3.6,0.5],"texture":"#3"}}}]}