{"textures":{"0":"dungoen/alice","1":"block/bone_block_side","3":"block/green_shulker_box","particle":"dungoen/alice"},"elements":[{"from":[5,0,4],"to":[11.5,1,13],"rotation":{"angle":22.5,"axis":"y","origin":[8,8,8]},"faces":{"north":{"uv":[0,0,6.5,1],"texture":"#3"},"east":{"uv":[0,0,9,1],"texture":"#3"},"south":{"uv":[6,3,12.5,4],"texture":"#3"},"west":{"uv":[0,0,9,1],"texture":"#3"},"up":{"uv":[0,0,6.5,9],"texture":"#3"},"down":{"uv":[0,0,6.5,9],"texture":"#3"}}},{"from":[5,2.5,4],"to":[11.5,3.5,13],"rotation":{"angle":22.5,"axis":"y","origin":[8,8,8]},"faces":{"north":{"uv":[0,0,6.5,1],"texture":"#3"},"east":{"uv":[0,0,9,1],"texture":"#3"},"south":{"uv":[9,3,15.5,4],"texture":"#3"},"west":{"uv":[0,0,9,1],"texture":"#3"},"up":{"uv":[0,3,12.5,13],"texture":"#3"},"down":{"uv":[0,0,6.5,9],"texture":"#3"}}},{"from":[4.75,0.5,4],"to":[5.75,3.25,13],"rotation":{"angle":22.5,"axis":"y","origin":[8,8,8]},"faces":{"north":{"uv":[0,0,1,2.75],"texture":"#3"},"east":{"uv":[0,0,9,2.75],"texture":"#3"},"south":{"uv":[7,3,13.5,4],"texture":"#3"},"west":{"uv":[0,0,9,2.75],"texture":"#3"},"up":{"uv":[0,0,1,9],"texture":"#3"},"down":{"uv":[0,0,1,9],"texture":"#3"}}},{"from":[5.75,1,4.25],"to":[11.25,1.25,12.75],"rotation":{"angle":22.5,"axis":"y","origin":[8,8,8]},"faces":{"north":{"uv":[0,0,5.5,0.25],"texture":"#1"},"east":{"uv":[0,0,8.5,0.25],"texture":"#1"},"south":{"uv":[0,0,5.5,0.25],"texture":"#1"}}},{"from":[6.25,3.4,5],"to":[10.75,3.65,5.25],"rotation":{"angle":22.5,"axis":"y","origin":[8,8,8]},"faces":{"north":{"uv":[0,0,6.5,1],"texture":"#3"},"east":{"uv":[0,0,9,1],"texture":"#3"},"south":{"uv":[9,3,15.5,4],"texture":"#3"},"west":{"uv":[0,0,9,1],"texture":"#3"},"up":{"uv":[5,3,12.5,13],"texture":"#3"}}},{"from":[6.25,3.4,7.75],"to":[10.75,3.65,8],"rotation":{"angle":22.5,"axis":"y","origin":[8,8,8]},"faces":{"north":{"uv":[0,0,6.5,1],"texture":"#3"},"east":{"uv":[0,0,9,1],"texture":"#3"},"south":{"uv":[9,3,15.5,4],"texture":"#3"},"west":{"uv":[0,0,9,1],"texture":"#3"},"up":{"uv":[5,3,12.5,13],"texture":"#3"}}},{"from":[6.25,3.4,5.25],"to":[6.5,3.65,7.75],"rotation":{"angle":22.5,"axis":"y","origin":[8,8,8]},"faces":{"east":{"uv":[0,0,9,1],"texture":"#3"},"west":{"uv":[0,0,9,1],"texture":"#3"},"up":{"uv":[5,3,12.5,13],"texture":"#3"}}},{"from":[10.5,3.4,5.25],"to":[10.75,3.65,7.75],"rotation":{"angle":22.5,"axis":"y","origin":[8,8,8]},"faces":{"east":{"uv":[0,0,9,1],"texture":"#3"},"west":{"uv":[0,0,9,1],"texture":"#3"},"up":{"uv":[5,3,12.5,13],"texture":"#3"}}},{"from":[6.5,3.56,5.25],"to":[10.5,3.56,7.75],"rotation":{"angle":22.5,"axis":"y","origin":[8,8,8]},"faces":{"up":{"uv":[0,3,16,13],"texture":"#0"},"down":{"uv":[0,0,6.5,9],"texture":"#0"}}},{"from":[5.75,1.25,4.25],"to":[11.25,1.5,12.75],"rotation":{"angle":22.5,"axis":"y","origin":[8,8,8]},"faces":{"north":{"uv":[0,0,5.5,0.25],"texture":"#1"},"east":{"uv":[0,0,8.5,0.25],"texture":"#1"},"south":{"uv":[0,0,5.5,0.25],"texture":"#1"}}},{"from":[5.75,1.5,4.25],"to":[11.25,1.75,12.75],"rotation":{"angle":22.5,"axis":"y","origin":[8,8,8]},"faces":{"north":{"uv":[0,0,5.5,0.25],"texture":"#1"},"east":{"uv":[0,0,8.5,0.25],"texture":"#1"},"south":{"uv":[0,0,5.5,0.25],"texture":"#1"}}},{"from":[5.75,2.25,4.25],"to":[11.25,2.5,12.75],"rotation":{"angle":22.5,"axis":"y","origin":[8,8,8]},"faces":{"north":{"uv":[0,0,5.5,0.25],"texture":"#1"},"east":{"uv":[0,0,8.5,0.25],"texture":"#1"},"south":{"uv":[0,0,5.5,0.25],"texture":"#1"}}},{"from":[5.75,2,4.25],"to":[11.25,2.25,12.75],"rotation":{"angle":22.5,"axis":"y","origin":[8,8,8]},"faces":{"north":{"uv":[0,0,5.5,0.25],"texture":"#1"},"east":{"uv":[0,0,8.5,0.25],"texture":"#1"},"south":{"uv":[0,0,5.5,0.25],"texture":"#1"}}},{"from":[5.75,1.75,4.25],"to":[11.25,2,12.75],"rotation":{"angle":22.5,"axis":"y","origin":[8,8,8]},"faces":{"north":{"uv":[0,0,5.5,0.25],"texture":"#1"},"east":{"uv":[0,0,8.5,0.25],"texture":"#1"},"south":{"uv":[0,0,5.5,0.25],"texture":"#1"}}},{"from":[6.5,3.4,5.25],"to":[10.5,3.55,7.75],"rotation":{"angle":22.5,"axis":"y","origin":[8,8,8]},"faces":{"up":{"uv":[5,3,12.5,13],"texture":"#1"}}}]}