{"textures":{"book":"book5/book","particle":"book5/book","sides":"book5/sides","title":"book5/title_alice_in_wonderland"},"elements":[{"from":[6.25,0,0.25],"to":[15.75,0.5,13.25],"rotation":{"angle":-22.5,"axis":"y","origin":[6.25,0,0.25]},"faces":{"north":{"uv":[9.5,0,0,0.5],"texture":"#book"},"east":{"uv":[9,0,9.5,13],"rotation":90,"texture":"#book"},"south":{"uv":[0,12.5,9.5,13],"texture":"#book"},"west":{"uv":[0,0,0.5,13],"rotation":90,"texture":"#book"},"up":{"uv":[0,0,9.5,13],"texture":"#book"},"down":{"uv":[0,0,9.5,13],"texture":"#book"}}},{"from":[6.25,4.5,0.25],"to":[15.75,5,13.25],"rotation":{"angle":-22.5,"axis":"y","origin":[6.25,0,0.25]},"faces":{"north":{"uv":[9.5,0,0,0.5],"texture":"#book"},"east":{"uv":[9,0,9.5,13],"rotation":90,"texture":"#book"},"south":{"uv":[0,12.5,9.5,13],"texture":"#book"},"west":{"uv":[0,0,0.5,13],"rotation":90,"texture":"#book"},"up":{"uv":[0,0,9.5,13],"texture":"#book"},"down":{"uv":[0,0,9.5,13],"texture":"#book"}}},{"from":[6.25,0.5,0.75],"to":[15.25,4.5,12.75],"rotation":{"angle":-22.5,"axis":"y","origin":[6.25,0,0.25]},"faces":{"north":{"uv":[0,12,9,16],"texture":"#sides"},"east":{"uv":[0,12,12,16],"texture":"#sides"},"south":{"uv":[0,12,9,16],"texture":"#sides"}}},{"from":[5.75,0.5,0.25],"to":[6.25,4.5,13.25],"rotation":{"angle":-22.5,"axis":"y","origin":[6.25,0,0.25]},"faces":{"north":{"uv":[14,0,10,0.5],"rotation":90,"texture":"#book"},"east":{"uv":[10,0,14,13],"rotation":90,"texture":"#book"},"south":{"uv":[10,12.5,14,13],"rotation":90,"texture":"#book"},"west":{"uv":[10,0,14,13],"rotation":90,"texture":"#book"},"up":{"uv":[13.5,0,14,13],"texture":"#book"},"down":{"uv":[10,0,10.5,13],"texture":"#book"}}},{"from":[7.75,5,3.75],"to":[14.25,5.01,7.75],"rotation":{"angle":-22.5,"axis":"y","origin":[6.25,0,0.25]},"faces":{"up":{"uv":[0,3,16,12],"texture":"#title"}}},{"from":[7.75,5,3.5],"to":[14.25,5.25,3.75],"rotation":{"angle":-22.5,"axis":"y","origin":[6.25,0,0.25]},"faces":{"north":{"uv":[0,15.75,6.5,16],"texture":"#book"},"south":{"uv":[0,15.75,6.5,16],"texture":"#book"},"up":{"uv":[0,15.75,6.5,16],"texture":"#book"}}},{"from":[7.75,5,7.75],"to":[14.25,5.25,8],"rotation":{"angle":-22.5,"axis":"y","origin":[6.25,0,0.25]},"faces":{"north":{"uv":[0,15.75,6.5,16],"texture":"#book"},"south":{"uv":[0,15.75,6.5,16],"texture":"#book"},"up":{"uv":[0,15.75,6.5,16],"texture":"#book"}}},{"from":[7.5,5,3.5],"to":[7.75,5.25,8],"rotation":{"angle":-22.5,"axis":"y","origin":[6.25,0,0.25]},"faces":{"north":{"uv":[0,15.75,0.5,16],"rotation":90,"texture":"#book"},"east":{"uv":[5,15.75,5.25,16],"texture":"#book"},"south":{"uv":[0,15.75,0.5,16],"rotation":90,"texture":"#book"},"west":{"uv":[0,15.75,0.25,16],"texture":"#book"},"up":{"uv":[0,15.75,6.5,16],"rotation":90,"texture":"#book"}}},{"from":[14.25,5,3.5],"to":[14.5,5.25,8],"rotation":{"angle":-22.5,"axis":"y","origin":[6.25,0,0.25]},"faces":{"north":{"uv":[0,15.75,0.5,16],"rotation":90,"texture":"#book"},"east":{"uv":[5,15.75,5.25,16],"texture":"#book"},"south":{"uv":[0,15.75,0.5,16],"rotation":90,"texture":"#book"},"west":{"uv":[0,15.75,0.25,16],"texture":"#book"},"up":{"uv":[0,15.75,6.5,16],"rotation":90,"texture":"#book"}}}]}