{"textures":{"ink":"book7/ink","particle":"book7/ink","feather":"book7/feather"},"elements":[{"from":[11.25,0,3],"to":[13.75,0.5,5.5],"rotation":{"angle":-22.5,"axis":"y","origin":[13.75,0,3]},"faces":{"north":{"uv":[6,0.5,11,5.5],"texture":"#ink"},"east":{"uv":[6,0.5,11,5.5],"texture":"#ink"},"south":{"uv":[6,0.5,11,5.5],"texture":"#ink"},"west":{"uv":[6,0.5,11,5.5],"texture":"#ink"},"up":{"uv":[6,0.5,11,5.5],"rotation":90,"texture":"#ink"},"down":{"uv":[6,0.5,11,5.5],"rotation":270,"texture":"#ink"}}},{"from":[11.25,0.5,2.5],"to":[13.75,3,3],"rotation":{"angle":-22.5,"axis":"y","origin":[13.75,0,3]},"faces":{"north":{"uv":[10,9.5,15,14.5],"texture":"#ink"},"east":{"uv":[6,0.5,11,5.5],"texture":"#ink"},"south":{"uv":[6,0.5,11,5.5],"texture":"#ink"},"west":{"uv":[6,0.5,11,5.5],"texture":"#ink"},"up":{"uv":[6,0.5,11,1.5],"texture":"#ink"},"down":{"uv":[6,0.5,11,1.5],"rotation":180,"texture":"#ink"}}},{"from":[11.25,0.5,5.5],"to":[13.75,3,6],"rotation":{"angle":-22.5,"axis":"y","origin":[13.75,0,3]},"faces":{"north":{"uv":[6,0.5,11,5.5],"texture":"#ink"},"east":{"uv":[6,0.5,11,5.5],"texture":"#ink"},"south":{"uv":[10,4,15,9],"texture":"#ink"},"west":{"uv":[6,0.5,11,5.5],"texture":"#ink"},"up":{"uv":[6,0.5,11,1.5],"texture":"#ink"},"down":{"uv":[6,0.5,11,1.5],"rotation":180,"texture":"#ink"}}},{"from":[13.75,0.5,3],"to":[14.25,3,5.5],"rotation":{"angle":-22.5,"axis":"y","origin":[13.75,0,3]},"faces":{"north":{"uv":[6,7.5,11,12.5],"texture":"#ink"},"east":{"uv":[2,0,7,5],"texture":"#ink"},"south":{"uv":[6,0.5,11,5.5],"texture":"#ink"},"west":{"uv":[6,0.5,11,5.5],"texture":"#ink"},"up":{"uv":[6,0.5,11,1.5],"texture":"#ink"},"down":{"uv":[6,0.5,11,1.5],"rotation":180,"texture":"#ink"}}},{"from":[10.75,0.5,3],"to":[11.25,3,5.5],"rotation":{"angle":-22.5,"axis":"y","origin":[13.75,0,3]},"faces":{"north":{"uv":[6,0.5,11,5.5],"texture":"#ink"},"east":{"uv":[6,0.5,11,5.5],"texture":"#ink"},"south":{"uv":[6,0.5,11,5.5],"texture":"#ink"},"west":{"uv":[1,7.5,6,12.5],"texture":"#ink"},"up":{"uv":[6,0.5,11,1.5],"texture":"#ink"},"down":{"uv":[6,0.5,11,1.5],"rotation":180,"texture":"#ink"}}},{"from":[11.25,3,3],"to":[13.75,3.5,5.5],"rotation":{"angle":-22.5,"axis":"y","origin":[13.75,0,3]},"faces":{"north":{"uv":[6,0.5,11,5.5],"texture":"#ink"},"east":{"uv":[6,0.5,11,5.5],"texture":"#ink"},"south":{"uv":[6,0.5,11,5.5],"texture":"#ink"},"west":{"uv":[6,0.5,11,5.5],"texture":"#ink"},"up":{"uv":[6,0.5,11,5.5],"rotation":90,"texture":"#ink"},"down":{"uv":[6,0.5,11,5.5],"rotation":270,"texture":"#ink"}}},{"from":[11.75,3.5,3.5],"to":[13.25,4,5],"rotation":{"angle":-22.5,"axis":"y","origin":[13.75,0,3]},"faces":{"north":{"uv":[6,0.5,11,1.5],"rotation":270,"texture":"#ink"},"east":{"uv":[6,0.5,11,1.5],"rotation":270,"texture":"#ink"},"south":{"uv":[6,0.5,11,1.5],"rotation":270,"texture":"#ink"},"west":{"uv":[6,0.5,11,1.5],"rotation":270,"texture":"#ink"}}},{"from":[11.25,4,3],"to":[13.75,4.5,5.5],"rotation":{"angle":-22.5,"axis":"y","origin":[13.75,0,3]},"faces":{"north":{"uv":[6,0.5,11,1.5],"rotation":270,"texture":"#ink"},"east":{"uv":[6,0.5,11,1.5],"rotation":270,"texture":"#ink"},"south":{"uv":[6,0.5,11,1.5],"rotation":270,"texture":"#ink"},"west":{"uv":[6,0.5,11,1.5],"rotation":270,"texture":"#ink"},"up":{"uv":[6,0.5,11,5.5],"rotation":90,"texture":"#ink"},"down":{"uv":[6,0.5,11,5.5],"rotation":270,"texture":"#ink"}}},{"from":[12.5,6.25,4],"to":[12.75,6.75,6.5],"rotation":{"angle":-22.5,"axis":"y","origin":[13.75,0,3]},"faces":{"north":{"uv":[5.25,11.25,5.75,11.5],"rotation":90,"texture":"#feather"},"east":{"uv":[2.5,13,0,12.5],"texture":"#feather"},"south":{"uv":[5.75,11,5.25,11.25],"rotation":270,"texture":"#feather"},"west":{"uv":[0,12.5,2.5,12],"texture":"#feather"},"up":{"uv":[2.75,11.25,5.25,11],"rotation":90,"texture":"#feather"},"down":{"uv":[0,9.25,2.5,9.5],"rotation":270,"texture":"#feather"}}},{"from":[12.5,6,4],"to":[12.75,6.25,6.25],"rotation":{"angle":-22.5,"axis":"y","origin":[13.75,0,3]},"faces":{"north":{"uv":[2.5,13.75,2.75,14],"rotation":90,"texture":"#feather"},"east":{"uv":[5,11,2.75,10.75],"texture":"#feather"},"south":{"uv":[2.75,13,2.5,13.25],"rotation":270,"texture":"#feather"},"west":{"uv":[2.75,10.75,5,10.5],"texture":"#feather"},"down":{"uv":[2.75,10,5,10.25],"rotation":270,"texture":"#feather"}}},{"from":[12.5,4.5,4],"to":[12.75,4.75,4.5],"rotation":{"angle":-22.5,"axis":"y","origin":[13.75,0,3]},"faces":{"north":{"uv":[2.5,9.25,2.75,9.5],"rotation":90,"texture":"#feather"},"east":{"uv":[16,15.5,15.5,15.25],"texture":"#feather"},"south":{"uv":[2.75,9,2.5,9.25],"rotation":270,"texture":"#feather"},"west":{"uv":[15.5,15.25,16,15],"texture":"#feather"},"up":{"uv":[6.5,8.5,7,8.25],"rotation":90,"texture":"#feather"}}},{"from":[12.5,7.5,4.25],"to":[12.75,7.75,7],"rotation":{"angle":-22.5,"axis":"y","origin":[13.75,0,3]},"faces":{"north":{"uv":[2.5,8.75,2.75,9],"rotation":90,"texture":"#feather"},"east":{"uv":[2.75,12,0,11.75],"texture":"#feather"},"south":{"uv":[2.75,8.5,2.5,8.75],"rotation":270,"texture":"#feather"},"west":{"uv":[0,11,2.75,10.75],"texture":"#feather"},"up":{"uv":[0,10.75,2.75,10.5],"rotation":90,"texture":"#feather"},"down":{"uv":[0,10.25,2.75,10.5],"rotation":270,"texture":"#feather"}}},{"from":[12.5,6.75,4.25],"to":[12.75,7.5,6.75],"rotation":{"angle":-22.5,"axis":"y","origin":[13.75,0,3]},"faces":{"north":{"uv":[5.75,8.75,6.5,9],"rotation":90,"texture":"#feather"},"east":{"uv":[2.5,14.5,0,13.75],"texture":"#feather"},"south":{"uv":[7.25,9.75,6.5,10],"rotation":270,"texture":"#feather"},"west":{"uv":[0,13.75,2.5,13],"texture":"#feather"},"down":{"uv":[0,8.25,2.5,8.5],"rotation":270,"texture":"#feather"}}},{"from":[12.5,5.75,4.25],"to":[12.75,6,6.25],"rotation":{"angle":-22.5,"axis":"y","origin":[13.75,0,3]},"faces":{"north":{"uv":[2.5,8.25,2.75,8.5],"rotation":90,"texture":"#feather"},"east":{"uv":[4.75,9.25,2.75,9],"texture":"#feather"},"south":{"uv":[2.75,8,2.5,8.25],"rotation":270,"texture":"#feather"},"west":{"uv":[2.75,9.5,4.75,9.25],"texture":"#feather"},"down":{"uv":[2.75,9.75,4.75,10],"rotation":270,"texture":"#feather"}}},{"from":[12.5,5.5,4.25],"to":[12.75,5.75,6],"rotation":{"angle":-22.5,"axis":"y","origin":[13.75,0,3]},"faces":{"north":{"uv":[5.5,9.75,5.75,10],"rotation":90,"texture":"#feather"},"east":{"uv":[4.5,8.75,2.75,8.5],"texture":"#feather"},"south":{"uv":[5.75,9.5,5.5,9.75],"rotation":270,"texture":"#feather"},"west":{"uv":[13.75,15.75,15.5,15.5],"texture":"#feather"},"down":{"uv":[2.75,8.75,4.5,9],"rotation":270,"texture":"#feather"}}},{"from":[12.4999,4.75,4.25],"to":[12.7499,5,4.75],"rotation":{"angle":-22.5,"axis":"y","origin":[13.75,0,3]},"faces":{"north":{"uv":[5.5,9.25,5.75,9.5],"rotation":90,"texture":"#feather"},"east":{"uv":[7.75,8.75,7.25,8.5],"texture":"#feather"},"south":{"uv":[5.75,9,5.5,9.25],"rotation":270,"texture":"#feather"},"west":{"uv":[7.25,8.5,7.75,8.25],"texture":"#feather"},"up":{"uv":[7.25,8.25,7.75,8],"rotation":90,"texture":"#feather"},"down":{"uv":[7.75,9,8.25,9.25],"rotation":270,"texture":"#feather"}}},{"from":[12.5,7.75,4.5],"to":[12.75,8.5,7.25],"rotation":{"angle":-22.5,"axis":"y","origin":[13.75,0,3]},"faces":{"north":{"uv":[6.5,9.25,7.25,9.5],"rotation":90,"texture":"#feather"},"east":{"uv":[2.75,16,0,15.25],"texture":"#feather"},"south":{"uv":[8.75,9.75,8,10],"rotation":270,"texture":"#feather"},"west":{"uv":[0,15.25,2.75,14.5],"texture":"#feather"},"up":{"uv":[0,10.25,2.75,10],"rotation":90,"texture":"#feather"},"down":{"uv":[0,9.75,2.75,10],"rotation":270,"texture":"#feather"}}},{"from":[12.5,5.25,4.5],"to":[12.75,5.5,5.75],"rotation":{"angle":-22.5,"axis":"y","origin":[13.75,0,3]},"faces":{"north":{"uv":[8.75,9.75,9,10],"rotation":90,"texture":"#feather"},"east":{"uv":[5.75,8.25,4.5,8],"texture":"#feather"},"south":{"uv":[7.25,8.25,7,8.5],"rotation":270,"texture":"#feather"},"west":{"uv":[4.5,8.5,5.75,8.25],"texture":"#feather"},"down":{"uv":[4.5,8.75,5.75,9],"rotation":270,"texture":"#feather"}}},{"from":[12.5,5,4.5],"to":[12.75,5.25,5],"rotation":{"angle":-22.5,"axis":"y","origin":[13.75,0,3]},"faces":{"north":{"uv":[7,8,7.25,8.25],"rotation":90,"texture":"#feather"},"east":{"uv":[8.25,8.5,7.75,8.25],"texture":"#feather"},"south":{"uv":[9,9.5,8.75,9.75],"rotation":270,"texture":"#feather"},"west":{"uv":[7.75,8.25,8.25,8],"texture":"#feather"},"down":{"uv":[8.25,8.25,8.75,8.5],"rotation":270,"texture":"#feather"}}},{"from":[12.75,6,4.75],"to":[13,6.25,5.25],"rotation":{"angle":-22.5,"axis":"y","origin":[13.75,0,3]},"faces":{"north":{"uv":[8.75,9.25,9,9.5],"rotation":90,"texture":"#feather"},"east":{"uv":[10,15,9.5,14.75],"texture":"#feather"},"south":{"uv":[9,9,8.75,9.25],"rotation":270,"texture":"#feather"},"up":{"uv":[10.5,15,11,14.75],"rotation":90,"texture":"#feather"},"down":{"uv":[11,14.75,11.5,15],"rotation":270,"texture":"#feather"}}},{"from":[12.75,5.5,4.75],"to":[13,6,5],"rotation":{"angle":-22.5,"axis":"y","origin":[13.75,0,3]},"faces":{"north":{"uv":[13.5,14.75,14,15],"rotation":90,"texture":"#feather"},"east":{"uv":[2.75,14.5,2.5,14],"texture":"#feather"},"south":{"uv":[14.5,14.75,14,15],"rotation":270,"texture":"#feather"},"down":{"uv":[8.75,8.5,9,8.75],"rotation":270,"texture":"#feather"}}},{"from":[12.5,8.75,4.75],"to":[12.75,9,7.75],"rotation":{"angle":-22.5,"axis":"y","origin":[13.75,0,3]},"faces":{"north":{"uv":[8.75,8.25,9,8.5],"rotation":90,"texture":"#feather"},"east":{"uv":[5.75,12.5,2.75,12.25],"texture":"#feather"},"south":{"uv":[9,8,8.75,8.25],"rotation":270,"texture":"#feather"},"west":{"uv":[2.75,12.75,5.75,12.5],"texture":"#feather"},"up":{"uv":[2.75,13,5.75,12.75],"rotation":90,"texture":"#feather"},"down":{"uv":[2.75,13,5.75,13.25],"rotation":270,"texture":"#feather"}}},{"from":[12.5,8.5,4.75],"to":[12.75,8.75,7.5],"rotation":{"angle":-22.5,"axis":"y","origin":[13.75,0,3]},"faces":{"north":{"uv":[9.5,11,9.75,11.25],"rotation":90,"texture":"#feather"},"east":{"uv":[2.75,11.25,0,11],"texture":"#feather"},"south":{"uv":[10,11,9.75,11.25],"rotation":270,"texture":"#feather"},"west":{"uv":[0,11.75,2.75,11.5],"texture":"#feather"},"down":{"uv":[0,9.5,2.75,9.75],"rotation":270,"texture":"#feather"}}},{"from":[12.25,6,4.75],"to":[12.5,6.25,5.25],"rotation":{"angle":-22.5,"axis":"y","origin":[13.75,0,3]},"faces":{"north":{"uv":[9.5,10.75,9.75,11],"rotation":90,"texture":"#feather"},"south":{"uv":[10,10.75,9.75,11],"rotation":270,"texture":"#feather"},"west":{"uv":[10,14.75,10.5,14.5],"texture":"#feather"},"up":{"uv":[10.5,14.75,11,14.5],"rotation":90,"texture":"#feather"},"down":{"uv":[11,14.5,11.5,14.75],"rotation":270,"texture":"#feather"}}},{"from":[12.25,5.5,4.75],"to":[12.5,6,5],"rotation":{"angle":-22.5,"axis":"y","origin":[13.75,0,3]},"faces":{"north":{"uv":[13.5,14.5,14,14.75],"rotation":90,"texture":"#feather"},"south":{"uv":[14.5,14.5,14,14.75],"rotation":270,"texture":"#feather"},"west":{"uv":[2.5,12.5,2.75,12],"texture":"#feather"},"down":{"uv":[9.75,10.5,10,10.75],"rotation":270,"texture":"#feather"}}},{"from":[12.75,6.5,5],"to":[13,6.75,5.5],"rotation":{"angle":-22.5,"axis":"y","origin":[13.75,0,3]},"faces":{"north":{"uv":[9.5,10.25,9.75,10.5],"rotation":90,"texture":"#feather"},"east":{"uv":[15,14.75,14.5,14.5],"texture":"#feather"},"south":{"uv":[10,10.25,9.75,10.5],"rotation":270,"texture":"#feather"},"up":{"uv":[15.5,14.75,16,14.5],"rotation":90,"texture":"#feather"},"down":{"uv":[9,14.25,9.5,14.5],"rotation":270,"texture":"#feather"}}},{"from":[12.75,6.25,5],"to":[13,6.5,5.25],"rotation":{"angle":-22.5,"axis":"y","origin":[13.75,0,3]},"faces":{"north":{"uv":[9.5,9.5,9.75,9.75],"rotation":90,"texture":"#feather"},"east":{"uv":[9.75,10.25,9.5,10],"texture":"#feather"},"south":{"uv":[10,9.5,9.75,9.75],"rotation":270,"texture":"#feather"}}},{"from":[12.5,9,5],"to":[12.75,9.5,8],"rotation":{"angle":-22.5,"axis":"y","origin":[13.75,0,3]},"faces":{"north":{"uv":[9,12,9.5,12.25],"rotation":90,"texture":"#feather"},"east":{"uv":[5.75,15.5,2.75,15],"texture":"#feather"},"south":{"uv":[9.5,11.75,9,12],"rotation":270,"texture":"#feather"},"west":{"uv":[2.75,16,5.75,15.5],"texture":"#feather"},"up":{"uv":[2.75,14.75,5.75,14.5],"rotation":90,"texture":"#feather"},"down":{"uv":[2.75,14.25,5.75,14.5],"rotation":270,"texture":"#feather"}}},{"from":[12.25,6.5,5],"to":[12.5,6.75,5.5],"rotation":{"angle":-22.5,"axis":"y","origin":[13.75,0,3]},"faces":{"north":{"uv":[10.75,13,11,13.25],"rotation":90,"texture":"#feather"},"south":{"uv":[10.75,8,10.5,8.25],"rotation":270,"texture":"#feather"},"west":{"uv":[9,11.5,9.5,11.25],"texture":"#feather"},"up":{"uv":[9,11.25,9.5,11],"rotation":90,"texture":"#feather"},"down":{"uv":[9,10.75,9.5,11],"rotation":270,"texture":"#feather"}}},{"from":[12.25,6.25,5],"to":[12.5,6.5,5.25],"rotation":{"angle":-22.5,"axis":"y","origin":[13.75,0,3]},"faces":{"north":{"uv":[10.5,9.75,10.75,10],"rotation":90,"texture":"#feather"},"south":{"uv":[10.75,10,10.5,10.25],"rotation":270,"texture":"#feather"},"west":{"uv":[10.5,8.75,10.75,8.5],"texture":"#feather"}}},{"from":[12.75,7,5.25],"to":[13,7.25,5.75],"rotation":{"angle":-22.5,"axis":"y","origin":[13.75,0,3]},"faces":{"north":{"uv":[10.5,10.75,10.75,11],"rotation":90,"texture":"#feather"},"east":{"uv":[9.5,10.75,9,10.5],"texture":"#feather"},"south":{"uv":[10.75,11,10.5,11.25],"rotation":270,"texture":"#feather"},"up":{"uv":[9,10.25,9.5,10],"rotation":90,"texture":"#feather"},"down":{"uv":[9,9.75,9.5,10],"rotation":270,"texture":"#feather"}}},{"from":[12.75,6.75,5.25],"to":[13,7,5.5],"rotation":{"angle":-22.5,"axis":"y","origin":[13.75,0,3]},"faces":{"north":{"uv":[10.5,12.75,10.75,13],"rotation":90,"texture":"#feather"},"east":{"uv":[10.75,11.5,10.5,11.25],"texture":"#feather"},"south":{"uv":[10.75,13,10.5,13.25],"rotation":270,"texture":"#feather"}}},{"from":[12.5,9.5,5.25],"to":[12.75,9.75,8.25],"rotation":{"angle":-22.5,"axis":"y","origin":[13.75,0,3]},"faces":{"north":{"uv":[15.25,13.25,15.5,13.5],"rotation":90,"texture":"#feather"},"east":{"uv":[5.75,13.5,2.75,13.25],"texture":"#feather"},"south":{"uv":[15.25,13.25,15,13.5],"rotation":270,"texture":"#feather"},"west":{"uv":[2.75,13.75,5.75,13.5],"texture":"#feather"},"up":{"uv":[2.75,14,5.75,13.75],"rotation":90,"texture":"#feather"},"down":{"uv":[2.75,14,5.75,14.25],"rotation":270,"texture":"#feather"}}},{"from":[12.25,7,5.25],"to":[12.5,7.25,5.75],"rotation":{"angle":-22.5,"axis":"y","origin":[13.75,0,3]},"faces":{"north":{"uv":[14.75,13.25,15,13.5],"rotation":90,"texture":"#feather"},"south":{"uv":[14.75,13.25,14.5,13.5],"rotation":270,"texture":"#feather"},"west":{"uv":[9,9.5,9.5,9.25],"texture":"#feather"},"up":{"uv":[9,9.25,9.5,9],"rotation":90,"texture":"#feather"},"down":{"uv":[9,8.75,9.5,9],"rotation":270,"texture":"#feather"}}},{"from":[12.25,6.75,5.25],"to":[12.5,7,5.5],"rotation":{"angle":-22.5,"axis":"y","origin":[13.75,0,3]},"faces":{"north":{"uv":[10.25,9,10.5,9.25],"rotation":90,"texture":"#feather"},"south":{"uv":[10.5,9.25,10.25,9.5],"rotation":270,"texture":"#feather"},"west":{"uv":[13.5,13.5,13.75,13.25],"texture":"#feather"}}},{"from":[12.75,7.5,5.5],"to":[13,7.75,6],"rotation":{"angle":-22.5,"axis":"y","origin":[13.75,0,3]},"faces":{"north":{"uv":[10.25,9.5,10.5,9.75],"rotation":90,"texture":"#feather"},"east":{"uv":[9.5,8.75,9,8.5],"texture":"#feather"},"south":{"uv":[10.5,9.75,10.25,10],"rotation":270,"texture":"#feather"},"up":{"uv":[9,8.25,9.5,8],"rotation":90,"texture":"#feather"},"down":{"uv":[9.5,14.25,10,14.5],"rotation":270,"texture":"#feather"}}},{"from":[12.75,7.25,5.5],"to":[13,7.5,5.75],"rotation":{"angle":-22.5,"axis":"y","origin":[13.75,0,3]},"faces":{"north":{"uv":[14.25,13.5,14.5,13.75],"rotation":90,"texture":"#feather"},"east":{"uv":[10.5,12.25,10.25,12],"texture":"#feather"},"south":{"uv":[14.25,13.5,14,13.75],"rotation":270,"texture":"#feather"}}},{"from":[12.5,9.75,5.5],"to":[12.75,10,8.5],"rotation":{"angle":-22.5,"axis":"y","origin":[13.75,0,3]},"faces":{"north":{"uv":[13.75,13.5,14,13.75],"rotation":90,"texture":"#feather"},"east":{"uv":[5.75,11.75,2.75,11.5],"texture":"#feather"},"south":{"uv":[13.75,13.5,13.5,13.75],"rotation":270,"texture":"#feather"},"west":{"uv":[2.75,12,5.75,11.75],"texture":"#feather"},"up":{"uv":[2.75,12.25,5.75,12],"rotation":90,"texture":"#feather"},"down":{"uv":[2.75,14.75,5.75,15],"rotation":270,"texture":"#feather"}}},{"from":[12.25,7.5,5.5],"to":[12.5,7.75,6],"rotation":{"angle":-22.5,"axis":"y","origin":[13.75,0,3]},"faces":{"north":{"uv":[11.25,13.5,11.5,13.75],"rotation":90,"texture":"#feather"},"south":{"uv":[11.25,13.5,11,13.75],"rotation":270,"texture":"#feather"},"west":{"uv":[10.5,14.5,11,14.25],"texture":"#feather"},"up":{"uv":[11,14.5,11.5,14.25],"rotation":90,"texture":"#feather"},"down":{"uv":[11.5,14.25,12,14.5],"rotation":270,"texture":"#feather"}}},{"from":[12.25,7.25,5.5],"to":[12.5,7.5,5.75],"rotation":{"angle":-22.5,"axis":"y","origin":[13.75,0,3]},"faces":{"north":{"uv":[10,11.75,10.25,12],"rotation":90,"texture":"#feather"},"south":{"uv":[10.25,12,10,12.25],"rotation":270,"texture":"#feather"},"west":{"uv":[10.5,13.75,10.75,13.5],"texture":"#feather"}}},{"from":[12.75,8,5.75],"to":[13,8.25,6.25],"rotation":{"angle":-22.5,"axis":"y","origin":[13.75,0,3]},"faces":{"north":{"uv":[10.75,13.75,11,14],"rotation":90,"texture":"#feather"},"east":{"uv":[12.5,14.5,12,14.25],"texture":"#feather"},"south":{"uv":[10.75,13.75,10.5,14],"rotation":270,"texture":"#feather"},"up":{"uv":[13,14.5,13.5,14.25],"rotation":90,"texture":"#feather"},"down":{"uv":[13.5,14.25,14,14.5],"rotation":270,"texture":"#feather"}}},{"from":[12.75,7.75,5.75],"to":[13,8,6],"rotation":{"angle":-22.5,"axis":"y","origin":[13.75,0,3]},"faces":{"north":{"uv":[10.25,8,10.5,8.25],"rotation":90,"texture":"#feather"},"east":{"uv":[10.5,14,10.25,13.75],"texture":"#feather"},"south":{"uv":[10.5,8.25,10.25,8.5],"rotation":270,"texture":"#feather"}}},{"from":[12.5,10,5.75],"to":[12.75,10.25,9],"rotation":{"angle":-22.5,"axis":"y","origin":[13.75,0,3]},"faces":{"north":{"uv":[11.75,13.75,12,14],"rotation":90,"texture":"#feather"},"east":{"uv":[9,11,5.75,10.75],"texture":"#feather"},"south":{"uv":[11.75,13.75,11.5,14],"rotation":270,"texture":"#feather"},"west":{"uv":[5.75,10.75,9,10.5],"texture":"#feather"},"up":{"uv":[5.75,15.5,9,15.25],"rotation":90,"texture":"#feather"},"down":{"uv":[9,15.25,12.25,15.5],"rotation":270,"texture":"#feather"}}},{"from":[12.25,8,5.75],"to":[12.5,8.25,6.25],"rotation":{"angle":-22.5,"axis":"y","origin":[13.75,0,3]},"faces":{"north":{"uv":[9.75,8.25,10,8.5],"rotation":90,"texture":"#feather"},"south":{"uv":[9.75,8.25,9.5,8.5],"rotation":270,"texture":"#feather"},"west":{"uv":[14.5,14.5,15,14.25],"texture":"#feather"},"up":{"uv":[15,14.5,15.5,14.25],"rotation":90,"texture":"#feather"},"down":{"uv":[15.5,14.25,16,14.5],"rotation":270,"texture":"#feather"}}},{"from":[12.25,7.75,5.75],"to":[12.5,8,6],"rotation":{"angle":-22.5,"axis":"y","origin":[13.75,0,3]},"faces":{"north":{"uv":[10,10.5,10.25,10.75],"rotation":90,"texture":"#feather"},"south":{"uv":[13.25,13.75,13,14],"rotation":270,"texture":"#feather"},"west":{"uv":[13.25,14,13.5,13.75],"texture":"#feather"}}},{"from":[12.75,8.5,6],"to":[13,8.75,6.5],"rotation":{"angle":-22.5,"axis":"y","origin":[13.75,0,3]},"faces":{"north":{"uv":[10,10.25,10.25,10.5],"rotation":90,"texture":"#feather"},"east":{"uv":[10.5,14.25,10,14],"texture":"#feather"},"south":{"uv":[10.25,10,10,10.25],"rotation":270,"texture":"#feather"},"up":{"uv":[11,14.25,11.5,14],"rotation":90,"texture":"#feather"},"down":{"uv":[11.5,14,12,14.25],"rotation":270,"texture":"#feather"}}},{"from":[12.75,8.25,6],"to":[13,8.5,6.25],"rotation":{"angle":-22.5,"axis":"y","origin":[13.75,0,3]},"faces":{"north":{"uv":[9.5,8.5,9.75,8.75],"rotation":90,"texture":"#feather"},"east":{"uv":[10.25,10,10,9.75],"texture":"#feather"},"south":{"uv":[10,8.5,9.75,8.75],"rotation":270,"texture":"#feather"}}},{"from":[12.5,10.25,6],"to":[12.75,10.5,9.25],"rotation":{"angle":-22.5,"axis":"y","origin":[13.75,0,3]},"faces":{"north":{"uv":[12,13.75,12.25,14],"rotation":90,"texture":"#feather"},"east":{"uv":[9,11.75,5.75,11.5],"texture":"#feather"},"south":{"uv":[12.5,13.75,12.25,14],"rotation":270,"texture":"#feather"},"west":{"uv":[5.75,12,9,11.75],"texture":"#feather"},"up":{"uv":[5.75,12.25,9,12],"rotation":90,"texture":"#feather"},"down":{"uv":[5.75,12.25,9,12.5],"rotation":270,"texture":"#feather"}}},{"from":[12.25,8.5,6],"to":[12.5,8.75,6.5],"rotation":{"angle":-22.5,"axis":"y","origin":[13.75,0,3]},"faces":{"north":{"uv":[14.5,13.75,14.75,14],"rotation":90,"texture":"#feather"},"south":{"uv":[15,13.75,14.75,14],"rotation":270,"texture":"#feather"},"west":{"uv":[12.5,14.25,13,14],"texture":"#feather"},"up":{"uv":[13,14.25,13.5,14],"rotation":90,"texture":"#feather"},"down":{"uv":[13.5,14,14,14.25],"rotation":270,"texture":"#feather"}}},{"from":[12.25,8.25,6],"to":[12.5,8.5,6.25],"rotation":{"angle":-22.5,"axis":"y","origin":[13.75,0,3]},"faces":{"north":{"uv":[10,13,10.25,13.25],"rotation":90,"texture":"#feather"},"south":{"uv":[10.25,12.75,10,13],"rotation":270,"texture":"#feather"},"west":{"uv":[15.25,14,15.5,13.75],"texture":"#feather"}}},{"from":[12.75,9,6.25],"to":[13,9.25,6.75],"rotation":{"angle":-22.5,"axis":"y","origin":[13.75,0,3]},"faces":{"north":{"uv":[10,9,10.25,9.25],"rotation":90,"texture":"#feather"},"east":{"uv":[14.5,14.25,14,14],"texture":"#feather"},"south":{"uv":[10.25,8.75,10,9],"rotation":270,"texture":"#feather"},"up":{"uv":[15,14.25,15.5,14],"rotation":90,"texture":"#feather"},"down":{"uv":[15.5,14,16,14.25],"rotation":270,"texture":"#feather"}}},{"from":[12.75,8.75,6.25],"to":[13,9,6.5],"rotation":{"angle":-22.5,"axis":"y","origin":[13.75,0,3]},"faces":{"north":{"uv":[12.5,13.5,12.75,13.75],"rotation":90,"texture":"#feather"},"east":{"uv":[10.25,8.75,10,8.5],"texture":"#feather"},"south":{"uv":[13,13.5,12.75,13.75],"rotation":270,"texture":"#feather"}}},{"from":[12.5,10.5,6.25],"to":[12.75,10.75,9.5],"rotation":{"angle":-22.5,"axis":"y","origin":[13.75,0,3]},"faces":{"north":{"uv":[11.5,13.25,11.75,13.5],"rotation":90,"texture":"#feather"},"east":{"uv":[9,12.75,5.75,12.5],"texture":"#feather"},"south":{"uv":[12,13.25,11.75,13.5],"rotation":270,"texture":"#feather"},"west":{"uv":[5.75,13,9,12.75],"texture":"#feather"},"up":{"uv":[5.75,13.25,9,13],"rotation":90,"texture":"#feather"},"down":{"uv":[5.75,13.25,9,13.5],"rotation":270,"texture":"#feather"}}},{"from":[12.25,9,6.25],"to":[12.5,9.25,6.75],"rotation":{"angle":-22.5,"axis":"y","origin":[13.75,0,3]},"faces":{"north":{"uv":[12,13,12.25,13.25],"rotation":90,"texture":"#feather"},"south":{"uv":[12.5,13,12.25,13.25],"rotation":270,"texture":"#feather"},"west":{"uv":[9.5,14,10,13.75],"texture":"#feather"},"up":{"uv":[9.5,13.75,10,13.5],"rotation":90,"texture":"#feather"},"down":{"uv":[9.5,13.25,10,13.5],"rotation":270,"texture":"#feather"}}},{"from":[12.25,8.75,6.25],"to":[12.5,9,6.5],"rotation":{"angle":-22.5,"axis":"y","origin":[13.75,0,3]},"faces":{"north":{"uv":[9.5,8.75,9.75,9],"rotation":90,"texture":"#feather"},"south":{"uv":[10,8.75,9.75,9],"rotation":270,"texture":"#feather"},"west":{"uv":[9.75,9.5,10,9.25],"texture":"#feather"}}},{"from":[12.75,9.25,6.5],"to":[13,9.5,7],"rotation":{"angle":-22.5,"axis":"y","origin":[13.75,0,3]},"faces":{"north":{"uv":[9.5,8,9.75,8.25],"rotation":90,"texture":"#feather"},"east":{"uv":[10,13.25,9.5,13],"texture":"#feather"},"south":{"uv":[10,8,9.75,8.25],"rotation":270,"texture":"#feather"},"up":{"uv":[9.5,12.75,10,12.5],"rotation":90,"texture":"#feather"},"down":{"uv":[9.5,12.25,10,12.5],"rotation":270,"texture":"#feather"}}},{"from":[12.5,10.75,6.5],"to":[12.75,11,9.75],"rotation":{"angle":-22.5,"axis":"y","origin":[13.75,0,3]},"faces":{"north":{"uv":[11,13.75,11.25,14],"rotation":90,"texture":"#feather"},"east":{"uv":[15.5,15.25,12.25,15],"texture":"#feather"},"south":{"uv":[11.5,13.75,11.25,14],"rotation":270,"texture":"#feather"},"west":{"uv":[12.25,15.5,15.5,15.25],"texture":"#feather"},"up":{"uv":[9,15.25,12.25,15],"rotation":90,"texture":"#feather"},"down":{"uv":[5.75,15,9,15.25],"rotation":270,"texture":"#feather"}}},{"from":[12.25,9.25,6.5],"to":[12.5,9.5,7],"rotation":{"angle":-22.5,"axis":"y","origin":[13.75,0,3]},"faces":{"north":{"uv":[12.5,13.75,12.75,14],"rotation":90,"texture":"#feather"},"south":{"uv":[13,13.75,12.75,14],"rotation":270,"texture":"#feather"},"west":{"uv":[9.5,12,10,11.75],"texture":"#feather"},"up":{"uv":[9.5,11.75,10,11.5],"rotation":90,"texture":"#feather"},"down":{"uv":[9.5,11.25,10,11.5],"rotation":270,"texture":"#feather"}}},{"from":[12.75,9.5,6.75],"to":[13,9.75,7.25],"rotation":{"angle":-22.5,"axis":"y","origin":[13.75,0,3]},"faces":{"north":{"uv":[14,13.75,14.25,14],"rotation":90,"texture":"#feather"},"east":{"uv":[16,16,15.5,15.75],"texture":"#feather"},"south":{"uv":[14.5,13.75,14.25,14],"rotation":270,"texture":"#feather"},"up":{"uv":[7.25,9.75,7.75,9.5],"rotation":90,"texture":"#feather"},"down":{"uv":[7.75,9.5,8.25,9.75],"rotation":270,"texture":"#feather"}}},{"from":[12.25,9.5,6.75],"to":[12.5,9.75,7.25],"rotation":{"angle":-22.5,"axis":"y","origin":[13.75,0,3]},"faces":{"north":{"uv":[15.5,13.75,15.75,14],"rotation":90,"texture":"#feather"},"south":{"uv":[16,13.75,15.75,14],"rotation":270,"texture":"#feather"},"west":{"uv":[7.25,9.5,7.75,9.25],"texture":"#feather"},"up":{"uv":[7.75,9.5,8.25,9.25],"rotation":90,"texture":"#feather"},"down":{"uv":[8.25,9.25,8.75,9.5],"rotation":270,"texture":"#feather"}}},{"from":[12.75,9.75,7],"to":[13,10,7.5],"rotation":{"angle":-22.5,"axis":"y","origin":[13.75,0,3]},"faces":{"north":{"uv":[10,12.5,10.25,12.75],"rotation":90,"texture":"#feather"},"east":{"uv":[7.75,9.25,7.25,9],"texture":"#feather"},"south":{"uv":[10.25,12.25,10,12.5],"rotation":270,"texture":"#feather"},"up":{"uv":[8.25,9.25,8.75,9],"rotation":90,"texture":"#feather"},"down":{"uv":[7.75,8.75,8.25,9],"rotation":270,"texture":"#feather"}}},{"from":[12.5,11,7],"to":[12.75,11.25,10.25],"rotation":{"angle":-22.5,"axis":"y","origin":[13.75,0,3]},"faces":{"north":{"uv":[10,11,10.25,11.25],"rotation":90,"texture":"#feather"},"east":{"uv":[9,13.75,5.75,13.5],"texture":"#feather"},"south":{"uv":[10.25,10.75,10,11],"rotation":270,"texture":"#feather"},"west":{"uv":[5.75,14,9,13.75],"texture":"#feather"},"up":{"uv":[5.75,14.25,9,14],"rotation":90,"texture":"#feather"},"down":{"uv":[5.75,14.25,9,14.5],"rotation":270,"texture":"#feather"}}},{"from":[12.25,9.75,7],"to":[12.5,10,7.5],"rotation":{"angle":-22.5,"axis":"y","origin":[13.75,0,3]},"faces":{"north":{"uv":[10,9.5,10.25,9.75],"rotation":90,"texture":"#feather"},"south":{"uv":[10.25,9.25,10,9.5],"rotation":270,"texture":"#feather"},"west":{"uv":[7.75,8.75,8.25,8.5],"texture":"#feather"},"up":{"uv":[8.25,8.25,8.75,8],"rotation":90,"texture":"#feather"},"down":{"uv":[9,14.75,9.5,15],"rotation":270,"texture":"#feather"}}},{"from":[12.75,10,7.25],"to":[13,10.25,7.75],"rotation":{"angle":-22.5,"axis":"y","origin":[13.75,0,3]},"faces":{"north":{"uv":[10,8,10.25,8.25],"rotation":90,"texture":"#feather"},"east":{"uv":[12,15,11.5,14.75],"texture":"#feather"},"south":{"uv":[10.5,13.5,10.25,13.75],"rotation":270,"texture":"#feather"},"up":{"uv":[12.5,15,13,14.75],"rotation":90,"texture":"#feather"},"down":{"uv":[13,14.75,13.5,15],"rotation":270,"texture":"#feather"}}},{"from":[12.5,11.25,7.25],"to":[12.75,11.5,11.25],"rotation":{"angle":-22.5,"axis":"y","origin":[13.75,0,3]},"faces":{"north":{"uv":[11.5,13.5,11.75,13.75],"rotation":90,"texture":"#feather"},"east":{"uv":[13.75,15.75,9.75,15.5],"texture":"#feather"},"south":{"uv":[12,13.5,11.75,13.75],"rotation":270,"texture":"#feather"},"west":{"uv":[5.75,15.75,9.75,15.5],"texture":"#feather"},"up":{"uv":[9.75,16,13.75,15.75],"rotation":90,"texture":"#feather"},"down":{"uv":[5.75,15.75,9.75,16],"rotation":270,"texture":"#feather"}}},{"from":[12.25,10,7.25],"to":[12.5,10.25,7.75],"rotation":{"angle":-22.5,"axis":"y","origin":[13.75,0,3]},"faces":{"north":{"uv":[13,13.5,13.25,13.75],"rotation":90,"texture":"#feather"},"south":{"uv":[13.5,13.5,13.25,13.75],"rotation":270,"texture":"#feather"},"west":{"uv":[15,15,15.5,14.75],"texture":"#feather"},"up":{"uv":[15.5,15,16,14.75],"rotation":90,"texture":"#feather"},"down":{"uv":[9,14.5,9.5,14.75],"rotation":270,"texture":"#feather"}}},{"from":[12.75,10.5,7.5],"to":[13,10.75,8.25],"rotation":{"angle":-22.5,"axis":"y","origin":[13.75,0,3]},"faces":{"north":{"uv":[14.5,13.5,14.75,13.75],"rotation":90,"texture":"#feather"},"east":{"uv":[6.5,8.25,5.75,8],"texture":"#feather"},"south":{"uv":[15,13.5,14.75,13.75],"rotation":270,"texture":"#feather"},"up":{"uv":[6.5,8.75,7.25,8.5],"rotation":90,"texture":"#feather"},"down":{"uv":[5.75,9.75,6.5,10],"rotation":270,"texture":"#feather"}}},{"from":[12.75,10.25,7.5],"to":[13,10.5,7.75],"rotation":{"angle":-22.5,"axis":"y","origin":[13.75,0,3]},"faces":{"north":{"uv":[10.25,13.25,10.5,13.5],"rotation":90,"texture":"#feather"},"east":{"uv":[15.25,13.75,15,13.5],"texture":"#feather"},"south":{"uv":[10.5,13,10.25,13.25],"rotation":270,"texture":"#feather"}}},{"from":[12.25,10.5,7.5],"to":[12.5,10.75,8.25],"rotation":{"angle":-22.5,"axis":"y","origin":[13.75,0,3]},"faces":{"north":{"uv":[10.25,11.75,10.5,12],"rotation":90,"texture":"#feather"},"south":{"uv":[10.5,11.5,10.25,11.75],"rotation":270,"texture":"#feather"},"west":{"uv":[7.5,10.25,8.25,10],"texture":"#feather"},"up":{"uv":[8.25,10.5,9,10.25],"rotation":90,"texture":"#feather"},"down":{"uv":[7.5,10.25,8.25,10.5],"rotation":270,"texture":"#feather"}}},{"from":[12.25,10.25,7.5],"to":[12.5,10.5,7.75],"rotation":{"angle":-22.5,"axis":"y","origin":[13.75,0,3]},"faces":{"north":{"uv":[10.25,10.25,10.5,10.5],"rotation":90,"texture":"#feather"},"south":{"uv":[10.5,10,10.25,10.25],"rotation":270,"texture":"#feather"},"west":{"uv":[10.25,11.25,10.5,11],"texture":"#feather"}}},{"from":[12.5,11.5,7.75],"to":[12.75,11.75,11],"rotation":{"angle":-22.5,"axis":"y","origin":[13.75,0,3]},"faces":{"north":{"uv":[10.25,8.75,10.5,9],"rotation":90,"texture":"#feather"},"east":{"uv":[9,11.25,5.75,11],"texture":"#feather"},"south":{"uv":[10.5,8.5,10.25,8.75],"rotation":270,"texture":"#feather"},"west":{"uv":[5.75,11.5,9,11.25],"texture":"#feather"},"up":{"uv":[5.75,14.75,9,14.5],"rotation":90,"texture":"#feather"}}},{"from":[12.75,10.75,8],"to":[13,11,8.5],"rotation":{"angle":-22.5,"axis":"y","origin":[13.75,0,3]},"faces":{"north":{"uv":[11,13.25,11.25,13.5],"rotation":90,"texture":"#feather"},"east":{"uv":[12,14.75,11.5,14.5],"texture":"#feather"},"south":{"uv":[11.5,13.25,11.25,13.5],"rotation":270,"texture":"#feather"},"up":{"uv":[12.5,14.75,13,14.5],"rotation":90,"texture":"#feather"},"down":{"uv":[13,14.5,13.5,14.75],"rotation":270,"texture":"#feather"}}},{"from":[12.25,10.75,8],"to":[12.5,11,8.5],"rotation":{"angle":-22.5,"axis":"y","origin":[13.75,0,3]},"faces":{"north":{"uv":[12.5,13.25,12.75,13.5],"rotation":90,"texture":"#feather"},"south":{"uv":[13,13.25,12.75,13.5],"rotation":270,"texture":"#feather"},"west":{"uv":[9,14,9.5,13.75],"texture":"#feather"},"up":{"uv":[9,13.75,9.5,13.5],"rotation":90,"texture":"#feather"},"down":{"uv":[9,13.25,9.5,13.5],"rotation":270,"texture":"#feather"}}},{"from":[12.75,11,8.25],"to":[13,11.25,9],"rotation":{"angle":-22.5,"axis":"y","origin":[13.75,0,3]},"faces":{"north":{"uv":[14,13.25,14.25,13.5],"rotation":90,"texture":"#feather"},"east":{"uv":[5.75,11,5,10.75],"texture":"#feather"},"south":{"uv":[14.5,13.25,14.25,13.5],"rotation":270,"texture":"#feather"},"up":{"uv":[4.75,9.5,5.5,9.25],"rotation":90,"texture":"#feather"},"down":{"uv":[4.75,9.75,5.5,10],"rotation":270,"texture":"#feather"}}},{"from":[12.5001,11.75,8.25],"to":[12.7501,12,10.75],"rotation":{"angle":-22.5,"axis":"y","origin":[13.75,0,3]},"faces":{"north":{"uv":[15.5,13.25,15.75,13.5],"rotation":90,"texture":"#feather"},"east":{"uv":[2.5,9,0,8.75],"texture":"#feather"},"south":{"uv":[16,13.25,15.75,13.5],"rotation":270,"texture":"#feather"},"west":{"uv":[0,9.25,2.5,9],"texture":"#feather"},"up":{"uv":[0,8.25,2.5,8],"rotation":90,"texture":"#feather"},"down":{"uv":[2.75,11.25,5.25,11.5],"rotation":270,"texture":"#feather"}}},{"from":[12.25,11,8.25],"to":[12.5,11.25,9],"rotation":{"angle":-22.5,"axis":"y","origin":[13.75,0,3]},"faces":{"north":{"uv":[10.5,12,10.75,12.25],"rotation":90,"texture":"#feather"},"south":{"uv":[10.75,11.75,10.5,12],"rotation":270,"texture":"#feather"},"west":{"uv":[5,10.5,5.75,10.25],"texture":"#feather"},"up":{"uv":[6.5,9.75,7.25,9.5],"rotation":90,"texture":"#feather"},"down":{"uv":[7.25,9.75,8,10],"rotation":270,"texture":"#feather"}}},{"from":[12.5001,12,8.5],"to":[12.7501,12.25,10.25],"rotation":{"angle":-22.5,"axis":"y","origin":[13.75,0,3]},"faces":{"north":{"uv":[10.5,10.5,10.75,10.75],"rotation":90,"texture":"#feather"},"east":{"uv":[7.5,10.5,5.75,10.25],"texture":"#feather"},"south":{"uv":[10.75,10.25,10.5,10.5],"rotation":270,"texture":"#feather"},"west":{"uv":[5.75,10.25,7.5,10],"texture":"#feather"},"up":{"uv":[2.75,8.5,4.5,8.25],"rotation":90,"texture":"#feather"}}},{"from":[12.75,11.25,8.75],"to":[13,11.5,9.5],"rotation":{"angle":-22.5,"axis":"y","origin":[13.75,0,3]},"faces":{"north":{"uv":[10.5,9,10.75,9.25],"rotation":90,"texture":"#feather"},"east":{"uv":[5.75,10.75,5,10.5],"texture":"#feather"},"south":{"uv":[10.75,8.75,10.5,9],"rotation":270,"texture":"#feather"},"up":{"uv":[4.75,9.75,5.5,9.5],"rotation":90,"texture":"#feather"},"down":{"uv":[4.75,9,5.5,9.25],"rotation":270,"texture":"#feather"}}},{"from":[12.25,11.25,8.75],"to":[12.5,11.5,9.5],"rotation":{"angle":-22.5,"axis":"y","origin":[13.75,0,3]},"faces":{"north":{"uv":[11,13,11.25,13.25],"rotation":90,"texture":"#feather"},"south":{"uv":[11.5,13,11.25,13.25],"rotation":270,"texture":"#feather"},"west":{"uv":[6.5,9.25,7.25,9],"texture":"#feather"},"up":{"uv":[5.75,9.5,6.5,9.25],"rotation":90,"texture":"#feather"},"down":{"uv":[5.75,9.5,6.5,9.75],"rotation":270,"texture":"#feather"}}},{"from":[12.5001,11,10.75],"to":[12.7501,11.25,11.25],"rotation":{"angle":-22.5,"axis":"y","origin":[13.75,0,3]},"faces":{"north":{"uv":[12.5,13,12.75,13.25],"rotation":90,"texture":"#feather"},"east":{"uv":[9.5,13.25,9,13],"texture":"#feather"},"south":{"uv":[13,13,12.75,13.25],"rotation":270,"texture":"#feather"},"west":{"uv":[9,13,9.5,12.75],"texture":"#feather"},"up":{"uv":[9,12.75,9.5,12.5],"rotation":90,"texture":"#feather"},"down":{"uv":[9,12.25,9.5,12.5],"rotation":270,"texture":"#feather"}}}],"display":{"thirdperson_righthand":{"rotation":[28,39,0],"translation":[0,-0.282,0.6956],"scale":[0.375,0.375,0.375]},"thirdperson_lefthand":{"rotation":[75,45,0],"translation":[0,2.5,0],"scale":[0.375,0.375,0.375]},"firstperson_righthand":{"translation":[0,4.8695,0]},"firstperson_lefthand":{"translation":[5.5652,4.8695,0]},"ground":{"translation":[0,2,0],"scale":[0.5,0.5,0.5]},"gui":{"rotation":[0,83,-14],"translation":[2.7826,2.7826,20.869]}}}