{"textures":{"book_texture":"book6/charlies_island_book1","particle":"book6/charlies_island_book1","title":"book6/title_charlies_island","texture":"book6/extra_book"},"elements":[{"from":[0.75,2,3],"to":[11.25,2.5,11],"rotation":{"angle":22.5,"axis":"y","origin":[11.25,2,3]},"faces":{"north":{"uv":[1.5,0,2,10],"rotation":90,"texture":"#book_texture"},"east":{"uv":[1.5,0,9,0.5],"rotation":180,"texture":"#book_texture"},"south":{"uv":[8.5,0,9,10],"rotation":90,"texture":"#book_texture"},"west":{"uv":[1.5,9.5,9,10],"rotation":180,"texture":"#book_texture"},"up":{"uv":[1.5,0,9,10],"rotation":90,"texture":"#book_texture"},"down":{"uv":[1.5,0,9,10],"rotation":270,"texture":"#book_texture","cullface":"down"}}},{"from":[0.75,5.5,3],"to":[11.25,6,11],"rotation":{"angle":22.5,"axis":"y","origin":[11.25,2,3]},"faces":{"north":{"uv":[1.5,0,2,10],"rotation":90,"texture":"#book_texture"},"east":{"uv":[1.5,0,9,0.5],"rotation":180,"texture":"#book_texture"},"south":{"uv":[8.5,0,9,10],"rotation":90,"texture":"#book_texture"},"west":{"uv":[1.5,9.5,9,10],"rotation":180,"texture":"#book_texture"},"up":{"uv":[1.5,0,9,10],"rotation":90,"texture":"#book_texture"},"down":{"uv":[1.5,0,9,10],"rotation":270,"texture":"#book_texture"}}},{"from":[0.75,4.5,2.5],"to":[11.25,5.5,3],"rotation":{"angle":22.5,"axis":"y","origin":[11.25,2,3]},"faces":{"north":{"uv":[0,0,1,10],"rotation":90,"texture":"#book_texture"},"east":{"uv":[0,0,0.5,1],"texture":"#book_texture"},"south":{"uv":[2.5,0,3.5,10],"rotation":90,"texture":"#book_texture"},"west":{"uv":[0,9,0.5,10],"texture":"#book_texture"},"up":{"uv":[0,0,0.5,10],"rotation":90,"texture":"#book_texture"},"down":{"uv":[0,0,0.5,10],"rotation":270,"texture":"#book_texture"}}},{"from":[0.75,3.5,2],"to":[11.25,4.5,2.5],"rotation":{"angle":22.5,"axis":"y","origin":[11.25,2,3]},"faces":{"north":{"uv":[0.5,0,1.5,10],"rotation":90,"texture":"#book_texture"},"east":{"uv":[0.5,0,1,0.5],"texture":"#book_texture"},"south":{"uv":[0.5,0,1.5,10],"rotation":90,"texture":"#book_texture"},"west":{"uv":[0.5,9.5,1,10],"texture":"#book_texture"},"up":{"uv":[0.5,0,1,10],"rotation":90,"texture":"#book_texture"},"down":{"uv":[0.5,0,1,10],"rotation":270,"texture":"#book_texture"}}},{"from":[0.75,2.5,2.5],"to":[11.25,3.5,3],"rotation":{"angle":22.5,"axis":"y","origin":[11.25,2,3]},"faces":{"north":{"uv":[1,0,0,10],"rotation":90,"texture":"#book_texture"},"east":{"uv":[0,0,0.5,1],"texture":"#book_texture"},"south":{"uv":[2.5,0,3.5,10],"rotation":90,"texture":"#book_texture"},"west":{"uv":[0,9,0.5,10],"texture":"#book_texture"},"up":{"uv":[0,0,0.5,10],"rotation":90,"texture":"#book_texture"},"down":{"uv":[0,0,0.5,10],"rotation":270,"texture":"#book_texture"}}},{"from":[1.25,2.5,3],"to":[10.75,5.5,10.5],"rotation":{"angle":22.5,"axis":"y","origin":[11.25,2,3]},"faces":{"east":{"uv":[0,10,7.5,13],"texture":"#book_texture"},"south":{"uv":[9,0,12,9],"rotation":90,"texture":"#book_texture"},"west":{"uv":[0,13,7.5,16],"texture":"#book_texture"}}},{"from":[1.25,3.5,2.5],"to":[10.75,4.5,3],"rotation":{"angle":22.5,"axis":"y","origin":[11.25,2,3]},"faces":{"east":{"uv":[0,11,0.5,12],"texture":"#book_texture"},"west":{"uv":[0,14,0.5,15],"texture":"#book_texture"}}},{"from":[5.75,6,5],"to":[9.75,6.1,9],"rotation":{"angle":22.5,"axis":"y","origin":[11.25,2,3]},"faces":{"west":{"uv":[8,11.9,12,12],"texture":"#title"},"up":{"uv":[2,2.5,14,13.5],"rotation":90,"texture":"#title"}}},{"from":[5.75,6,4.5],"to":[9.75,6.3,5],"rotation":{"angle":22.5,"axis":"y","origin":[11.25,2,3]},"faces":{"north":{"uv":[15.5,11.5,16,15],"rotation":90,"texture":"#book_texture"},"east":{"uv":[15.5,11.5,16,15],"rotation":90,"texture":"#book_texture"},"south":{"uv":[15.5,11.5,16,15],"rotation":90,"texture":"#book_texture"},"west":{"uv":[15.5,11.5,16,15],"rotation":90,"texture":"#book_texture"},"up":{"uv":[15.5,11.5,16,15],"rotation":180,"texture":"#book_texture"}}},{"from":[5.2499,6,5],"to":[5.7499,6.3,9],"rotation":{"angle":22.5,"axis":"y","origin":[11.25,2,3]},"faces":{"north":{"uv":[8,15.5,12,16],"texture":"#book_texture"},"east":{"uv":[8,15.5,12,16],"texture":"#book_texture"},"south":{"uv":[8,15.5,12,16],"texture":"#book_texture"},"west":{"uv":[8,15.5,12,16],"texture":"#book_texture"},"up":{"uv":[8,15.5,12,16],"rotation":90,"texture":"#book_texture"}}},{"from":[9.75,6,5],"to":[10.25,6.3,9],"rotation":{"angle":22.5,"axis":"y","origin":[11.25,2,3]},"faces":{"north":{"uv":[12,15.5,16,16],"texture":"#book_texture"},"east":{"uv":[12,15.5,16,16],"texture":"#book_texture"},"south":{"uv":[12,15.5,16,16],"texture":"#book_texture"},"west":{"uv":[12,15.5,16,16],"texture":"#book_texture"},"up":{"uv":[12,15.5,16,16],"rotation":90,"texture":"#book_texture"}}},{"from":[5.75,6,9],"to":[9.75,6.3,9.5],"rotation":{"angle":22.5,"axis":"y","origin":[11.25,2,3]},"faces":{"north":{"uv":[15.5,8,16,11.5],"rotation":90,"texture":"#book_texture"},"east":{"uv":[15.5,8,16,8.5],"rotation":270,"texture":"#book_texture"},"south":{"uv":[15.5,8,16,11.5],"rotation":90,"texture":"#book_texture"},"west":{"uv":[15.5,8,16,11.5],"rotation":90,"texture":"#book_texture"},"up":{"uv":[15.5,8,16,11.5],"rotation":270,"texture":"#book_texture"}}},{"from":[1.05,3.75,3.75],"to":[1.25,4.5,5],"rotation":{"angle":22.5,"axis":"y","origin":[11.25,2,3]},"faces":{"north":{"uv":[8,10.5,8.5,11.5],"rotation":270,"texture":"#book_texture"},"south":{"uv":[9,10.5,8,11],"rotation":90,"texture":"#book_texture"},"west":{"uv":[8,11,9,11.5],"texture":"#book_texture"},"up":{"uv":[8,10.5,9,11.5],"rotation":90,"texture":"#book_texture"},"down":{"uv":[8,11.5,9,10.5],"rotation":270,"texture":"#book_texture"}}},{"from":[1.05,3.25,3.75],"to":[1.25,3.75,4],"rotation":{"angle":22.5,"axis":"y","origin":[11.25,2,3]},"faces":{"north":{"uv":[8,10.5,8.5,11],"texture":"#book_texture"},"south":{"uv":[8,10.5,8.5,11],"texture":"#book_texture"},"west":{"uv":[8,10.5,8.5,11],"texture":"#book_texture"},"down":{"uv":[8,10.5,8.5,11],"rotation":270,"texture":"#book_texture"}}},{"from":[1.05,3.25,4.75],"to":[1.25,3.75,5],"rotation":{"angle":22.5,"axis":"y","origin":[11.25,2,3]},"faces":{"north":{"uv":[9,10.5,8.5,11],"rotation":90,"texture":"#book_texture"},"south":{"uv":[9,10.5,8.5,11],"rotation":90,"texture":"#book_texture"},"west":{"uv":[9,10.5,8.5,11],"rotation":90,"texture":"#book_texture"},"down":{"uv":[9,10.5,8.5,11],"texture":"#book_texture"}}},{"from":[1.05,3.5,4],"to":[1.25,3.75,4.25],"rotation":{"angle":22.5,"axis":"y","origin":[11.25,2,3]},"faces":{"south":{"uv":[8,10.5,8.5,11],"texture":"#book_texture"},"west":{"uv":[8,10.5,8.5,11],"texture":"#book_texture"},"down":{"uv":[8,10.5,8.5,11],"rotation":270,"texture":"#book_texture"}}},{"from":[1.05,3.5,4.5],"to":[1.25,3.75,4.75],"rotation":{"angle":22.5,"axis":"y","origin":[11.25,2,3]},"faces":{"north":{"uv":[9,10.5,8.5,11],"rotation":90,"texture":"#book_texture"},"west":{"uv":[9,10.5,8.5,11],"rotation":90,"texture":"#book_texture"},"down":{"uv":[9,10.5,8.5,11],"texture":"#book_texture"}}},{"from":[1.25,0,7.25],"to":[8.25,0.5,17.25],"rotation":{"angle":45,"axis":"y","origin":[1.25,0,7.25]},"faces":{"north":{"uv":[0,0,6.75,0.5],"texture":"#texture"},"east":{"uv":[6.5,10,7,0],"rotation":90,"texture":"#texture"},"south":{"uv":[0,9.5,6.75,10],"texture":"#texture"},"west":{"uv":[0,10,0.5,0],"rotation":90,"texture":"#texture"},"up":{"uv":[0,0,6.75,10],"texture":"#texture"},"down":{"uv":[0,0,6.75,10],"texture":"#texture","cullface":"down"}}},{"from":[1.7717,0.5,7.75],"to":[7.7717,1.5,16.75],"rotation":{"angle":45,"axis":"y","origin":[1.25,0,7.25]},"faces":{"north":{"uv":[0,13.5,5.75,14.5],"texture":"#texture"},"east":{"uv":[0,13.5,9,14.5],"texture":"#texture"},"south":{"uv":[0,13.5,5.75,14.5],"texture":"#texture"},"west":{"uv":[9,13,9.5,14],"texture":"#texture"}}},{"from":[1.25,1.5,7.25],"to":[8.25,2,17.25],"rotation":{"angle":45,"axis":"y","origin":[1.25,0,7.25]},"faces":{"north":{"uv":[6.75,0,0,0.5],"texture":"#texture"},"east":{"uv":[6.5,0,7,10],"rotation":270,"texture":"#texture"},"south":{"uv":[6.75,9.5,0,10],"texture":"#texture"},"west":{"uv":[0,0,0.5,10],"rotation":90,"texture":"#texture"},"up":{"uv":[0,0,6.75,10],"texture":"#texture"},"down":{"uv":[0,0,6.75,10],"texture":"#texture"}}},{"from":[1.25,0.5,7.25],"to":[1.75,1.5,17.25],"rotation":{"angle":45,"axis":"y","origin":[1.25,0,7.25]},"faces":{"north":{"uv":[7,0,8,0.5],"rotation":90,"texture":"#texture"},"east":{"uv":[6.5,0,7,10],"rotation":90,"texture":"#texture"},"south":{"uv":[7,9.5,8,10],"rotation":90,"texture":"#texture"},"west":{"uv":[8,10,7,0],"rotation":90,"texture":"#texture"}}}]}