{"textures":{"texture":"books/1","texture1":"books/2"},"elements":[{"from":[4.75,3.5,4.25],"to":[11.75,4,14.25],"faces":{"north":{"uv":[0,11.5,7,12],"texture":"#texture"},"east":{"uv":[2.5,0,3,10.5],"rotation":90,"texture":"#texture"},"south":{"uv":[0,0,7,0.5],"texture":"#texture"},"up":{"uv":[0,0,7,10],"texture":"#texture"},"down":{"uv":[0,0,7,10],"texture":"#texture"}}},{"from":[4.75,4,4.75],"to":[11.25,6.5,13.75],"faces":{"north":{"uv":[0,13.5,6.5,16],"texture":"#texture"},"east":{"uv":[0,13.5,9,16],"texture":"#texture"},"south":{"uv":[0,13.5,6.5,16],"texture":"#texture"}}},{"from":[4.75,6.5,4.25],"to":[11.75,7,14.25],"faces":{"north":{"uv":[0,11.5,7,12],"texture":"#texture"},"east":{"uv":[2.5,0,3,10.5],"rotation":90,"texture":"#texture"},"south":{"uv":[0,0,7,0.5],"texture":"#texture"},"up":{"uv":[0,0,7,10],"texture":"#texture"},"down":{"uv":[0,0,7,10],"texture":"#texture"}}},{"from":[4.25,3.5,4.25],"to":[4.75,7,14.25],"faces":{"north":{"uv":[5,3.5,5.5,7],"texture":"#texture"},"east":{"uv":[0,1.5,10,5],"texture":"#texture"},"south":{"uv":[4.5,3.5,5,7],"texture":"#texture"},"west":{"uv":[0,0,10,3.5],"texture":"#texture"},"up":{"uv":[0,0,0.5,10],"texture":"#texture"},"down":{"uv":[0,0,0.5,10],"texture":"#texture"}}},{"from":[2.5,0,6],"to":[9.5,0.5,16],"rotation":{"angle":22.5,"axis":"y","origin":[2.5,0,6]},"faces":{"north":{"uv":[0,11.5,7,12],"texture":"#texture1"},"east":{"uv":[2.5,0,3,10.5],"rotation":90,"texture":"#texture1"},"south":{"uv":[0,0,7,0.5],"texture":"#texture1"},"up":{"uv":[0,0,7,10],"texture":"#texture1"},"down":{"uv":[0,0,7,10],"texture":"#texture1"}}},{"from":[2.5,0.5,6.5],"to":[9,3,15.5],"rotation":{"angle":22.5,"axis":"y","origin":[2.5,0,6]},"faces":{"north":{"uv":[0,13.5,6.5,16],"texture":"#texture1"},"east":{"uv":[0,13.5,9,16],"texture":"#texture1"},"south":{"uv":[0,13.5,6.5,16],"texture":"#texture1"}}},{"from":[2.5,3,6],"to":[9.5,3.5,16],"rotation":{"angle":22.5,"axis":"y","origin":[2.5,0,6]},"faces":{"north":{"uv":[0,11.5,7,12],"texture":"#texture1"},"east":{"uv":[2.5,0,3,10.5],"rotation":90,"texture":"#texture1"},"south":{"uv":[0,0,7,0.5],"texture":"#texture1"},"up":{"uv":[0,0,7,10],"texture":"#texture1"},"down":{"uv":[0,0,7,10],"texture":"#texture1"}}},{"from":[2,0,6],"to":[2.5,3.5,16],"rotation":{"angle":22.5,"axis":"y","origin":[2.5,0,6]},"faces":{"north":{"uv":[5,3.5,5.5,7],"texture":"#texture1"},"east":{"uv":[0,1.5,10,5],"texture":"#texture1"},"south":{"uv":[4.5,3.5,5,7],"texture":"#texture1"},"west":{"uv":[0,0,10,3.5],"texture":"#texture1"},"up":{"uv":[0,0,0.5,10],"texture":"#texture1"},"down":{"uv":[0,0,0.5,10],"texture":"#texture1"}}}]}