{"textures":{"ink":"book7/ink","particle":"book7/ink","feather":"book7/feather","ink2":"book7/ink2"},"elements":[{"from":[2,0.5,2.75],"to":[2.5,3,5.25],"rotation":{"angle":-22.5,"axis":"y","origin":[2,0.5,2.75]},"faces":{"north":{"uv":[11,5.5,6,0.5],"rotation":90,"texture":"#ink"},"east":{"uv":[6,0.5,11,5.5],"rotation":180,"texture":"#ink"},"south":{"uv":[11,5.5,6,0.5],"rotation":270,"texture":"#ink"},"west":{"uv":[11,5.5,6,0.5],"rotation":180,"texture":"#ink"},"up":{"uv":[11,5.5,6,0.5],"rotation":270,"texture":"#ink"},"down":{"uv":[6,0.5,11,5.5],"rotation":90,"texture":"#ink"}}},{"from":[2.5,0.5,2.25],"to":[5,3,2.75],"rotation":{"angle":-22.5,"axis":"y","origin":[2,0.5,2.75]},"faces":{"north":{"uv":[15,14.5,10,9.5],"rotation":90,"texture":"#ink"},"east":{"uv":[6,0.5,11,1.5],"rotation":90,"texture":"#ink"},"south":{"uv":[11,5.5,6,0.5],"rotation":270,"texture":"#ink"},"west":{"uv":[11,1.5,6,0.5],"rotation":90,"texture":"#ink"},"up":{"uv":[11,5.5,6,0.5],"rotation":270,"texture":"#ink"},"down":{"uv":[6,0.5,11,5.5],"rotation":90,"texture":"#ink"}}},{"from":[2.5,0.5,5.25],"to":[5,3,5.75],"rotation":{"angle":-22.5,"axis":"y","origin":[2,0.5,2.75]},"faces":{"north":{"uv":[14,3,13,4],"rotation":270,"texture":"#ink"},"east":{"uv":[6,0.5,11,1.5],"rotation":90,"texture":"#ink"},"south":{"uv":[15,9,10,4],"rotation":270,"texture":"#ink"},"west":{"uv":[11,1.5,6,0.5],"rotation":90,"texture":"#ink"},"up":{"uv":[14,3,13,4],"rotation":270,"texture":"#ink"},"down":{"uv":[14,3,13,4],"rotation":270,"texture":"#ink"}}},{"from":[2.5,0,2.75],"to":[5,0.5,5.25],"rotation":{"angle":-22.5,"axis":"y","origin":[2,0.5,2.75]},"faces":{"north":{"uv":[11,12.5,6,7.5],"rotation":90,"texture":"#ink"},"east":{"uv":[6,0.5,11,1.5],"rotation":90,"texture":"#ink"},"south":{"uv":[11,5.5,6,0.5],"rotation":270,"texture":"#ink"},"west":{"uv":[11,1.5,6,0.5],"rotation":90,"texture":"#ink"},"up":{"uv":[11,5.5,6,0.5],"rotation":270,"texture":"#ink"},"down":{"uv":[2,0,7,5],"rotation":90,"texture":"#ink"}}},{"from":[2.5,3,2.75],"to":[5,3.5,5.25],"rotation":{"angle":-22.5,"axis":"y","origin":[2,0.5,2.75]},"faces":{"north":{"uv":[11,5.5,6,0.5],"rotation":90,"texture":"#ink"},"east":{"uv":[6,0.5,11,1.5],"rotation":90,"texture":"#ink"},"south":{"uv":[11,5.5,6,0.5],"rotation":270,"texture":"#ink"},"west":{"uv":[11,1.5,6,0.5],"rotation":90,"texture":"#ink"},"up":{"uv":[6,12.5,1,7.5],"rotation":270,"texture":"#ink"},"down":{"uv":[6,0.5,11,5.5],"rotation":90,"texture":"#ink"}}},{"from":[5,0.5,2.75],"to":[5.5,3,5.25],"rotation":{"angle":-22.5,"axis":"y","origin":[2,0.5,2.75]},"faces":{"north":{"uv":[11,1.5,10,1],"rotation":180,"texture":"#ink"},"east":{"uv":[6,0.5,11,5.5],"rotation":180,"texture":"#ink"},"south":{"uv":[11,1.5,10,1],"rotation":180,"texture":"#ink"},"west":{"uv":[11,5.5,6,0.5],"rotation":180,"texture":"#ink"},"up":{"uv":[11,1.5,10,1],"rotation":180,"texture":"#ink"},"down":{"uv":[11,1.5,10,1],"rotation":180,"texture":"#ink"}}},{"from":[5.5,1,3.25],"to":[6,2.5,4.75],"rotation":{"angle":-22.5,"axis":"y","origin":[2,0.5,2.75]},"faces":{"north":{"uv":[11,1.5,10,1],"rotation":180,"texture":"#ink"},"south":{"uv":[11,1.5,10,1],"rotation":180,"texture":"#ink"},"up":{"uv":[11,1.5,10,1],"rotation":180,"texture":"#ink"},"down":{"uv":[11,1.5,10,1],"rotation":180,"texture":"#ink"}}},{"from":[6,0.5,2.75],"to":[6.5,3,5.25],"rotation":{"angle":-22.5,"axis":"y","origin":[2,0.5,2.75]},"faces":{"north":{"uv":[11,1.5,10,1],"rotation":180,"texture":"#ink"},"east":{"uv":[11,1.5,10,1],"rotation":180,"texture":"#ink"},"south":{"uv":[11,1.5,10,1],"rotation":180,"texture":"#ink"},"west":{"uv":[11,1.5,10,1],"rotation":180,"texture":"#ink"},"up":{"uv":[11,1.5,10,1],"rotation":180,"texture":"#ink"},"down":{"uv":[11,1.5,10,1],"rotation":180,"texture":"#ink"}}},{"from":[10.8097,0.25,6.0297],"to":[11.3097,0.5,8.5297],"rotation":{"angle":-22.5,"axis":"y","origin":[8.75,-0.75,6]},"faces":{"north":{"uv":[5.75,11.5,5.25,11.25],"rotation":180,"texture":"#feather"},"east":{"uv":[2.75,11.25,5.25,11],"rotation":180,"texture":"#feather"},"south":{"uv":[5.25,11.25,5.75,11],"rotation":180,"texture":"#feather"},"west":{"uv":[2.5,9.5,0,9.25],"rotation":180,"texture":"#feather"},"up":{"uv":[2.5,12,0,12.5],"rotation":270,"texture":"#feather"},"down":{"uv":[2.5,13,0,12.5],"rotation":90,"texture":"#feather"}}},{"from":[11.25,0.25,4.5],"to":[11.5,0.5,6.75],"rotation":{"angle":-22.5,"axis":"y","origin":[5.25,-0.75,3.5]},"faces":{"north":{"uv":[2.75,14,2.5,13.75],"rotation":180,"texture":"#feather"},"south":{"uv":[2.5,13.25,2.75,13],"rotation":180,"texture":"#feather"},"west":{"uv":[5,10.25,2.75,10],"rotation":180,"texture":"#feather"},"up":{"uv":[5,10.5,2.75,10.75],"rotation":270,"texture":"#feather"},"down":{"uv":[5,11,2.75,10.75],"rotation":90,"texture":"#feather"}}},{"from":[9.75,0.25,4.5],"to":[10,0.5,5],"rotation":{"angle":-22.5,"axis":"y","origin":[5.25,-0.75,3.5]},"faces":{"north":{"uv":[2.75,9.5,2.5,9.25],"rotation":180,"texture":"#feather"},"east":{"uv":[6.5,8.5,7,8.25],"rotation":180,"texture":"#feather"},"south":{"uv":[2.5,9.25,2.75,9],"rotation":180,"texture":"#feather"},"up":{"uv":[16,15,15.5,15.25],"rotation":270,"texture":"#feather"},"down":{"uv":[16,15.5,15.5,15.25],"rotation":90,"texture":"#feather"}}},{"from":[12.75,0.2501,4.75],"to":[13,0.5001,7.5],"rotation":{"angle":-22.5,"axis":"y","origin":[5.25,-0.75,3.5]},"faces":{"north":{"uv":[2.75,9,2.5,8.75],"rotation":180,"texture":"#feather"},"east":{"uv":[0,10.75,2.75,10.5],"rotation":180,"texture":"#feather"},"south":{"uv":[2.5,8.75,2.75,8.5],"rotation":180,"texture":"#feather"},"west":{"uv":[2.75,10.5,0,10.25],"rotation":180,"texture":"#feather"},"up":{"uv":[2.75,10.75,0,11],"rotation":270,"texture":"#feather"},"down":{"uv":[2.75,12,0,11.75],"rotation":90,"texture":"#feather"}}},{"from":[12,0.25,4.75],"to":[12.75,0.5,7.25],"rotation":{"angle":-22.5,"axis":"y","origin":[5.25,-0.75,3.5]},"faces":{"north":{"uv":[6.5,9,5.75,8.75],"rotation":180,"texture":"#feather"},"south":{"uv":[6.5,10,7.25,9.75],"rotation":180,"texture":"#feather"},"west":{"uv":[2.5,8.5,0,8.25],"rotation":180,"texture":"#feather"},"up":{"uv":[2.5,13,0,13.75],"rotation":270,"texture":"#feather"},"down":{"uv":[2.5,14.5,0,13.75],"rotation":90,"texture":"#feather"}}},{"from":[11,0.25,4.75],"to":[11.25,0.5,6.75],"rotation":{"angle":-22.5,"axis":"y","origin":[5.25,-0.75,3.5]},"faces":{"north":{"uv":[2.75,8.5,2.5,8.25],"rotation":180,"texture":"#feather"},"south":{"uv":[2.5,8.25,2.75,8],"rotation":180,"texture":"#feather"},"west":{"uv":[4.75,10,2.75,9.75],"rotation":180,"texture":"#feather"},"up":{"uv":[4.75,9.25,2.75,9.5],"rotation":270,"texture":"#feather"},"down":{"uv":[4.75,9.25,2.75,9],"rotation":90,"texture":"#feather"}}},{"from":[10.75,0.25,4.75],"to":[11,0.5,6.5],"rotation":{"angle":-22.5,"axis":"y","origin":[5.25,-0.75,3.5]},"faces":{"north":{"uv":[5.75,10,5.5,9.75],"rotation":180,"texture":"#feather"},"south":{"uv":[5.5,9.75,5.75,9.5],"rotation":180,"texture":"#feather"},"west":{"uv":[4.5,9,2.75,8.75],"rotation":180,"texture":"#feather"},"up":{"uv":[15.5,15.5,13.75,15.75],"rotation":270,"texture":"#feather"},"down":{"uv":[4.5,8.75,2.75,8.5],"rotation":90,"texture":"#feather"}}},{"from":[10,0.2501,4.75],"to":[10.25,0.5001,5.25],"rotation":{"angle":-22.5,"axis":"y","origin":[5.25,-0.75,3.5]},"faces":{"north":{"uv":[5.75,9.5,5.5,9.25],"rotation":180,"texture":"#feather"},"east":{"uv":[7.25,8.25,7.75,8],"rotation":180,"texture":"#feather"},"south":{"uv":[5.5,9.25,5.75,9],"rotation":180,"texture":"#feather"},"west":{"uv":[8.25,9.25,7.75,9],"rotation":180,"texture":"#feather"},"up":{"uv":[7.75,8.25,7.25,8.5],"rotation":270,"texture":"#feather"},"down":{"uv":[7.75,8.75,7.25,8.5],"rotation":90,"texture":"#feather"}}},{"from":[13,0.2501,5],"to":[13.75,0.5001,7.75],"rotation":{"angle":-22.5,"axis":"y","origin":[5.25,-0.75,3.5]},"faces":{"north":{"uv":[7.25,9.5,6.5,9.25],"rotation":180,"texture":"#feather"},"east":{"uv":[0,10.25,2.75,10],"rotation":180,"texture":"#feather"},"south":{"uv":[8,10,8.75,9.75],"rotation":180,"texture":"#feather"},"west":{"uv":[2.75,10,0,9.75],"rotation":180,"texture":"#feather"},"up":{"uv":[2.75,14.5,0,15.25],"rotation":270,"texture":"#feather"},"down":{"uv":[2.75,16,0,15.25],"rotation":90,"texture":"#feather"}}},{"from":[10.5,0.25,5],"to":[10.75,0.5,6.25],"rotation":{"angle":-22.5,"axis":"y","origin":[5.25,-0.75,3.5]},"faces":{"north":{"uv":[9,10,8.75,9.75],"rotation":180,"texture":"#feather"},"south":{"uv":[7,8.5,7.25,8.25],"rotation":180,"texture":"#feather"},"west":{"uv":[5.75,9,4.5,8.75],"rotation":180,"texture":"#feather"},"up":{"uv":[5.75,8.25,4.5,8.5],"rotation":270,"texture":"#feather"},"down":{"uv":[5.75,8.25,4.5,8],"rotation":90,"texture":"#feather"}}},{"from":[10.25,0.25,5],"to":[10.5,0.5,5.5],"rotation":{"angle":-22.5,"axis":"y","origin":[5.25,-0.75,3.5]},"faces":{"north":{"uv":[7.25,8.25,7,8],"rotation":180,"texture":"#feather"},"south":{"uv":[8.75,9.75,9,9.5],"rotation":180,"texture":"#feather"},"west":{"uv":[8.75,8.5,8.25,8.25],"rotation":180,"texture":"#feather"},"up":{"uv":[8.25,8,7.75,8.25],"rotation":270,"texture":"#feather"},"down":{"uv":[8.25,8.5,7.75,8.25],"rotation":90,"texture":"#feather"}}},{"from":[11.25,0,5.25],"to":[11.5,0.25,5.75],"rotation":{"angle":-22.5,"axis":"y","origin":[5.25,-0.75,3.5]},"faces":{"north":{"uv":[9,9.5,8.75,9.25],"rotation":180,"texture":"#feather"},"east":{"uv":[10.5,15,11,14.75],"rotation":180,"texture":"#feather"},"south":{"uv":[8.75,9.25,9,9],"rotation":180,"texture":"#feather"},"west":{"uv":[11.5,15,11,14.75],"rotation":180,"texture":"#feather"},"down":{"uv":[10,15,9.5,14.75],"rotation":90,"texture":"#feather"}}},{"from":[10.75,0,5.25],"to":[11.25,0.25,5.5],"rotation":{"angle":-22.5,"axis":"y","origin":[5.25,-0.75,3.5]},"faces":{"north":{"uv":[14,15,13.5,14.75],"rotation":180,"texture":"#feather"},"south":{"uv":[14,15,14.5,14.75],"rotation":180,"texture":"#feather"},"west":{"uv":[9,8.75,8.75,8.5],"rotation":180,"texture":"#feather"},"down":{"uv":[2.75,14.5,2.5,14],"rotation":90,"texture":"#feather"}}},{"from":[14,0.2501,5.25],"to":[14.25,0.5001,8.25],"rotation":{"angle":-22.5,"axis":"y","origin":[5.25,-0.75,3.5]},"faces":{"north":{"uv":[9,8.5,8.75,8.25],"rotation":180,"texture":"#feather"},"east":{"uv":[2.75,13,5.75,12.75],"rotation":180,"texture":"#feather"},"south":{"uv":[8.75,8.25,9,8],"rotation":180,"texture":"#feather"},"west":{"uv":[5.75,13.25,2.75,13],"rotation":180,"texture":"#feather"},"up":{"uv":[5.75,12.5,2.75,12.75],"rotation":270,"texture":"#feather"},"down":{"uv":[5.75,12.5,2.75,12.25],"rotation":90,"texture":"#feather"}}},{"from":[13.75,0.2501,5.25],"to":[14,0.5001,8],"rotation":{"angle":-22.5,"axis":"y","origin":[5.25,-0.75,3.5]},"faces":{"north":{"uv":[9.75,11.25,9.5,11],"rotation":180,"texture":"#feather"},"south":{"uv":[9.75,11.25,10,11],"rotation":180,"texture":"#feather"},"west":{"uv":[2.75,9.75,0,9.5],"rotation":180,"texture":"#feather"},"up":{"uv":[2.75,11.5,0,11.75],"rotation":270,"texture":"#feather"},"down":{"uv":[2.75,11.25,0,11],"rotation":90,"texture":"#feather"}}},{"from":[11.25,0.5,5.25],"to":[11.5,0.75,5.75],"rotation":{"angle":-22.5,"axis":"y","origin":[5.25,-0.75,3.5]},"faces":{"north":{"uv":[9.75,11,9.5,10.75],"rotation":180,"texture":"#feather"},"east":{"uv":[10.5,14.75,11,14.5],"rotation":180,"texture":"#feather"},"south":{"uv":[9.75,11,10,10.75],"rotation":180,"texture":"#feather"},"west":{"uv":[11.5,14.75,11,14.5],"rotation":180,"texture":"#feather"},"up":{"uv":[10.5,14.5,10,14.75],"rotation":270,"texture":"#feather"}}},{"from":[10.75,0.5,5.25],"to":[11.25,0.75,5.5],"rotation":{"angle":-22.5,"axis":"y","origin":[5.25,-0.75,3.5]},"faces":{"north":{"uv":[14,14.75,13.5,14.5],"rotation":180,"texture":"#feather"},"south":{"uv":[14,14.75,14.5,14.5],"rotation":180,"texture":"#feather"},"west":{"uv":[10,10.75,9.75,10.5],"rotation":180,"texture":"#feather"},"up":{"uv":[2.75,12,2.5,12.5],"rotation":270,"texture":"#feather"}}},{"from":[11.75,0,5.5],"to":[12,0.25,6],"rotation":{"angle":-22.5,"axis":"y","origin":[5.25,-0.75,3.5]},"faces":{"north":{"uv":[9.75,10.5,9.5,10.25],"rotation":180,"texture":"#feather"},"east":{"uv":[15.5,14.75,16,14.5],"rotation":180,"texture":"#feather"},"south":{"uv":[9.75,10.5,10,10.25],"rotation":180,"texture":"#feather"},"west":{"uv":[9.5,14.5,9,14.25],"rotation":180,"texture":"#feather"},"down":{"uv":[15,14.75,14.5,14.5],"rotation":90,"texture":"#feather"}}},{"from":[11.5,0,5.5],"to":[11.75,0.25,5.75],"rotation":{"angle":-22.5,"axis":"y","origin":[5.25,-0.75,3.5]},"faces":{"north":{"uv":[9.75,9.75,9.5,9.5],"rotation":180,"texture":"#feather"},"south":{"uv":[9.75,9.75,10,9.5],"rotation":180,"texture":"#feather"},"down":{"uv":[9.75,10.25,9.5,10],"rotation":90,"texture":"#feather"}}},{"from":[14.25,0.2501,5.5],"to":[14.75,0.5001,8.5],"rotation":{"angle":-22.5,"axis":"y","origin":[5.25,-0.75,3.5]},"faces":{"north":{"uv":[9.5,12.25,9,12],"rotation":180,"texture":"#feather"},"east":{"uv":[2.75,14.75,5.75,14.5],"rotation":180,"texture":"#feather"},"south":{"uv":[9,12,9.5,11.75],"rotation":180,"texture":"#feather"},"west":{"uv":[5.75,14.5,2.75,14.25],"rotation":180,"texture":"#feather"},"up":{"uv":[5.75,15.5,2.75,16],"rotation":270,"texture":"#feather"},"down":{"uv":[5.75,15.5,2.75,15],"rotation":90,"texture":"#feather"}}},{"from":[11.75,0.5,5.5],"to":[12,0.75,6],"rotation":{"angle":-22.5,"axis":"y","origin":[5.25,-0.75,3.5]},"faces":{"north":{"uv":[11,13.25,10.75,13],"rotation":180,"texture":"#feather"},"east":{"uv":[9,11.25,9.5,11],"rotation":180,"texture":"#feather"},"south":{"uv":[10.5,8.25,10.75,8],"rotation":180,"texture":"#feather"},"west":{"uv":[9.5,11,9,10.75],"rotation":180,"texture":"#feather"},"up":{"uv":[9.5,11.25,9,11.5],"rotation":270,"texture":"#feather"}}},{"from":[11.5,0.5,5.5],"to":[11.75,0.75,5.75],"rotation":{"angle":-22.5,"axis":"y","origin":[5.25,-0.75,3.5]},"faces":{"north":{"uv":[10.75,10,10.5,9.75],"rotation":180,"texture":"#feather"},"south":{"uv":[10.5,10.25,10.75,10],"rotation":180,"texture":"#feather"},"up":{"uv":[10.75,8.5,10.5,8.75],"rotation":270,"texture":"#feather"}}},{"from":[12.25,0,5.75],"to":[12.5,0.25,6.25],"rotation":{"angle":-22.5,"axis":"y","origin":[5.25,-0.75,3.5]},"faces":{"north":{"uv":[10.75,11,10.5,10.75],"rotation":180,"texture":"#feather"},"east":{"uv":[9,10.25,9.5,10],"rotation":180,"texture":"#feather"},"south":{"uv":[10.5,11.25,10.75,11],"rotation":180,"texture":"#feather"},"west":{"uv":[9.5,10,9,9.75],"rotation":180,"texture":"#feather"},"down":{"uv":[9.5,10.75,9,10.5],"rotation":90,"texture":"#feather"}}},{"from":[12,0,5.75],"to":[12.25,0.25,6],"rotation":{"angle":-22.5,"axis":"y","origin":[5.25,-0.75,3.5]},"faces":{"north":{"uv":[10.75,13,10.5,12.75],"rotation":180,"texture":"#feather"},"south":{"uv":[10.5,13.25,10.75,13],"rotation":180,"texture":"#feather"},"down":{"uv":[10.75,11.5,10.5,11.25],"rotation":90,"texture":"#feather"}}},{"from":[14.75,0.2501,5.75],"to":[15,0.5001,8.75],"rotation":{"angle":-22.5,"axis":"y","origin":[5.25,-0.75,3.5]},"faces":{"north":{"uv":[15.5,13.5,15.25,13.25],"rotation":180,"texture":"#feather"},"east":{"uv":[2.75,14,5.75,13.75],"rotation":180,"texture":"#feather"},"south":{"uv":[15,13.5,15.25,13.25],"rotation":180,"texture":"#feather"},"west":{"uv":[5.75,14.25,2.75,14],"rotation":180,"texture":"#feather"},"up":{"uv":[5.75,13.5,2.75,13.75],"rotation":270,"texture":"#feather"},"down":{"uv":[5.75,13.5,2.75,13.25],"rotation":90,"texture":"#feather"}}},{"from":[12.25,0.5001,5.75],"to":[12.5,0.7501,6.25],"rotation":{"angle":-22.5,"axis":"y","origin":[5.25,-0.75,3.5]},"faces":{"north":{"uv":[15,13.5,14.75,13.25],"rotation":180,"texture":"#feather"},"east":{"uv":[9,9.25,9.5,9],"rotation":180,"texture":"#feather"},"south":{"uv":[14.5,13.5,14.75,13.25],"rotation":180,"texture":"#feather"},"west":{"uv":[9.5,9,9,8.75],"rotation":180,"texture":"#feather"},"up":{"uv":[9.5,9.25,9,9.5],"rotation":270,"texture":"#feather"}}},{"from":[12,0.5,5.75],"to":[12.25,0.75,6],"rotation":{"angle":-22.5,"axis":"y","origin":[5.25,-0.75,3.5]},"faces":{"north":{"uv":[10.5,9.25,10.25,9],"rotation":180,"texture":"#feather"},"south":{"uv":[10.25,9.5,10.5,9.25],"rotation":180,"texture":"#feather"},"up":{"uv":[13.75,13.25,13.5,13.5],"rotation":270,"texture":"#feather"}}},{"from":[12.75,0.0001,6],"to":[13,0.2501,6.5],"rotation":{"angle":-22.5,"axis":"y","origin":[5.25,-0.75,3.5]},"faces":{"north":{"uv":[10.5,9.75,10.25,9.5],"rotation":180,"texture":"#feather"},"east":{"uv":[9,8.25,9.5,8],"rotation":180,"texture":"#feather"},"south":{"uv":[10.25,10,10.5,9.75],"rotation":180,"texture":"#feather"},"west":{"uv":[10,14.5,9.5,14.25],"rotation":180,"texture":"#feather"},"down":{"uv":[9.5,8.75,9,8.5],"rotation":90,"texture":"#feather"}}},{"from":[12.5,0,6],"to":[12.75,0.25,6.25],"rotation":{"angle":-22.5,"axis":"y","origin":[5.25,-0.75,3.5]},"faces":{"north":{"uv":[14.5,13.75,14.25,13.5],"rotation":180,"texture":"#feather"},"south":{"uv":[14,13.75,14.25,13.5],"rotation":180,"texture":"#feather"},"down":{"uv":[10.5,12.25,10.25,12],"rotation":90,"texture":"#feather"}}},{"from":[15,0.2501,6],"to":[15.25,0.5001,9],"rotation":{"angle":-22.5,"axis":"y","origin":[5.25,-0.75,3.5]},"faces":{"north":{"uv":[14,13.75,13.75,13.5],"rotation":180,"texture":"#feather"},"east":{"uv":[2.75,12.25,5.75,12],"rotation":180,"texture":"#feather"},"south":{"uv":[13.5,13.75,13.75,13.5],"rotation":180,"texture":"#feather"},"west":{"uv":[5.75,15,2.75,14.75],"rotation":180,"texture":"#feather"},"up":{"uv":[5.75,11.75,2.75,12],"rotation":270,"texture":"#feather"},"down":{"uv":[5.75,11.75,2.75,11.5],"rotation":90,"texture":"#feather"}}},{"from":[12.75,0.5001,6],"to":[13,0.7501,6.5],"rotation":{"angle":-22.5,"axis":"y","origin":[5.25,-0.75,3.5]},"faces":{"north":{"uv":[11.5,13.75,11.25,13.5],"rotation":180,"texture":"#feather"},"east":{"uv":[11,14.5,11.5,14.25],"rotation":180,"texture":"#feather"},"south":{"uv":[11,13.75,11.25,13.5],"rotation":180,"texture":"#feather"},"west":{"uv":[12,14.5,11.5,14.25],"rotation":180,"texture":"#feather"},"up":{"uv":[11,14.25,10.5,14.5],"rotation":270,"texture":"#feather"}}},{"from":[12.5,0.5001,6],"to":[12.75,0.7501,6.25],"rotation":{"angle":-22.5,"axis":"y","origin":[5.25,-0.75,3.5]},"faces":{"north":{"uv":[10.25,12,10,11.75],"rotation":180,"texture":"#feather"},"south":{"uv":[10,12.25,10.25,12],"rotation":180,"texture":"#feather"},"up":{"uv":[10.75,13.5,10.5,13.75],"rotation":270,"texture":"#feather"}}},{"from":[13.25,0.0001,6.25],"to":[13.5,0.2501,6.75],"rotation":{"angle":-22.5,"axis":"y","origin":[5.25,-0.75,3.5]},"faces":{"north":{"uv":[11,14,10.75,13.75],"rotation":180,"texture":"#feather"},"east":{"uv":[13,14.5,13.5,14.25],"rotation":180,"texture":"#feather"},"south":{"uv":[10.5,14,10.75,13.75],"rotation":180,"texture":"#feather"},"west":{"uv":[14,14.5,13.5,14.25],"rotation":180,"texture":"#feather"},"down":{"uv":[12.5,14.5,12,14.25],"rotation":90,"texture":"#feather"}}},{"from":[13,0.0001,6.25],"to":[13.25,0.2501,6.5],"rotation":{"angle":-22.5,"axis":"y","origin":[5.25,-0.75,3.5]},"faces":{"north":{"uv":[10.5,8.25,10.25,8],"rotation":180,"texture":"#feather"},"south":{"uv":[10.25,8.5,10.5,8.25],"rotation":180,"texture":"#feather"},"down":{"uv":[10.5,14,10.25,13.75],"rotation":90,"texture":"#feather"}}},{"from":[15.25,0.2501,6.25],"to":[15.5,0.5001,9.5],"rotation":{"angle":-22.5,"axis":"y","origin":[5.25,-0.75,3.5]},"faces":{"north":{"uv":[12,14,11.75,13.75],"rotation":180,"texture":"#feather"},"east":{"uv":[5.75,15.5,9,15.25],"rotation":180,"texture":"#feather"},"south":{"uv":[11.5,14,11.75,13.75],"rotation":180,"texture":"#feather"},"west":{"uv":[12.25,15.5,9,15.25],"rotation":180,"texture":"#feather"},"up":{"uv":[9,10.5,5.75,10.75],"rotation":270,"texture":"#feather"},"down":{"uv":[9,11,5.75,10.75],"rotation":90,"texture":"#feather"}}},{"from":[13.25,0.5001,6.25],"to":[13.5,0.7501,6.75],"rotation":{"angle":-22.5,"axis":"y","origin":[5.25,-0.75,3.5]},"faces":{"north":{"uv":[10,8.5,9.75,8.25],"rotation":180,"texture":"#feather"},"east":{"uv":[15,14.5,15.5,14.25],"rotation":180,"texture":"#feather"},"south":{"uv":[9.5,8.5,9.75,8.25],"rotation":180,"texture":"#feather"},"west":{"uv":[16,14.5,15.5,14.25],"rotation":180,"texture":"#feather"},"up":{"uv":[15,14.25,14.5,14.5],"rotation":270,"texture":"#feather"}}},{"from":[13,0.5001,6.25],"to":[13.25,0.7501,6.5],"rotation":{"angle":-22.5,"axis":"y","origin":[5.25,-0.75,3.5]},"faces":{"north":{"uv":[10.25,10.75,10,10.5],"rotation":180,"texture":"#feather"},"south":{"uv":[13,14,13.25,13.75],"rotation":180,"texture":"#feather"},"up":{"uv":[13.5,13.75,13.25,14],"rotation":270,"texture":"#feather"}}},{"from":[13.75,0.0001,6.5],"to":[14,0.2501,7],"rotation":{"angle":-22.5,"axis":"y","origin":[5.25,-0.75,3.5]},"faces":{"north":{"uv":[10.25,10.5,10,10.25],"rotation":180,"texture":"#feather"},"east":{"uv":[11,14.25,11.5,14],"rotation":180,"texture":"#feather"},"south":{"uv":[10,10.25,10.25,10],"rotation":180,"texture":"#feather"},"west":{"uv":[12,14.25,11.5,14],"rotation":180,"texture":"#feather"},"down":{"uv":[10.5,14.25,10,14],"rotation":90,"texture":"#feather"}}},{"from":[13.5,0.0001,6.5],"to":[13.75,0.2501,6.75],"rotation":{"angle":-22.5,"axis":"y","origin":[5.25,-0.75,3.5]},"faces":{"north":{"uv":[9.75,8.75,9.5,8.5],"rotation":180,"texture":"#feather"},"south":{"uv":[9.75,8.75,10,8.5],"rotation":180,"texture":"#feather"},"down":{"uv":[10.25,10,10,9.75],"rotation":90,"texture":"#feather"}}},{"from":[15.5,0.2501,6.5],"to":[15.75,0.5001,9.75],"rotation":{"angle":-22.5,"axis":"y","origin":[5.25,-0.75,3.5]},"faces":{"north":{"uv":[12.25,14,12,13.75],"rotation":180,"texture":"#feather"},"east":{"uv":[5.75,12.25,9,12],"rotation":180,"texture":"#feather"},"south":{"uv":[12.25,14,12.5,13.75],"rotation":180,"texture":"#feather"},"west":{"uv":[9,12.5,5.75,12.25],"rotation":180,"texture":"#feather"},"up":{"uv":[9,11.75,5.75,12],"rotation":270,"texture":"#feather"},"down":{"uv":[9,11.75,5.75,11.5],"rotation":90,"texture":"#feather"}}},{"from":[13.75,0.5001,6.5],"to":[14,0.7501,7],"rotation":{"angle":-22.5,"axis":"y","origin":[5.25,-0.75,3.5]},"faces":{"north":{"uv":[14.75,14,14.5,13.75],"rotation":180,"texture":"#feather"},"east":{"uv":[13,14.25,13.5,14],"rotation":180,"texture":"#feather"},"south":{"uv":[14.75,14,15,13.75],"rotation":180,"texture":"#feather"},"west":{"uv":[14,14.25,13.5,14],"rotation":180,"texture":"#feather"},"up":{"uv":[13,14,12.5,14.25],"rotation":270,"texture":"#feather"}}},{"from":[13.5,0.5001,6.5],"to":[13.75,0.7501,6.75],"rotation":{"angle":-22.5,"axis":"y","origin":[5.25,-0.75,3.5]},"faces":{"north":{"uv":[10.25,13.25,10,13],"rotation":180,"texture":"#feather"},"south":{"uv":[10,13,10.25,12.75],"rotation":180,"texture":"#feather"},"up":{"uv":[15.5,13.75,15.25,14],"rotation":270,"texture":"#feather"}}},{"from":[14.25,0.0001,6.75],"to":[14.5,0.2501,7.25],"rotation":{"angle":-22.5,"axis":"y","origin":[5.25,-0.75,3.5]},"faces":{"north":{"uv":[10.25,9.25,10,9],"rotation":180,"texture":"#feather"},"east":{"uv":[15,14.25,15.5,14],"rotation":180,"texture":"#feather"},"south":{"uv":[10,9,10.25,8.75],"rotation":180,"texture":"#feather"},"west":{"uv":[16,14.25,15.5,14],"rotation":180,"texture":"#feather"},"down":{"uv":[14.5,14.25,14,14],"rotation":90,"texture":"#feather"}}},{"from":[14,0.0001,6.75],"to":[14.25,0.2501,7],"rotation":{"angle":-22.5,"axis":"y","origin":[5.25,-0.75,3.5]},"faces":{"north":{"uv":[12.75,13.75,12.5,13.5],"rotation":180,"texture":"#feather"},"south":{"uv":[12.75,13.75,13,13.5],"rotation":180,"texture":"#feather"},"down":{"uv":[10.25,8.75,10,8.5],"rotation":90,"texture":"#feather"}}},{"from":[15.75,0.2501,6.75],"to":[16,0.5001,10],"rotation":{"angle":-22.5,"axis":"y","origin":[5.25,-0.75,3.5]},"faces":{"north":{"uv":[11.75,13.5,11.5,13.25],"rotation":180,"texture":"#feather"},"east":{"uv":[5.75,13.25,9,13],"rotation":180,"texture":"#feather"},"south":{"uv":[11.75,13.5,12,13.25],"rotation":180,"texture":"#feather"},"west":{"uv":[9,13.5,5.75,13.25],"rotation":180,"texture":"#feather"},"up":{"uv":[9,12.75,5.75,13],"rotation":270,"texture":"#feather"},"down":{"uv":[9,12.75,5.75,12.5],"rotation":90,"texture":"#feather"}}},{"from":[14.25,0.5001,6.75],"to":[14.5,0.7501,7.25],"rotation":{"angle":-22.5,"axis":"y","origin":[5.25,-0.75,3.5]},"faces":{"north":{"uv":[12.25,13.25,12,13],"rotation":180,"texture":"#feather"},"east":{"uv":[9.5,13.75,10,13.5],"rotation":180,"texture":"#feather"},"south":{"uv":[12.25,13.25,12.5,13],"rotation":180,"texture":"#feather"},"west":{"uv":[10,13.5,9.5,13.25],"rotation":180,"texture":"#feather"},"up":{"uv":[10,13.75,9.5,14],"rotation":270,"texture":"#feather"}}},{"from":[14,0.5001,6.75],"to":[14.25,0.7501,7],"rotation":{"angle":-22.5,"axis":"y","origin":[5.25,-0.75,3.5]},"faces":{"north":{"uv":[9.75,9,9.5,8.75],"rotation":180,"texture":"#feather"},"south":{"uv":[9.75,9,10,8.75],"rotation":180,"texture":"#feather"},"up":{"uv":[10,9.25,9.75,9.5],"rotation":270,"texture":"#feather"}}},{"from":[14.5,0.0001,7],"to":[14.75,0.2501,7.5],"rotation":{"angle":-22.5,"axis":"y","origin":[5.25,-0.75,3.5]},"faces":{"north":{"uv":[9.75,8.25,9.5,8],"rotation":180,"texture":"#feather"},"east":{"uv":[9.5,12.75,10,12.5],"rotation":180,"texture":"#feather"},"south":{"uv":[9.75,8.25,10,8],"rotation":180,"texture":"#feather"},"west":{"uv":[10,12.5,9.5,12.25],"rotation":180,"texture":"#feather"},"down":{"uv":[10,13.25,9.5,13],"rotation":90,"texture":"#feather"}}},{"from":[16,0.2501,7],"to":[16.25,0.5001,10.25],"rotation":{"angle":-22.5,"axis":"y","origin":[5.25,-0.75,3.5]},"faces":{"north":{"uv":[11.25,14,11,13.75],"rotation":180,"texture":"#feather"},"east":{"uv":[9,15.25,12.25,15],"rotation":180,"texture":"#feather"},"south":{"uv":[11.25,14,11.5,13.75],"rotation":180,"texture":"#feather"},"west":{"uv":[9,15.25,5.75,15],"rotation":180,"texture":"#feather"},"up":{"uv":[15.5,15.25,12.25,15.5],"rotation":270,"texture":"#feather"},"down":{"uv":[15.5,15.25,12.25,15],"rotation":90,"texture":"#feather"}}},{"from":[14.5,0.5001,7],"to":[14.75,0.7501,7.5],"rotation":{"angle":-22.5,"axis":"y","origin":[5.25,-0.75,3.5]},"faces":{"north":{"uv":[12.75,14,12.5,13.75],"rotation":180,"texture":"#feather"},"east":{"uv":[9.5,11.75,10,11.5],"rotation":180,"texture":"#feather"},"south":{"uv":[12.75,14,13,13.75],"rotation":180,"texture":"#feather"},"west":{"uv":[10,11.5,9.5,11.25],"rotation":180,"texture":"#feather"},"up":{"uv":[10,11.75,9.5,12],"rotation":270,"texture":"#feather"}}},{"from":[14.75,0.0001,7.25],"to":[15,0.2501,7.75],"rotation":{"angle":-22.5,"axis":"y","origin":[5.25,-0.75,3.5]},"faces":{"north":{"uv":[14.25,14,14,13.75],"rotation":180,"texture":"#feather"},"east":{"uv":[7.25,9.75,7.75,9.5],"rotation":180,"texture":"#feather"},"south":{"uv":[14.25,14,14.5,13.75],"rotation":180,"texture":"#feather"},"west":{"uv":[8.25,9.75,7.75,9.5],"rotation":180,"texture":"#feather"},"down":{"uv":[16,16,15.5,15.75],"rotation":90,"texture":"#feather"}}},{"from":[14.75,0.5001,7.25],"to":[15,0.7501,7.75],"rotation":{"angle":-22.5,"axis":"y","origin":[5.25,-0.75,3.5]},"faces":{"north":{"uv":[15.75,14,15.5,13.75],"rotation":180,"texture":"#feather"},"east":{"uv":[7.75,9.5,8.25,9.25],"rotation":180,"texture":"#feather"},"south":{"uv":[15.75,14,16,13.75],"rotation":180,"texture":"#feather"},"west":{"uv":[8.75,9.5,8.25,9.25],"rotation":180,"texture":"#feather"},"up":{"uv":[7.75,9.25,7.25,9.5],"rotation":270,"texture":"#feather"}}},{"from":[15,0.0001,7.5],"to":[15.25,0.2501,8],"rotation":{"angle":-22.5,"axis":"y","origin":[5.25,-0.75,3.5]},"faces":{"north":{"uv":[10.25,12.75,10,12.5],"rotation":180,"texture":"#feather"},"east":{"uv":[8.25,9.25,8.75,9],"rotation":180,"texture":"#feather"},"south":{"uv":[10,12.5,10.25,12.25],"rotation":180,"texture":"#feather"},"west":{"uv":[8.25,9,7.75,8.75],"rotation":180,"texture":"#feather"},"down":{"uv":[7.75,9.25,7.25,9],"rotation":90,"texture":"#feather"}}},{"from":[16.25,0.2501,7.5],"to":[16.5,0.5001,10.75],"rotation":{"angle":-22.5,"axis":"y","origin":[5.25,-0.75,3.5]},"faces":{"north":{"uv":[10.25,11.25,10,11],"rotation":180,"texture":"#feather"},"east":{"uv":[5.75,14.25,9,14],"rotation":180,"texture":"#feather"},"south":{"uv":[10,11,10.25,10.75],"rotation":180,"texture":"#feather"},"west":{"uv":[9,14.5,5.75,14.25],"rotation":180,"texture":"#feather"},"up":{"uv":[9,13.75,5.75,14],"rotation":270,"texture":"#feather"},"down":{"uv":[9,13.75,5.75,13.5],"rotation":90,"texture":"#feather"}}},{"from":[15,0.5001,7.5],"to":[15.25,0.7501,8],"rotation":{"angle":-22.5,"axis":"y","origin":[5.25,-0.75,3.5]},"faces":{"north":{"uv":[10.25,9.75,10,9.5],"rotation":180,"texture":"#feather"},"east":{"uv":[8.25,8.25,8.75,8],"rotation":180,"texture":"#feather"},"south":{"uv":[10,9.5,10.25,9.25],"rotation":180,"texture":"#feather"},"west":{"uv":[9.5,15,9,14.75],"rotation":180,"texture":"#feather"},"up":{"uv":[8.25,8.5,7.75,8.75],"rotation":270,"texture":"#feather"}}},{"from":[15.25,0.0001,7.75],"to":[15.5,0.2501,8.25],"rotation":{"angle":-22.5,"axis":"y","origin":[5.25,-0.75,3.5]},"faces":{"north":{"uv":[10.25,8.25,10,8],"rotation":180,"texture":"#feather"},"east":{"uv":[12.5,15,13,14.75],"rotation":180,"texture":"#feather"},"south":{"uv":[10.25,13.75,10.5,13.5],"rotation":180,"texture":"#feather"},"west":{"uv":[13.5,15,13,14.75],"rotation":180,"texture":"#feather"},"down":{"uv":[12,15,11.5,14.75],"rotation":90,"texture":"#feather"}}},{"from":[16.5,0.2501,7.75],"to":[16.75,0.5001,11.75],"rotation":{"angle":-22.5,"axis":"y","origin":[5.25,-0.75,3.5]},"faces":{"north":{"uv":[11.75,13.75,11.5,13.5],"rotation":180,"texture":"#feather"},"east":{"uv":[9.75,16,13.75,15.75],"rotation":180,"texture":"#feather"},"south":{"uv":[11.75,13.75,12,13.5],"rotation":180,"texture":"#feather"},"west":{"uv":[9.75,16,5.75,15.75],"rotation":180,"texture":"#feather"},"up":{"uv":[9.75,15.5,5.75,15.75],"rotation":270,"texture":"#feather"},"down":{"uv":[13.75,15.75,9.75,15.5],"rotation":90,"texture":"#feather"}}},{"from":[15.25,0.5001,7.75],"to":[15.5,0.7501,8.25],"rotation":{"angle":-22.5,"axis":"y","origin":[5.25,-0.75,3.5]},"faces":{"north":{"uv":[13.25,13.75,13,13.5],"rotation":180,"texture":"#feather"},"east":{"uv":[15.5,15,16,14.75],"rotation":180,"texture":"#feather"},"south":{"uv":[13.25,13.75,13.5,13.5],"rotation":180,"texture":"#feather"},"west":{"uv":[9.5,14.75,9,14.5],"rotation":180,"texture":"#feather"},"up":{"uv":[15.5,14.75,15,15],"rotation":270,"texture":"#feather"}}},{"from":[15.75,0.0001,8],"to":[16,0.2501,8.75],"rotation":{"angle":-22.5,"axis":"y","origin":[5.25,-0.75,3.5]},"faces":{"north":{"uv":[14.75,13.75,14.5,13.5],"rotation":180,"texture":"#feather"},"east":{"uv":[6.5,8.75,7.25,8.5],"rotation":180,"texture":"#feather"},"south":{"uv":[14.75,13.75,15,13.5],"rotation":180,"texture":"#feather"},"west":{"uv":[6.5,10,5.75,9.75],"rotation":180,"texture":"#feather"},"down":{"uv":[6.5,8.25,5.75,8],"rotation":90,"texture":"#feather"}}},{"from":[15.5,0.0001,8],"to":[15.75,0.2501,8.25],"rotation":{"angle":-22.5,"axis":"y","origin":[5.25,-0.75,3.5]},"faces":{"north":{"uv":[10.5,13.5,10.25,13.25],"rotation":180,"texture":"#feather"},"south":{"uv":[10.25,13.25,10.5,13],"rotation":180,"texture":"#feather"},"down":{"uv":[15.25,13.75,15,13.5],"rotation":90,"texture":"#feather"}}},{"from":[15.75,0.5001,8],"to":[16,0.7501,8.75],"rotation":{"angle":-22.5,"axis":"y","origin":[5.25,-0.75,3.5]},"faces":{"north":{"uv":[10.5,12,10.25,11.75],"rotation":180,"texture":"#feather"},"east":{"uv":[8.25,10.5,9,10.25],"rotation":180,"texture":"#feather"},"south":{"uv":[10.25,11.75,10.5,11.5],"rotation":180,"texture":"#feather"},"west":{"uv":[8.25,10.5,7.5,10.25],"rotation":180,"texture":"#feather"},"up":{"uv":[8.25,10,7.5,10.25],"rotation":270,"texture":"#feather"}}},{"from":[15.5,0.5001,8],"to":[15.75,0.7501,8.25],"rotation":{"angle":-22.5,"axis":"y","origin":[5.25,-0.75,3.5]},"faces":{"north":{"uv":[10.5,10.5,10.25,10.25],"rotation":180,"texture":"#feather"},"south":{"uv":[10.25,10.25,10.5,10],"rotation":180,"texture":"#feather"},"up":{"uv":[10.5,11,10.25,11.25],"rotation":270,"texture":"#feather"}}},{"from":[16.75,0.2501,8.25],"to":[17,0.5001,11.5],"rotation":{"angle":-22.5,"axis":"y","origin":[5.25,-0.75,3.5]},"faces":{"north":{"uv":[10.5,9,10.25,8.75],"rotation":180,"texture":"#feather"},"east":{"uv":[5.75,14.75,9,14.5],"rotation":180,"texture":"#feather"},"south":{"uv":[10.25,8.75,10.5,8.5],"rotation":180,"texture":"#feather"},"up":{"uv":[9,11.25,5.75,11.5],"rotation":270,"texture":"#feather"},"down":{"uv":[9,11.25,5.75,11],"rotation":90,"texture":"#feather"}}},{"from":[16,0.0001,8.5],"to":[16.25,0.2501,9],"rotation":{"angle":-22.5,"axis":"y","origin":[5.25,-0.75,3.5]},"faces":{"north":{"uv":[11.25,13.5,11,13.25],"rotation":180,"texture":"#feather"},"east":{"uv":[12.5,14.75,13,14.5],"rotation":180,"texture":"#feather"},"south":{"uv":[11.25,13.5,11.5,13.25],"rotation":180,"texture":"#feather"},"west":{"uv":[13.5,14.75,13,14.5],"rotation":180,"texture":"#feather"},"down":{"uv":[12,14.75,11.5,14.5],"rotation":90,"texture":"#feather"}}},{"from":[16,0.5001,8.5],"to":[16.25,0.7501,9],"rotation":{"angle":-22.5,"axis":"y","origin":[5.25,-0.75,3.5]},"faces":{"north":{"uv":[12.75,13.5,12.5,13.25],"rotation":180,"texture":"#feather"},"east":{"uv":[9,13.75,9.5,13.5],"rotation":180,"texture":"#feather"},"south":{"uv":[12.75,13.5,13,13.25],"rotation":180,"texture":"#feather"},"west":{"uv":[9.5,13.5,9,13.25],"rotation":180,"texture":"#feather"},"up":{"uv":[9.5,13.75,9,14],"rotation":270,"texture":"#feather"}}},{"from":[16.25,0.0001,8.75],"to":[16.5,0.2501,9.5],"rotation":{"angle":-22.5,"axis":"y","origin":[5.25,-0.75,3.5]},"faces":{"north":{"uv":[14.25,13.5,14,13.25],"rotation":180,"texture":"#feather"},"east":{"uv":[4.75,9.5,5.5,9.25],"rotation":180,"texture":"#feather"},"south":{"uv":[14.25,13.5,14.5,13.25],"rotation":180,"texture":"#feather"},"west":{"uv":[5.5,10,4.75,9.75],"rotation":180,"texture":"#feather"},"down":{"uv":[5.75,11,5,10.75],"rotation":90,"texture":"#feather"}}},{"from":[17,0.25,8.75],"to":[17.25,0.5,11.25],"rotation":{"angle":-22.5,"axis":"y","origin":[5.25,-0.75,3.5]},"faces":{"north":{"uv":[15.75,13.5,15.5,13.25],"rotation":180,"texture":"#feather"},"east":{"uv":[0,8.25,2.5,8],"rotation":180,"texture":"#feather"},"south":{"uv":[15.75,13.5,16,13.25],"rotation":180,"texture":"#feather"},"west":{"uv":[5.25,11.5,2.75,11.25],"rotation":180,"texture":"#feather"},"up":{"uv":[2.5,9,0,9.25],"rotation":270,"texture":"#feather"},"down":{"uv":[2.5,9,0,8.75],"rotation":90,"texture":"#feather"}}},{"from":[16.25,0.5001,8.75],"to":[16.5,0.7501,9.5],"rotation":{"angle":-22.5,"axis":"y","origin":[5.25,-0.75,3.5]},"faces":{"north":{"uv":[10.75,12.25,10.5,12],"rotation":180,"texture":"#feather"},"east":{"uv":[6.5,9.75,7.25,9.5],"rotation":180,"texture":"#feather"},"south":{"uv":[10.5,12,10.75,11.75],"rotation":180,"texture":"#feather"},"west":{"uv":[8,10,7.25,9.75],"rotation":180,"texture":"#feather"},"up":{"uv":[5.75,10.25,5,10.5],"rotation":270,"texture":"#feather"}}},{"from":[17.25,0.25,9],"to":[17.5,0.5,10.75],"rotation":{"angle":-22.5,"axis":"y","origin":[5.25,-0.75,3.5]},"faces":{"north":{"uv":[10.75,10.75,10.5,10.5],"rotation":180,"texture":"#feather"},"east":{"uv":[2.75,8.5,4.5,8.25],"rotation":180,"texture":"#feather"},"south":{"uv":[10.5,10.5,10.75,10.25],"rotation":180,"texture":"#feather"},"up":{"uv":[7.5,10,5.75,10.25],"rotation":270,"texture":"#feather"},"down":{"uv":[7.5,10.5,5.75,10.25],"rotation":90,"texture":"#feather"}}},{"from":[16.5,0.0001,9.25],"to":[16.75,0.2501,10],"rotation":{"angle":-22.5,"axis":"y","origin":[5.25,-0.75,3.5]},"faces":{"north":{"uv":[10.75,9.25,10.5,9],"rotation":180,"texture":"#feather"},"east":{"uv":[4.75,9.75,5.5,9.5],"rotation":180,"texture":"#feather"},"south":{"uv":[10.5,9,10.75,8.75],"rotation":180,"texture":"#feather"},"west":{"uv":[5.5,9.25,4.75,9],"rotation":180,"texture":"#feather"},"down":{"uv":[5.75,10.75,5,10.5],"rotation":90,"texture":"#feather"}}},{"from":[16.5,0.5001,9.25],"to":[16.75,0.7501,10],"rotation":{"angle":-22.5,"axis":"y","origin":[5.25,-0.75,3.5]},"faces":{"north":{"uv":[11.25,13.25,11,13],"rotation":180,"texture":"#feather"},"east":{"uv":[5.75,9.5,6.5,9.25],"rotation":180,"texture":"#feather"},"south":{"uv":[11.25,13.25,11.5,13],"rotation":180,"texture":"#feather"},"west":{"uv":[6.5,9.75,5.75,9.5],"rotation":180,"texture":"#feather"},"up":{"uv":[7.25,9,6.5,9.25],"rotation":270,"texture":"#feather"}}},{"from":[16.25,0.25,11.25],"to":[16.5,0.5,11.75],"rotation":{"angle":-22.5,"axis":"y","origin":[5.25,-0.75,3.5]},"faces":{"north":{"uv":[12.75,13.25,12.5,13],"rotation":180,"texture":"#feather"},"east":{"uv":[9,12.75,9.5,12.5],"rotation":180,"texture":"#feather"},"south":{"uv":[12.75,13.25,13,13],"rotation":180,"texture":"#feather"},"west":{"uv":[9.5,12.5,9,12.25],"rotation":180,"texture":"#feather"},"up":{"uv":[9.5,12.75,9,13],"rotation":270,"texture":"#feather"},"down":{"uv":[9.5,13.25,9,13],"rotation":90,"texture":"#feather"}}},{"from":[2.25,0,4.5],"to":[9.25,0.001,11.5],"rotation":{"angle":22.5,"axis":"y","origin":[2.25,0,4.5]},"faces":{"north":{"uv":[4,15.999,11,16],"texture":"#ink2"},"east":{"uv":[4.75,15.999,11.75,16],"texture":"#ink2"},"south":{"uv":[5,15.999,12,16],"texture":"#ink2"},"west":{"uv":[4.25,15.999,11.25,16],"texture":"#ink2"},"up":{"uv":[0,0,7,7],"texture":"#ink2"},"down":{"uv":[7,7,14,14],"texture":"#ink2"}}}],"display":{"thirdperson_righthand":{"rotation":[28,39,0],"translation":[0,-0.282,0.6956],"scale":[0.375,0.375,0.375]},"thirdperson_lefthand":{"rotation":[75,45,0],"translation":[0,2.5,0],"scale":[0.375,0.375,0.375]},"firstperson_righthand":{"translation":[0,4.8695,0]},"firstperson_lefthand":{"translation":[5.5652,4.8695,0]},"ground":{"translation":[0,2,0],"scale":[0.5,0.5,0.5]},"gui":{"rotation":[0,83,-14],"translation":[2.7826,2.7826,20.869]}}}