{"textures":{"book":"book9/macbeth","particle":"book9/macbeth","title":"book9/title_macbeth"},"elements":[{"from":[2.5,0,5.5],"to":[8,0.5,13.5],"rotation":{"angle":45,"axis":"y","origin":[2.5,0,5.5]},"faces":{"north":{"uv":[0,0,5.5,0.5],"texture":"#book"},"east":{"uv":[5,0,5.5,8],"rotation":90,"texture":"#book"},"south":{"uv":[0,7.5,5.5,8],"texture":"#book"},"west":{"uv":[0,0,0.5,8],"rotation":90,"texture":"#book"},"up":{"uv":[0,0,5.5,8],"texture":"#book"},"down":{"uv":[0,0,5.5,8],"texture":"#book","cullface":"down"}}},{"from":[2.5,2.5,5.5],"to":[8,3,13.5],"rotation":{"angle":45,"axis":"y","origin":[2.5,0,5.5]},"faces":{"north":{"uv":[0,0,5.5,0.5],"texture":"#book"},"east":{"uv":[5,0,5.5,8],"rotation":90,"texture":"#book"},"south":{"uv":[0,7.5,5.5,8],"texture":"#book"},"west":{"uv":[0,0,0.5,8],"rotation":90,"texture":"#book"},"up":{"uv":[0,0,5.5,8],"texture":"#book"},"down":{"uv":[0,0,5.5,8],"texture":"#book"}}},{"from":[3,0.5,6],"to":[7.5,2.5,13],"rotation":{"angle":45,"axis":"y","origin":[2.5,0,5.5]},"faces":{"north":{"uv":[0.5,14,5,16],"texture":"#book"},"east":{"uv":[0,14,7,16],"texture":"#book"},"south":{"uv":[0.5,14,5,16],"texture":"#book"}}},{"from":[2,2,5.5],"to":[2.5,2.5,13.5],"rotation":{"angle":45,"axis":"y","origin":[2.5,0,5.5]},"faces":{"north":{"uv":[6,0,6.5,0.5],"texture":"#book"},"east":{"uv":[6,0,6.5,8],"rotation":90,"texture":"#book"},"south":{"uv":[6,7.5,6.5,8],"texture":"#book"},"west":{"uv":[6,0,6.5,8],"rotation":90,"texture":"#book"},"up":{"uv":[6,0,6.5,8],"rotation":180,"texture":"#book"},"down":{"uv":[6,0,6.5,8],"rotation":180,"texture":"#book"}}},{"from":[2,0.5,5.5],"to":[2.5,1,13.5],"rotation":{"angle":45,"axis":"y","origin":[2.5,0,5.5]},"faces":{"north":{"uv":[7.5,0,8,0.5],"texture":"#book"},"east":{"uv":[7.5,0,8,8],"rotation":90,"texture":"#book"},"south":{"uv":[7.5,7.5,8,8],"texture":"#book"},"west":{"uv":[7.5,0,8,8],"rotation":90,"texture":"#book"},"up":{"uv":[7.5,0,8,8],"rotation":180,"texture":"#book"},"down":{"uv":[7.5,0,8,8],"rotation":180,"texture":"#book"}}},{"from":[1.5,1,5.5],"to":[2,2,13.5],"rotation":{"angle":45,"axis":"y","origin":[2.5,0,5.5]},"faces":{"north":{"uv":[6.5,0,7,1],"texture":"#book"},"east":{"uv":[6.5,0,7.5,8],"rotation":90,"texture":"#book"},"south":{"uv":[6.5,7,7,8],"texture":"#book"},"west":{"uv":[6.5,0,7.5,8],"rotation":90,"texture":"#book"},"up":{"uv":[6.5,0,7,8],"texture":"#book"},"down":{"uv":[6.5,0,7,8],"texture":"#book"}}},{"from":[2.5,2,6],"to":[3,2.5,13],"rotation":{"angle":45,"axis":"y","origin":[2.5,0,5.5]},"faces":{"north":{"uv":[0,14,0.5,14.5],"texture":"#book"},"south":{"uv":[0.5,14,1,14.5],"texture":"#book"}}},{"from":[2.5,0.5,6],"to":[3,1,13],"rotation":{"angle":45,"axis":"y","origin":[2.5,0,5.5]},"faces":{"north":{"uv":[0,15.5,0.5,16],"texture":"#book"},"south":{"uv":[0.5,15.5,1,16],"texture":"#book"}}},{"from":[2,1,6],"to":[3,2,13],"rotation":{"angle":45,"axis":"y","origin":[2.5,0,5.5]},"faces":{"north":{"uv":[0,14.5,1,15.5],"texture":"#book"},"south":{"uv":[0,14.5,1,15.5],"texture":"#book"}}},{"from":[3.5,3,7.3],"to":[6.5,3.2,7.5],"rotation":{"angle":45,"axis":"y","origin":[2.5,0,5.5]},"faces":{"north":{"uv":[15.5,4.5,16,7.5],"rotation":270,"texture":"#book"},"east":{"uv":[15.5,7.5,16,7],"rotation":180,"texture":"#book"},"south":{"uv":[15.5,7.5,16,4.5],"rotation":270,"texture":"#book"},"west":{"uv":[15.5,7.5,16,7],"rotation":180,"texture":"#book"},"up":{"uv":[15.5,7.5,16,4.5],"rotation":270,"texture":"#book"}}},{"from":[3.3,3,7.5],"to":[3.5,3.2,9.5],"rotation":{"angle":45,"axis":"y","origin":[2.5,0,5.5]},"faces":{"north":{"uv":[15.5,0,16,0.5],"rotation":270,"texture":"#book"},"east":{"uv":[15.5,3,16,0],"rotation":270,"texture":"#book"},"south":{"uv":[15.5,0,16,0.5],"rotation":270,"texture":"#book"},"west":{"uv":[15.5,0,16,3],"rotation":270,"texture":"#book"},"up":{"uv":[15.5,0,16,3],"texture":"#book"}}},{"from":[3.5,3,9.5],"to":[6.5,3.2,9.7],"shade":false,"rotation":{"angle":45,"axis":"y","origin":[2.5,0,5.5]},"faces":{"north":{"uv":[15.5,4.5,16,7.5],"rotation":270,"texture":"#book"},"east":{"uv":[15.5,7.5,16,7],"rotation":180,"texture":"#book"},"south":{"uv":[15.5,7.5,16,4.5],"rotation":270,"texture":"#book"},"west":{"uv":[15.5,7.5,16,7],"rotation":180,"texture":"#book"},"up":{"uv":[15.5,7.5,16,4.5],"rotation":270,"texture":"#book"}}},{"from":[3.5,3,7.5],"to":[6.5,3.001,9.5],"rotation":{"angle":45,"axis":"y","origin":[2.5,0,5.5]},"faces":{"up":{"uv":[0,3,16,13],"texture":"#title"}}},{"from":[6.5,3,7.5],"to":[6.7,3.2,9.5],"rotation":{"angle":45,"axis":"y","origin":[2.5,0,5.5]},"faces":{"north":{"uv":[15.5,0,16,0.5],"rotation":270,"texture":"#book"},"east":{"uv":[15.5,3,16,0],"rotation":270,"texture":"#book"},"south":{"uv":[15.5,0,16,0.5],"rotation":270,"texture":"#book"},"west":{"uv":[15.5,0,16,3],"rotation":270,"texture":"#book"},"up":{"uv":[15.5,0,16,3],"texture":"#book"}}}]}