{"textures":{"a":"book10/white_candle","particle":"book10/white_candle"},"elements":[{"from":[3.5,0,6.5],"to":[4,0.5,7],"faces":{"north":{"uv":[12.96,4.96,15.04,7.04],"texture":"#a"},"west":{"uv":[12.96,4.96,15.04,7.04],"texture":"#a"},"up":{"uv":[12.96,4.96,15.04,7.04],"texture":"#a"},"down":{"uv":[12.96,4.96,15.04,7.04],"texture":"#a","cullface":"down"}}},{"from":[3.5,0,7],"to":[4,0.5,7.5],"faces":{"west":{"uv":[8.96,8.96,11.04,11.04],"texture":"#a"},"up":{"uv":[8.96,8.96,11.04,11.04],"texture":"#a"},"down":{"uv":[8.96,8.96,11.04,11.04],"texture":"#a","cullface":"down"}}},{"from":[3.5,0,7.5],"to":[4,0.5,8],"faces":{"west":{"uv":[8.96,4.96,11.04,7.04],"texture":"#a"},"up":{"uv":[8.96,4.96,11.04,7.04],"texture":"#a"},"down":{"uv":[8.96,4.96,11.04,7.04],"texture":"#a","cullface":"down"}}},{"from":[3.5,0,8],"to":[4.5,0.5,8.5],"faces":{"south":{"uv":[0.96,4.96,3.04,7.04],"texture":"#a"},"west":{"uv":[0.96,4.96,3.04,7.04],"texture":"#a"},"up":{"uv":[0.96,4.96,3.04,7.04],"texture":"#a"},"down":{"uv":[0.96,4.96,3.04,7.04],"texture":"#a","cullface":"down"}}},{"from":[4,0,5],"to":[4.5,0.5,5.5],"faces":{"north":{"uv":[8.96,4.96,11.04,7.04],"texture":"#a"},"west":{"uv":[8.96,4.96,11.04,7.04],"texture":"#a"},"up":{"uv":[8.96,4.96,11.04,7.04],"texture":"#a"},"down":{"uv":[8.96,4.96,11.04,7.04],"texture":"#a","cullface":"down"}}},{"from":[4,0,5.5],"to":[4.5,0.5,6],"faces":{"west":{"uv":[8.96,8.96,11.04,11.04],"texture":"#a"},"up":{"uv":[8.96,8.96,11.04,11.04],"texture":"#a"},"down":{"uv":[8.96,8.96,11.04,11.04],"texture":"#a","cullface":"down"}}},{"from":[4,0,6],"to":[4.5,0.5,6.5],"faces":{"west":{"uv":[4.96,8.96,7.04,11.04],"texture":"#a"},"up":{"uv":[4.96,8.96,7.04,11.04],"texture":"#a"},"down":{"uv":[4.96,8.96,7.04,11.04],"texture":"#a","cullface":"down"}}},{"from":[4,0,6.5],"to":[4.5,0.5,7],"faces":{"up":{"uv":[8.96,0.96,11.04,3.04],"texture":"#a"},"down":{"uv":[8.96,0.96,11.04,3.04],"texture":"#a","cullface":"down"}}},{"from":[4,0,7],"to":[4.5,0.5,7.5],"faces":{"up":{"uv":[12.96,4.96,15.04,7.04],"texture":"#a"},"down":{"uv":[12.96,4.96,15.04,7.04],"texture":"#a","cullface":"down"}}},{"from":[4,0,7.5],"to":[4.5,0.5,8],"faces":{"down":{"uv":[12.96,8.96,15.04,11.04],"texture":"#a","cullface":"down"}}},{"from":[4,0,8.5],"to":[4.5,0.5,9],"faces":{"south":{"uv":[4.96,8.96,7.04,11.04],"texture":"#a"},"west":{"uv":[4.96,8.96,7.04,11.04],"texture":"#a"},"up":{"uv":[4.96,8.96,7.04,11.04],"texture":"#a"},"down":{"uv":[4.96,8.96,7.04,11.04],"texture":"#a","cullface":"down"}}},{"from":[4,0.5,7.5],"to":[4.5,1,8],"faces":{"north":{"uv":[8.96,0.96,11.04,3.04],"texture":"#a"},"south":{"uv":[8.96,0.96,11.04,3.04],"texture":"#a"},"west":{"uv":[8.96,0.96,11.04,3.04],"texture":"#a"},"up":{"uv":[8.96,0.96,11.04,3.04],"texture":"#a"}}},{"from":[4.5,0,4.5],"to":[5,0.5,5.5],"faces":{"north":{"uv":[0.96,8.96,3.04,11.04],"texture":"#a"},"west":{"uv":[0.96,8.96,3.04,11.04],"texture":"#a"},"up":{"uv":[0.96,8.96,3.04,11.04],"texture":"#a"},"down":{"uv":[0.96,8.96,3.04,11.04],"texture":"#a","cullface":"down"}}},{"from":[4.5,0,5.5],"to":[5.5,0.5,6],"faces":{"up":{"uv":[8.96,0.96,11.04,3.04],"texture":"#a"},"down":{"uv":[8.96,0.96,11.04,3.04],"texture":"#a","cullface":"down"}}},{"from":[4.5,0,6],"to":[5,0.5,6.5],"faces":{"down":{"uv":[8.96,0.96,11.04,3.04],"texture":"#a","cullface":"down"}}},{"from":[4.5,0,6.5],"to":[5,0.5,7],"faces":{"down":{"uv":[8.96,8.96,11.04,11.04],"texture":"#a","cullface":"down"}}},{"from":[4.5,0,7],"to":[5,0.5,7.5],"faces":{"down":{"uv":[8.96,4.96,11.04,7.04],"texture":"#a","cullface":"down"}}},{"from":[4.5,0,7.5],"to":[5,0.5,8],"faces":{"down":{"uv":[8.96,0.96,11.04,3.04],"texture":"#a","cullface":"down"}}},{"from":[4.5,0,8],"to":[5,0.5,8.5],"faces":{"down":{"uv":[0.96,8.96,3.04,11.04],"texture":"#a","cullface":"down"}}},{"from":[4.5,0,8.5],"to":[5,0.5,9],"faces":{"south":{"uv":[0.96,4.96,3.04,7.04],"texture":"#a"},"up":{"uv":[0.96,4.96,3.04,7.04],"texture":"#a"},"down":{"uv":[0.96,4.96,3.04,7.04],"texture":"#a","cullface":"down"}}},{"from":[4.5,0.5,5],"to":[5,1,6],"faces":{"north":{"uv":[12.96,4.96,15.04,7.04],"texture":"#a"},"east":{"uv":[12.96,4.96,15.04,7.04],"texture":"#a"},"west":{"uv":[12.96,4.96,15.04,7.04],"texture":"#a"},"up":{"uv":[12.96,4.96,15.04,7.04],"texture":"#a"}}},{"from":[4.5,0.5,6],"to":[7,1,6.5],"faces":{"north":{"uv":[4.96,8.96,7.04,11.04],"texture":"#a"},"south":{"uv":[4.96,8.96,7.04,11.04],"texture":"#a"},"west":{"uv":[4.96,8.96,7.04,11.04],"texture":"#a"},"up":{"uv":[4.96,8.96,7.04,11.04],"texture":"#a"}}},{"from":[4.5,0.5,6.5],"to":[5,1,7],"faces":{"west":{"uv":[4.96,4.96,7.04,7.04],"texture":"#a"}}},{"from":[4.5,0.5,7],"to":[6.5,1,7.5],"faces":{"north":{"uv":[8.96,8.96,11.04,11.04],"texture":"#a"},"east":{"uv":[8.96,8.96,11.04,11.04],"texture":"#a"},"south":{"uv":[8.96,8.96,11.04,11.04],"texture":"#a"},"west":{"uv":[8.96,8.96,11.04,11.04],"texture":"#a"},"up":{"uv":[8.96,8.96,11.04,11.04],"texture":"#a"}}},{"from":[4.5,0.5,7.5],"to":[5,1,8],"faces":{"up":{"uv":[0.96,4.96,3.04,7.04],"texture":"#a"}}},{"from":[4.5,0.5,8],"to":[5,1,8.5],"faces":{"south":{"uv":[8.96,4.96,11.04,7.04],"texture":"#a"},"west":{"uv":[8.96,4.96,11.04,7.04],"texture":"#a"},"up":{"uv":[8.96,4.96,11.04,7.04],"texture":"#a"}}},{"from":[4.5,1,5.5],"to":[5.5,1.5,6],"faces":{"north":{"uv":[0.96,8.96,3.04,11.04],"texture":"#a"},"south":{"uv":[0.96,8.96,3.04,11.04],"texture":"#a"},"west":{"uv":[0.96,8.96,3.04,11.04],"texture":"#a"},"up":{"uv":[0.96,8.96,3.04,11.04],"texture":"#a"},"down":{"uv":[0.96,8.96,3.04,11.04],"texture":"#a"}}},{"from":[4.5,1,6],"to":[5,1.5,6.5],"faces":{"west":{"uv":[0.96,8.96,3.04,11.04],"texture":"#a"},"up":{"uv":[0.96,8.96,3.04,11.04],"texture":"#a"}}},{"from":[4.5,1,6.5],"to":[6,1.5,7],"faces":{"north":{"uv":[8.96,4.96,11.04,7.04],"texture":"#a"},"south":{"uv":[8.96,4.96,11.04,7.04],"texture":"#a"},"west":{"uv":[8.96,4.96,11.04,7.04],"texture":"#a"},"up":{"uv":[8.96,4.96,11.04,7.04],"texture":"#a"},"down":{"uv":[8.96,4.96,11.04,7.04],"texture":"#a"}}},{"from":[5,0,4],"to":[5.5,0.5,5.5],"faces":{"north":{"uv":[8.96,0.96,11.04,3.04],"texture":"#a"},"west":{"uv":[8.96,0.96,11.04,3.04],"texture":"#a"},"up":{"uv":[8.96,0.96,11.04,3.04],"texture":"#a"},"down":{"uv":[8.96,0.96,11.04,3.04],"texture":"#a","cullface":"down"}}},{"from":[5,0,6],"to":[5.5,0.5,6.5],"faces":{"down":{"uv":[12.96,4.96,15.04,7.04],"texture":"#a","cullface":"down"}}},{"from":[5,0,6.5],"to":[5.5,0.5,7],"faces":{"down":{"uv":[0.96,4.96,3.04,7.04],"texture":"#a","cullface":"down"}}},{"from":[5,0,7],"to":[5.5,0.5,7.5],"faces":{"down":{"uv":[4.96,4.96,7.04,7.04],"texture":"#a","cullface":"down"}}},{"from":[5,0,7.5],"to":[5.5,0.5,8],"faces":{"down":{"uv":[0.96,8.96,3.04,11.04],"texture":"#a","cullface":"down"}}},{"from":[5,0,8],"to":[6,0.5,8.5],"faces":{"south":{"uv":[8.96,0.96,11.04,3.04],"texture":"#a"},"up":{"uv":[8.96,0.96,11.04,3.04],"texture":"#a"},"down":{"uv":[8.96,0.96,11.04,3.04],"texture":"#a","cullface":"down"}}},{"from":[5,0,8.5],"to":[5.5,0.5,9],"faces":{"east":{"uv":[0.96,8.96,3.04,11.04],"texture":"#a"},"south":{"uv":[0.96,8.96,3.04,11.04],"texture":"#a"},"up":{"uv":[0.96,8.96,3.04,11.04],"texture":"#a"},"down":{"uv":[0.96,8.96,3.04,11.04],"texture":"#a","cullface":"down"}}},{"from":[5,0.5,5],"to":[5.5,1,5.5],"faces":{"north":{"uv":[8.96,0.96,11.04,3.04],"texture":"#a"},"up":{"uv":[8.96,0.96,11.04,3.04],"texture":"#a"}}},{"from":[5,0.5,8],"to":[5.5,1,8.5],"faces":{"east":{"uv":[0.96,4.96,3.04,7.04],"texture":"#a"},"south":{"uv":[0.96,4.96,3.04,7.04],"texture":"#a"},"up":{"uv":[0.96,4.96,3.04,7.04],"texture":"#a"}}},{"from":[5,1,7],"to":[5.5,1.5,7.5],"faces":{"west":{"uv":[8.96,8.96,11.04,11.04],"texture":"#a"},"up":{"uv":[8.96,8.96,11.04,11.04],"texture":"#a"}}},{"from":[5,1,7.5],"to":[5.5,1.5,8],"faces":{"east":{"uv":[12.96,0.96,15.04,3.04],"texture":"#a"},"south":{"uv":[12.96,0.96,15.04,3.04],"texture":"#a"},"west":{"uv":[12.96,0.96,15.04,3.04],"texture":"#a"},"up":{"uv":[12.96,0.96,15.04,3.04],"texture":"#a"}}},{"from":[5,1.5,5.5],"to":[5.5,2,6.5],"faces":{"north":{"uv":[4.96,4.96,7.04,7.04],"texture":"#a"},"east":{"uv":[4.96,4.96,7.04,7.04],"texture":"#a"},"west":{"uv":[4.96,4.96,7.04,7.04],"texture":"#a"},"down":{"uv":[4.96,4.96,7.04,7.04],"texture":"#a"}}},{"from":[5,1.5,6.5],"to":[5.5,2,7],"faces":{"south":{"uv":[8.96,4.96,11.04,7.04],"texture":"#a"},"west":{"uv":[8.96,4.96,11.04,7.04],"texture":"#a"}}},{"from":[5,2,5.5],"to":[5.5,2.5,6],"faces":{"north":{"uv":[0.96,4.96,3.04,7.04],"texture":"#a"},"west":{"uv":[0.96,4.96,3.04,7.04],"texture":"#a"}}},{"from":[5,2,6],"to":[6,2.5,6.5],"faces":{"south":{"uv":[12.96,0.96,15.04,3.04],"texture":"#a"},"west":{"uv":[12.96,0.96,15.04,3.04],"texture":"#a"},"down":{"uv":[12.96,0.96,15.04,3.04],"texture":"#a"}}},{"from":[5,2,6.5],"to":[5.5,2.5,7],"faces":{"south":{"uv":[8.96,0.96,11.04,3.04],"texture":"#a"},"west":{"uv":[8.96,0.96,11.04,3.04],"texture":"#a"}}},{"from":[5,2.5,5.5],"to":[5.5,3,6],"faces":{"north":{"uv":[12.96,4.96,15.04,7.04],"texture":"#a"},"west":{"uv":[12.96,4.96,15.04,7.04],"texture":"#a"}}},{"from":[5,2.5,6],"to":[6,3,6.5],"faces":{"west":{"uv":[8.96,4.96,11.04,7.04],"texture":"#a"},"up":{"uv":[8.96,4.96,11.04,7.04],"texture":"#a"}}},{"from":[5,2.5,6.5],"to":[6,3,7],"faces":{"south":{"uv":[4.96,8.96,7.04,11.04],"texture":"#a"},"west":{"uv":[4.96,8.96,7.04,11.04],"texture":"#a"}}},{"from":[5,3,5.5],"to":[5.5,3.5,6],"faces":{"north":{"uv":[0.96,8.96,3.04,11.04],"texture":"#a"},"west":{"uv":[0.96,8.96,3.04,11.04],"texture":"#a"}}},{"from":[5,3,6],"to":[5.5,3.5,6.5],"faces":{"west":{"uv":[4.96,8.96,7.04,11.04],"texture":"#a"}}},{"from":[5,3,6.5],"to":[6,3.5,7],"faces":{"north":{"uv":[12.96,0.96,15.04,3.04],"texture":"#a"},"south":{"uv":[12.96,0.96,15.04,3.04],"texture":"#a"},"west":{"uv":[12.96,0.96,15.04,3.04],"texture":"#a"}}},{"from":[5,3.5,5.5],"to":[5.5,4,6],"faces":{"north":{"uv":[12.96,0.96,15.04,3.04],"texture":"#a"},"west":{"uv":[12.96,0.96,15.04,3.04],"texture":"#a"},"up":{"uv":[12.96,0.96,15.04,3.04],"texture":"#a"}}},{"from":[5,3.5,6],"to":[6,4,6.5],"faces":{"west":{"uv":[0.96,4.96,3.04,7.04],"texture":"#a"},"up":{"uv":[0.96,4.96,3.04,7.04],"texture":"#a"},"down":{"uv":[0.96,4.96,3.04,7.04],"texture":"#a"}}},{"from":[5,3.5,6.5],"to":[5.5,4,7],"faces":{"south":{"uv":[8.96,8.96,11.04,11.04],"texture":"#a"},"west":{"uv":[8.96,8.96,11.04,11.04],"texture":"#a"},"up":{"uv":[8.96,8.96,11.04,11.04],"texture":"#a"}}},{"from":[5,5,6],"to":[5.5,5.5,6.5],"faces":{"north":{"uv":[0.96,12.96,3.04,15.04],"texture":"#a"},"east":{"uv":[0.96,12.96,3.04,15.04],"texture":"#a"},"south":{"uv":[0.96,12.96,3.04,15.04],"texture":"#a"},"west":{"uv":[0.96,12.96,3.04,15.04],"texture":"#a"},"up":{"uv":[0.96,12.96,3.04,15.04],"texture":"#a"},"down":{"uv":[0.96,12.96,3.04,15.04],"texture":"#a"}}},{"from":[5.5,0,4],"to":[6,0.5,4.5],"faces":{"north":{"uv":[0.96,4.96,3.04,7.04],"texture":"#a"},"up":{"uv":[0.96,4.96,3.04,7.04],"texture":"#a"},"down":{"uv":[0.96,4.96,3.04,7.04],"texture":"#a","cullface":"down"}}},{"from":[5.5,0,4.5],"to":[6,0.5,5],"faces":{"down":{"uv":[0.96,8.96,3.04,11.04],"texture":"#a","cullface":"down"}}},{"from":[5.5,0,5],"to":[6,0.5,5.5],"faces":{"down":{"uv":[8.96,0.96,11.04,3.04],"texture":"#a","cullface":"down"}}},{"from":[5.5,0,5.5],"to":[6,0.5,6],"faces":{"down":{"uv":[8.96,4.96,11.04,7.04],"texture":"#a","cullface":"down"}}},{"from":[5.5,0,6],"to":[6,0.5,6.5],"faces":{"down":{"uv":[4.96,8.96,7.04,11.04],"texture":"#a","cullface":"down"}}},{"from":[5.5,0,6.5],"to":[6,0.5,7],"faces":{"down":{"uv":[0.96,8.96,3.04,11.04],"texture":"#a","cullface":"down"}}},{"from":[5.5,0,7],"to":[6,0.5,7.5],"faces":{"down":{"uv":[8.96,8.96,11.04,11.04],"texture":"#a","cullface":"down"}}},{"from":[5.5,0,7.5],"to":[6,0.5,8],"faces":{"down":{"uv":[12.96,0.96,15.04,3.04],"texture":"#a","cullface":"down"}}},{"from":[5.5,0.5,4.5],"to":[6,1,5.5],"faces":{"north":{"uv":[12.96,8.96,15.04,11.04],"texture":"#a"},"west":{"uv":[12.96,8.96,15.04,11.04],"texture":"#a"},"up":{"uv":[12.96,8.96,15.04,11.04],"texture":"#a"}}},{"from":[5.5,0.5,7.5],"to":[6,1,8],"faces":{"east":{"uv":[8.96,0.96,11.04,3.04],"texture":"#a"},"south":{"uv":[8.96,0.96,11.04,3.04],"texture":"#a"},"up":{"uv":[8.96,0.96,11.04,3.04],"texture":"#a"}}},{"from":[5.5,1,5.5],"to":[6,1.5,6],"faces":{"north":{"uv":[12.96,0.96,15.04,3.04],"texture":"#a"}}},{"from":[5.5,1,7],"to":[6,1.5,7.5],"faces":{"east":{"uv":[8.96,4.96,11.04,7.04],"texture":"#a"},"south":{"uv":[8.96,4.96,11.04,7.04],"texture":"#a"}}},{"from":[5.5,1.5,5.5],"to":[6,2,6],"faces":{"north":{"uv":[8.96,4.96,11.04,7.04],"texture":"#a"}}},{"from":[5.5,1.5,7],"to":[6,2,7.5],"faces":{"east":{"uv":[12.96,8.96,15.04,11.04],"texture":"#a"},"south":{"uv":[12.96,8.96,15.04,11.04],"texture":"#a"},"west":{"uv":[12.96,8.96,15.04,11.04],"texture":"#a"}}},{"from":[5.5,2,5.5],"to":[6,2.5,6],"faces":{"north":{"uv":[12.96,4.96,15.04,7.04],"texture":"#a"}}},{"from":[5.5,2,7],"to":[6,2.5,7.5],"faces":{"east":{"uv":[12.96,4.96,15.04,7.04],"texture":"#a"},"south":{"uv":[12.96,4.96,15.04,7.04],"texture":"#a"},"west":{"uv":[12.96,4.96,15.04,7.04],"texture":"#a"},"up":{"uv":[12.96,4.96,15.04,7.04],"texture":"#a"}}},{"from":[5.5,2.5,5.5],"to":[6,3,6],"faces":{"north":{"uv":[4.96,8.96,7.04,11.04],"texture":"#a"}}},{"from":[5.5,3,5.5],"to":[6,3.5,6],"faces":{"north":{"uv":[12.96,8.96,15.04,11.04],"texture":"#a"}}},{"from":[5.5,3.5,5.5],"to":[6,4,6],"faces":{"north":{"uv":[0.96,8.96,3.04,11.04],"texture":"#a"},"up":{"uv":[0.96,8.96,3.04,11.04],"texture":"#a"}}},{"from":[5.5,3.5,6.5],"to":[6,4,7],"faces":{"south":{"uv":[8.96,0.96,11.04,3.04],"texture":"#a"},"up":{"uv":[8.96,0.96,11.04,3.04],"texture":"#a"}}},{"from":[5.5,4,6],"to":[6,5,6.5],"faces":{"north":{"uv":[0.96,12.96,3.04,15.04],"texture":"#a"},"east":{"uv":[0.96,12.96,3.04,15.04],"texture":"#a"},"south":{"uv":[0.96,12.96,3.04,15.04],"texture":"#a"},"west":{"uv":[0.96,12.96,3.04,15.04],"texture":"#a"},"up":{"uv":[0.96,12.96,3.04,15.04],"texture":"#a"}}},{"from":[6,0,4],"to":[6.5,0.5,4.5],"faces":{"north":{"uv":[8.96,8.96,11.04,11.04],"texture":"#a"},"up":{"uv":[8.96,8.96,11.04,11.04],"texture":"#a"},"down":{"uv":[8.96,8.96,11.04,11.04],"texture":"#a","cullface":"down"}}},{"from":[6,0,4.5],"to":[6.5,0.5,5],"faces":{"down":{"uv":[0.96,4.96,3.04,7.04],"texture":"#a","cullface":"down"}}},{"from":[6,0,5],"to":[7,0.5,5.5],"faces":{"down":{"uv":[4.96,8.96,7.04,11.04],"texture":"#a","cullface":"down"}}},{"from":[6,0,5.5],"to":[6.5,0.5,6],"faces":{"down":{"uv":[8.96,8.96,11.04,11.04],"texture":"#a","cullface":"down"}}},{"from":[6,0,6],"to":[6.5,0.5,6.5],"faces":{"down":{"uv":[8.96,4.96,11.04,7.04],"texture":"#a","cullface":"down"}}},{"from":[6,0,6.5],"to":[6.5,0.5,7],"faces":{"down":{"uv":[8.96,0.96,11.04,3.04],"texture":"#a","cullface":"down"}}},{"from":[6,0,7],"to":[6.5,0.5,7.5],"faces":{"down":{"uv":[0.96,4.96,3.04,7.04],"texture":"#a","cullface":"down"}}},{"from":[6,0,7.5],"to":[6.5,0.5,8],"faces":{"up":{"uv":[8.96,8.96,11.04,11.04],"texture":"#a"},"down":{"uv":[8.96,8.96,11.04,11.04],"texture":"#a","cullface":"down"}}},{"from":[6,0,8],"to":[6.5,0.5,8.5],"faces":{"east":{"uv":[12.96,4.96,15.04,7.04],"texture":"#a"},"south":{"uv":[12.96,4.96,15.04,7.04],"texture":"#a"},"up":{"uv":[12.96,4.96,15.04,7.04],"texture":"#a"},"down":{"uv":[12.96,4.96,15.04,7.04],"texture":"#a","cullface":"down"}}},{"from":[6,0.5,4.5],"to":[6.5,1,5],"faces":{"north":{"uv":[4.96,8.96,7.04,11.04],"texture":"#a"},"up":{"uv":[4.96,8.96,7.04,11.04],"texture":"#a"}}},{"from":[6,0.5,5],"to":[6.5,1,5.5],"faces":{"up":{"uv":[0.96,8.96,3.04,11.04],"texture":"#a"}}},{"from":[6,1,5.5],"to":[6.5,2,6],"faces":{"north":{"uv":[0.96,4.96,3.04,7.04],"texture":"#a"},"east":{"uv":[0.96,4.96,3.04,7.04],"texture":"#a"}}},{"from":[6,1,6],"to":[7,1.5,6.5],"faces":{"east":{"uv":[8.96,4.96,11.04,7.04],"texture":"#a"},"south":{"uv":[8.96,4.96,11.04,7.04],"texture":"#a"},"up":{"uv":[8.96,4.96,11.04,7.04],"texture":"#a"}}},{"from":[6,1,6.5],"to":[6.5,1.5,7],"faces":{"east":{"uv":[12.96,0.96,15.04,3.04],"texture":"#a"},"south":{"uv":[12.96,0.96,15.04,3.04],"texture":"#a"}}},{"from":[6,1.5,6],"to":[6.5,2,6.5],"faces":{"east":{"uv":[4.96,4.96,7.04,7.04],"texture":"#a"}}},{"from":[6,1.5,6.5],"to":[6.5,3,7],"faces":{"east":{"uv":[8.96,8.96,11.04,11.04],"texture":"#a"},"south":{"uv":[8.96,8.96,11.04,11.04],"texture":"#a"},"west":{"uv":[8.96,8.96,11.04,11.04],"texture":"#a"}}},{"from":[6,2,5.5],"to":[6.5,2.5,6],"faces":{"north":{"uv":[4.96,8.96,7.04,11.04],"texture":"#a"},"east":{"uv":[4.96,8.96,7.04,11.04],"texture":"#a"}}},{"from":[6,2,6],"to":[6.5,2.5,6.5],"faces":{"east":{"uv":[0.96,4.96,3.04,7.04],"texture":"#a"}}},{"from":[6,2.5,5.5],"to":[6.5,3,6],"faces":{"north":{"uv":[0.96,4.96,3.04,7.04],"texture":"#a"},"east":{"uv":[0.96,4.96,3.04,7.04],"texture":"#a"}}},{"from":[6,2.5,6],"to":[6.5,3,6.5],"faces":{"east":{"uv":[8.96,0.96,11.04,3.04],"texture":"#a"}}},{"from":[6,3,5.5],"to":[6.5,3.5,6],"faces":{"north":{"uv":[8.96,0.96,11.04,3.04],"texture":"#a"},"east":{"uv":[8.96,0.96,11.04,3.04],"texture":"#a"}}},{"from":[6,3,6],"to":[6.5,3.5,7],"faces":{"east":{"uv":[12.96,4.96,15.04,7.04],"texture":"#a"},"south":{"uv":[12.96,4.96,15.04,7.04],"texture":"#a"},"west":{"uv":[12.96,4.96,15.04,7.04],"texture":"#a"}}},{"from":[6,3.5,5.5],"to":[6.5,4,6],"faces":{"north":{"uv":[0.96,4.96,3.04,7.04],"texture":"#a"},"east":{"uv":[0.96,4.96,3.04,7.04],"texture":"#a"},"up":{"uv":[0.96,4.96,3.04,7.04],"texture":"#a"}}},{"from":[6,3.5,6],"to":[6.5,4,6.5],"faces":{"east":{"uv":[0.96,8.96,3.04,11.04],"texture":"#a"},"up":{"uv":[0.96,8.96,3.04,11.04],"texture":"#a"}}},{"from":[6,3.5,6.5],"to":[6.5,4,7],"faces":{"east":{"uv":[8.96,4.96,11.04,7.04],"texture":"#a"},"south":{"uv":[8.96,4.96,11.04,7.04],"texture":"#a"},"up":{"uv":[8.96,4.96,11.04,7.04],"texture":"#a"}}},{"from":[6.5,0,4],"to":[7,0.5,4.5],"faces":{"north":{"uv":[12.96,8.96,15.04,11.04],"texture":"#a"},"up":{"uv":[12.96,8.96,15.04,11.04],"texture":"#a"},"down":{"uv":[12.96,8.96,15.04,11.04],"texture":"#a","cullface":"down"}}},{"from":[6.5,0,4.5],"to":[7,0.5,5],"faces":{"down":{"uv":[8.96,4.96,11.04,7.04],"texture":"#a","cullface":"down"}}},{"from":[6.5,0,5.5],"to":[7.5,0.5,6],"faces":{"up":{"uv":[8.96,0.96,11.04,3.04],"texture":"#a"},"down":{"uv":[8.96,0.96,11.04,3.04],"texture":"#a","cullface":"down"}}},{"from":[6.5,0,6],"to":[7,0.5,6.5],"faces":{"down":{"uv":[8.96,8.96,11.04,11.04],"texture":"#a","cullface":"down"}}},{"from":[6.5,0,6.5],"to":[7,0.5,7],"faces":{"down":{"uv":[0.96,4.96,3.04,7.04],"texture":"#a","cullface":"down"}}},{"from":[6.5,0,7],"to":[7,0.5,7.5],"faces":{"up":{"uv":[0.96,8.96,3.04,11.04],"texture":"#a"},"down":{"uv":[0.96,8.96,3.04,11.04],"texture":"#a","cullface":"down"}}},{"from":[6.5,0,7.5],"to":[7,0.5,8],"faces":{"east":{"uv":[12.96,0.96,15.04,3.04],"texture":"#a"},"south":{"uv":[12.96,0.96,15.04,3.04],"texture":"#a"},"up":{"uv":[12.96,0.96,15.04,3.04],"texture":"#a"},"down":{"uv":[12.96,0.96,15.04,3.04],"texture":"#a","cullface":"down"}}},{"from":[6.5,0.5,4.5],"to":[7,1,5.5],"faces":{"north":{"uv":[12.96,0.96,15.04,3.04],"texture":"#a"},"east":{"uv":[12.96,0.96,15.04,3.04],"texture":"#a"},"up":{"uv":[12.96,0.96,15.04,3.04],"texture":"#a"}}},{"from":[6.5,0.5,5.5],"to":[7,1.5,6],"faces":{"east":{"uv":[0.96,8.96,3.04,11.04],"texture":"#a"},"west":{"uv":[0.96,8.96,3.04,11.04],"texture":"#a"},"up":{"uv":[0.96,8.96,3.04,11.04],"texture":"#a"}}},{"from":[6.5,0.5,6.5],"to":[7,1,7],"faces":{"south":{"uv":[4.96,4.96,7.04,7.04],"texture":"#a"},"up":{"uv":[4.96,4.96,7.04,7.04],"texture":"#a"}}},{"from":[6.5,1,5],"to":[7,1.5,5.5],"faces":{"north":{"uv":[8.96,4.96,11.04,7.04],"texture":"#a"},"east":{"uv":[8.96,4.96,11.04,7.04],"texture":"#a"},"west":{"uv":[8.96,4.96,11.04,7.04],"texture":"#a"},"up":{"uv":[8.96,4.96,11.04,7.04],"texture":"#a"}}},{"from":[7,0,4],"to":[7.5,0.5,5],"faces":{"north":{"uv":[4.96,4.96,7.04,7.04],"texture":"#a"},"east":{"uv":[4.96,4.96,7.04,7.04],"texture":"#a"},"up":{"uv":[4.96,4.96,7.04,7.04],"texture":"#a"},"down":{"uv":[4.96,4.96,7.04,7.04],"texture":"#a","cullface":"down"}}},{"from":[7,0,5],"to":[7.5,0.5,5.5],"faces":{"down":{"uv":[0.96,4.96,3.04,7.04],"texture":"#a","cullface":"down"}}},{"from":[7,0,6],"to":[7.5,0.5,6.5],"faces":{"down":{"uv":[0.96,8.96,3.04,11.04],"texture":"#a","cullface":"down"}}},{"from":[7,0,6.5],"to":[7.5,1,7],"faces":{"south":{"uv":[8.96,4.96,11.04,7.04],"texture":"#a"},"up":{"uv":[8.96,4.96,11.04,7.04],"texture":"#a"},"down":{"uv":[8.96,4.96,11.04,7.04],"texture":"#a","cullface":"down"}}},{"from":[7,0,7],"to":[7.5,0.5,7.5],"faces":{"south":{"uv":[12.96,0.96,15.04,3.04],"texture":"#a"},"up":{"uv":[12.96,0.96,15.04,3.04],"texture":"#a"},"down":{"uv":[12.96,0.96,15.04,3.04],"texture":"#a","cullface":"down"}}},{"from":[7,0.5,5],"to":[7.5,1,5.5],"faces":{"north":{"uv":[4.96,8.96,7.04,11.04],"texture":"#a"},"up":{"uv":[4.96,8.96,7.04,11.04],"texture":"#a"}}},{"from":[7,0.5,6],"to":[7.5,1,6.5],"faces":{"up":{"uv":[12.96,4.96,15.04,7.04],"texture":"#a"}}},{"from":[7,1,5.5],"to":[7.5,1.5,6],"faces":{"north":{"uv":[12.96,8.96,15.04,11.04],"texture":"#a"},"east":{"uv":[12.96,8.96,15.04,11.04],"texture":"#a"},"south":{"uv":[12.96,8.96,15.04,11.04],"texture":"#a"},"up":{"uv":[12.96,8.96,15.04,11.04],"texture":"#a"}}},{"from":[7.5,0,5],"to":[8,0.5,5.5],"faces":{"north":{"uv":[4.96,8.96,7.04,11.04],"texture":"#a"},"east":{"uv":[4.96,8.96,7.04,11.04],"texture":"#a"},"down":{"uv":[4.96,8.96,7.04,11.04],"texture":"#a","cullface":"down"}}},{"from":[7.5,0,5.5],"to":[8,0.5,6],"faces":{"east":{"uv":[8.96,8.96,11.04,11.04],"texture":"#a"},"down":{"uv":[8.96,8.96,11.04,11.04],"texture":"#a","cullface":"down"}}},{"from":[7.5,0,6],"to":[8,0.5,6.5],"faces":{"down":{"uv":[12.96,8.96,15.04,11.04],"texture":"#a","cullface":"down"}}},{"from":[7.5,0,6.5],"to":[8,0.5,7],"faces":{"down":{"uv":[0.96,4.96,3.04,7.04],"texture":"#a","cullface":"down"}}},{"from":[7.5,0,7],"to":[8.5,0.5,7.5],"faces":{"east":{"uv":[8.96,8.96,11.04,11.04],"texture":"#a"},"south":{"uv":[8.96,8.96,11.04,11.04],"texture":"#a"},"up":{"uv":[8.96,8.96,11.04,11.04],"texture":"#a"},"down":{"uv":[8.96,8.96,11.04,11.04],"texture":"#a","cullface":"down"}}},{"from":[7.5,0.5,5],"to":[8,1,5.5],"faces":{"north":{"uv":[12.96,8.96,15.04,11.04],"texture":"#a"},"east":{"uv":[12.96,8.96,15.04,11.04],"texture":"#a"},"up":{"uv":[12.96,8.96,15.04,11.04],"texture":"#a"}}},{"from":[7.5,0.5,5.5],"to":[8,1,6],"faces":{"east":{"uv":[12.96,0.96,15.04,3.04],"texture":"#a"},"up":{"uv":[12.96,0.96,15.04,3.04],"texture":"#a"}}},{"from":[7.5,0.5,6],"to":[8,1,6.5],"faces":{"east":{"uv":[8.96,0.96,11.04,3.04],"texture":"#a"},"up":{"uv":[8.96,0.96,11.04,3.04],"texture":"#a"}}},{"from":[7.5,0.5,6.5],"to":[8,1,7],"faces":{"east":{"uv":[12.96,8.96,15.04,11.04],"texture":"#a"},"south":{"uv":[12.96,8.96,15.04,11.04],"texture":"#a"},"up":{"uv":[12.96,8.96,15.04,11.04],"texture":"#a"}}},{"from":[8,0,6],"to":[8.5,0.5,7],"faces":{"north":{"uv":[12.96,4.96,15.04,7.04],"texture":"#a"},"east":{"uv":[12.96,4.96,15.04,7.04],"texture":"#a"},"up":{"uv":[12.96,4.96,15.04,7.04],"texture":"#a"},"down":{"uv":[12.96,4.96,15.04,7.04],"texture":"#a","cullface":"down"}}}],"display":{"thirdperson_righthand":{"rotation":[75,45,0],"translation":[3,4.5,5]},"thirdperson_lefthand":{"rotation":[75,45,0],"translation":[0,0.5,7]},"firstperson_righthand":{"rotation":[0,45,0],"translation":[-34.08,8.3481,-27.82],"scale":[3,3,3]},"firstperson_lefthand":{"rotation":[0,45,0],"translation":[-41.73,8.3481,-20.16],"scale":[3,3,3]},"ground":{"translation":[0,2,0],"scale":[0.5,0.5,0.5]},"gui":{"rotation":[30,225,0],"translation":[-4.172,9.7391,20.869],"scale":[2,2,2]}}}