{"textures":{"1":"book13/book","particle":"book13/book"},"elements":[{"from":[1.375,0,3.75],"to":[7.875,0.5,13.25],"rotation":{"angle":22.5,"axis":"y","origin":[0.875,0,3.75]},"faces":{"north":{"uv":[9.5,11.5,16,12],"texture":"#1"},"east":{"uv":[5.5,11,15,11.5],"texture":"#1"},"south":{"uv":[4,7,10.5,7.5],"texture":"#1"},"up":{"uv":[1,0,7.5,9.5],"texture":"#1"},"down":{"uv":[1,0,7.5,9.5],"texture":"#1"}}},{"from":[1.375,0.5,4.25],"to":[7.375,2.25,12.75],"rotation":{"angle":22.5,"axis":"y","origin":[0.875,0,3.75]},"faces":{"north":{"uv":[9,13.75,15,15.5],"texture":"#1"},"east":{"uv":[6,13.75,14.5,15.5],"texture":"#1"},"south":{"uv":[1,13.75,7,15.5],"texture":"#1"}}},{"from":[1.375,2.25,3.75],"to":[7.875,2.75,13.25],"rotation":{"angle":22.5,"axis":"y","origin":[0.875,0,3.75]},"faces":{"north":{"uv":[9.5,11.5,16,12],"texture":"#1"},"east":{"uv":[5.5,11,15,11.5],"texture":"#1"},"south":{"uv":[4,7,10.5,7.5],"texture":"#1"},"up":{"uv":[1,0,7.5,9.5],"texture":"#1"},"down":{"uv":[1,0,7.5,9.5],"texture":"#1"}}},{"from":[0.875,0,3.75],"to":[1.375,2.75,13.25],"rotation":{"angle":22.5,"axis":"y","origin":[0.875,0,3.75]},"faces":{"north":{"uv":[14.5,7.5,15,10.25],"texture":"#1"},"east":{"uv":[6.5,7,16,9.75],"texture":"#1"},"south":{"uv":[9,8.5,9.5,11.25],"texture":"#1"},"west":{"uv":[4.5,8,14,10.75],"texture":"#1"},"up":{"uv":[1,0,1.5,9.5],"texture":"#1"},"down":{"uv":[1,0,1.5,9.5],"texture":"#1"}}},{"from":[3.3596,2.75,1.909],"to":[9.8596,3.25,11.409],"faces":{"north":{"uv":[9.5,11.5,16,12],"texture":"#1"},"east":{"uv":[5.5,11,15,11.5],"texture":"#1"},"south":{"uv":[4,7,10.5,7.5],"texture":"#1"},"up":{"uv":[1,0,7.5,9.5],"texture":"#1"},"down":{"uv":[1,0,7.5,9.5],"texture":"#1"}}},{"from":[3.3596,3.25,2.409],"to":[9.3596,5,10.909],"faces":{"north":{"uv":[9,13.75,15,15.5],"texture":"#1"},"east":{"uv":[6,13.75,14.5,15.5],"texture":"#1"},"south":{"uv":[1,13.75,7,15.5],"texture":"#1"}}},{"from":[3.3596,5,1.909],"to":[9.8596,5.5,11.409],"faces":{"north":{"uv":[9.5,11.5,16,12],"texture":"#1"},"east":{"uv":[5.5,11,15,11.5],"texture":"#1"},"south":{"uv":[4,7,10.5,7.5],"texture":"#1"},"up":{"uv":[1,0,7.5,9.5],"texture":"#1"},"down":{"uv":[1,0,7.5,9.5],"texture":"#1"}}},{"from":[2.8596,2.75,1.909],"to":[3.3596,5.5,11.409],"faces":{"north":{"uv":[14.5,7.5,15,10.25],"texture":"#1"},"east":{"uv":[6.5,7,16,9.75],"texture":"#1"},"south":{"uv":[9,8.5,9.5,11.25],"texture":"#1"},"west":{"uv":[4.5,8,14,10.75],"texture":"#1"},"up":{"uv":[1,0,1.5,9.5],"texture":"#1"},"down":{"uv":[1,0,1.5,9.5],"texture":"#1"}}},{"from":[8.5,-0.75,3.25],"to":[9,8.75,9.75],"rotation":{"angle":22.5,"axis":"z","origin":[8.5,8.75,9.75]},"faces":{"north":{"uv":[5.5,11,15,11.5],"rotation":270,"texture":"#1"},"east":{"uv":[1,0,7.5,9.5],"texture":"#1"},"west":{"uv":[7.5,9.5,1,0],"texture":"#1"},"up":{"uv":[16,12,9.5,11.5],"rotation":270,"texture":"#1"},"down":{"uv":[4,7,10.5,7.5],"rotation":90,"texture":"#1"}}},{"from":[8.5,-0.75,9.75],"to":[11.25,8.75,10.25],"rotation":{"angle":22.5,"axis":"z","origin":[8.5,8.75,9.75]},"faces":{"north":{"uv":[6.5,7,16,9.75],"rotation":270,"texture":"#1"},"east":{"uv":[1,0,1.5,9.5],"texture":"#1"},"south":{"uv":[4.5,8,14,10.75],"rotation":90,"texture":"#1"},"west":{"uv":[1.5,9.5,1,0],"texture":"#1"},"up":{"uv":[15,10.25,14.5,7.5],"rotation":270,"texture":"#1"},"down":{"uv":[9,8.5,9.5,11.25],"rotation":90,"texture":"#1"}}},{"from":[9,-0.25,3.75],"to":[10.75,8.25,9.75],"rotation":{"angle":22.5,"axis":"z","origin":[8.5,8.75,9.75]},"faces":{"north":{"uv":[6,13.75,14.5,15.5],"rotation":270,"texture":"#1"},"up":{"uv":[15,15.5,9,13.75],"rotation":270,"texture":"#1"},"down":{"uv":[1,13.75,7,15.5],"rotation":90,"texture":"#1"}}},{"from":[10.75,-0.7499,3.25],"to":[11.25,8.7501,9.75],"rotation":{"angle":22.5,"axis":"z","origin":[8.5,8.75,9.75]},"faces":{"north":{"uv":[5.5,11,15,11.5],"rotation":270,"texture":"#1"},"east":{"uv":[1,0,7.5,9.5],"texture":"#1"},"south":{"uv":[4,11.5,13.5,12],"rotation":90,"texture":"#1"},"west":{"uv":[7.5,9.5,1,0],"texture":"#1"},"up":{"uv":[16,12,9.5,11.5],"rotation":270,"texture":"#1"},"down":{"uv":[4,7,10.5,7.5],"rotation":90,"texture":"#1"}}}]}