{"textures":{"texture":"treasure_map/a","particle":"treasure_map/a"},"elements":[{"from":[0.125,0,7],"to":[1.375,0.75,16],"rotation":{"angle":22.5,"axis":"y","origin":[0.125,0,7]},"faces":{"north":{"uv":[1.5,14,3.5,15.5],"texture":"#texture"},"east":{"uv":[6,15.25,15,16],"texture":"#texture"},"south":{"uv":[1.5,14,3.5,15.5],"texture":"#texture"},"west":{"uv":[1,15.25,10,16],"texture":"#texture"},"up":{"uv":[13.5,1,15,10],"texture":"#texture"},"down":{"uv":[1,7,2.5,16],"texture":"#texture"}}},{"from":[1.375,0,8],"to":[12.125,0.25,15],"rotation":{"angle":22.5,"axis":"y","origin":[0.125,0,7]},"faces":{"north":{"uv":[2.75,15.75,13.5,16],"texture":"#texture"},"south":{"uv":[2.5,15.75,13.25,16],"texture":"#texture"},"up":{"uv":[0,0,10.75,7],"texture":"#texture"},"down":{"uv":[0,8.5,10.75,15.5],"texture":"#texture"}}},{"from":[1.375,0,7],"to":[3.125,0.25,8],"rotation":{"angle":22.5,"axis":"y","origin":[0.125,0,7]},"faces":{"north":{"uv":[11.75,15.75,13.5,16],"texture":"#texture"},"east":{"uv":[14,15.75,15,16],"texture":"#texture"},"up":{"uv":[2.5,1,4.25,2],"texture":"#texture"},"down":{"uv":[2.5,14,4.25,15],"texture":"#texture"}}},{"from":[3.625,0,7],"to":[9.625,0.25,7.5],"rotation":{"angle":22.5,"axis":"y","origin":[0.125,0,7]},"faces":{"north":{"uv":[5.25,15.75,11.25,16],"texture":"#texture"},"east":{"uv":[14.5,15.75,15,16],"texture":"#texture"},"west":{"uv":[1,15.75,1.5,16],"texture":"#texture"},"up":{"uv":[6,7,12,7.5],"texture":"#texture"},"down":{"uv":[4.75,14.5,10.75,15],"texture":"#texture"}}},{"from":[10.625,0,7],"to":[12.125,0.25,7.5],"rotation":{"angle":22.5,"axis":"y","origin":[0.125,0,7]},"faces":{"north":{"uv":[2.75,15.75,4.25,16],"texture":"#texture"},"west":{"uv":[1,15.75,1.5,16],"texture":"#texture"},"up":{"uv":[11.75,1,13.25,1.5],"texture":"#texture"},"down":{"uv":[11.75,14.5,13.25,15],"texture":"#texture"}}},{"from":[3.125,0,7.5],"to":[9.875,0.25,8],"rotation":{"angle":22.5,"axis":"y","origin":[0.125,0,7]},"faces":{"north":{"uv":[5,15.75,11.75,16],"texture":"#texture"},"east":{"uv":[14,15.75,14.5,16],"texture":"#texture"},"up":{"uv":[5,8,11.75,8.5],"texture":"#texture"},"down":{"uv":[4.25,14,11,14.5],"texture":"#texture"}}},{"from":[10.375,0,7.5],"to":[12.125,0.25,8],"rotation":{"angle":22.5,"axis":"y","origin":[0.125,0,7]},"faces":{"north":{"uv":[2.75,15.75,4.5,16],"texture":"#texture"},"west":{"uv":[1.5,15.75,2,16],"texture":"#texture"},"up":{"uv":[11.5,1.5,13.25,2],"texture":"#texture"},"down":{"uv":[11.5,14,13.25,14.5],"texture":"#texture"}}},{"from":[1.375,0,15.5],"to":[3.625,0.25,16],"rotation":{"angle":22.5,"axis":"y","origin":[0.125,0,7]},"faces":{"north":{"uv":[11.25,15.75,13.5,16],"texture":"#texture"},"east":{"uv":[6,15.75,6.5,16],"texture":"#texture"},"south":{"uv":[2.5,15.75,4.75,16],"texture":"#texture"},"up":{"uv":[2.5,9.5,4.75,10],"texture":"#texture"},"down":{"uv":[2.5,6,4.75,6.5],"texture":"#texture"}}},{"from":[4.875,0,15.5],"to":[7.375,0.25,16],"rotation":{"angle":22.5,"axis":"y","origin":[0.125,0,7]},"faces":{"east":{"uv":[6,15.75,6.5,16],"texture":"#texture"},"south":{"uv":[6,15.75,8.5,16],"texture":"#texture"},"west":{"uv":[9.5,15.75,10,16],"texture":"#texture"},"up":{"uv":[6,9.5,8.5,10],"texture":"#texture"},"down":{"uv":[6,6,8.5,6.5],"texture":"#texture"}}},{"from":[8.375,0,15.5],"to":[9.125,0.25,16],"rotation":{"angle":22.5,"axis":"y","origin":[0.125,0,7]},"faces":{"north":{"uv":[5.75,15.75,6.5,16],"texture":"#texture"},"east":{"uv":[6,15.75,6.5,16],"texture":"#texture"},"south":{"uv":[9.5,15.75,10.25,16],"texture":"#texture"},"west":{"uv":[9.5,15.75,10,16],"texture":"#texture"},"up":{"uv":[9.5,9.5,10.25,10],"texture":"#texture"},"down":{"uv":[9.5,6,10.25,6.5],"texture":"#texture"}}},{"from":[10.375,0,15.5],"to":[12.125,0.25,16],"rotation":{"angle":22.5,"axis":"y","origin":[0.125,0,7]},"faces":{"south":{"uv":[11.5,15.75,13.25,16],"texture":"#texture"},"west":{"uv":[9.5,15.75,10,16],"texture":"#texture"},"up":{"uv":[11.5,9.5,13.25,10],"texture":"#texture"},"down":{"uv":[11.5,6,13.25,6.5],"texture":"#texture"}}},{"from":[1.375,0,15],"to":[3.125,0.25,15.5],"rotation":{"angle":22.5,"axis":"y","origin":[0.125,0,7]},"faces":{"east":{"uv":[6.5,15.75,7,16],"texture":"#texture"},"up":{"uv":[2.5,9,4.25,9.5],"texture":"#texture"},"down":{"uv":[2.5,6.5,4.25,7],"texture":"#texture"}}},{"from":[4.625,0,15],"to":[7.875,0.25,15.5],"rotation":{"angle":22.5,"axis":"y","origin":[0.125,0,7]},"faces":{"east":{"uv":[6.5,15.75,7,16],"texture":"#texture"},"south":{"uv":[5.75,15.75,9,16],"texture":"#texture"},"west":{"uv":[9,15.75,9.5,16],"texture":"#texture"},"up":{"uv":[5.75,9,9,9.5],"texture":"#texture"},"down":{"uv":[5.75,6.5,9,7],"texture":"#texture"}}},{"from":[8.875,0,15],"to":[12.125,0.25,15.5],"rotation":{"angle":22.5,"axis":"y","origin":[0.125,0,7]},"faces":{"south":{"uv":[10,15.75,13.25,16],"texture":"#texture"},"west":{"uv":[9,15.75,9.5,16],"texture":"#texture"},"up":{"uv":[10,9,13.25,9.5],"texture":"#texture"},"down":{"uv":[10,6.5,13.25,7],"texture":"#texture"}}},{"from":[12.125,0,7],"to":[13.375,0.75,16],"rotation":{"angle":22.5,"axis":"y","origin":[0.125,0,7]},"faces":{"north":{"uv":[1.5,14,3.5,15.5],"texture":"#texture"},"east":{"uv":[6,15.25,15,16],"texture":"#texture"},"south":{"uv":[1.5,14,3.5,15.5],"texture":"#texture"},"west":{"uv":[1,15.25,10,16],"texture":"#texture"},"up":{"uv":[13.5,1,15,10],"texture":"#texture"},"down":{"uv":[1,7,2.5,16],"texture":"#texture"}}}]}