{
	"__comment": "Designed by LardTom",
	"textures": {
		"texture": "books/1",
		"empty": "paper/empty",
		"particle": "paper/empty",
		"text": "books/open"
	},
	"elements": [ 	 
		{
			"__comment": "Element",
			"from": [ 8.3, -0.09999999, 1.15 ],
			"to": [ 13.2, 0.25, 8.15 ],
			"rotation": { "origin": [ 3.75, 0.25, 1.5 ], "axis": "y", "angle": -22.5 },
			"faces": {
				"down": { "uv": [ 0, 0, 7, 10 ], "texture": "#texture" },
				"up": { "uv": [ 0, 0, 7, 10 ], "texture": "#texture" },
				"north": { "uv": [ 0, 11.5, 7, 12 ], "texture": "#texture" },
				"south": { "uv": [ 0, 0, 7, 0.5 ], "texture": "#texture" },
				"east": { "uv": [ 2.5, 0, 3, 10.5 ], "texture": "#texture", "rotation": 90 }
			}
		},
		{
			"__comment": "Element",
			"from": [ 3.4, -0.09999999, 1.15 ],
			"to": [ 8.3, 0.25, 8.15 ],
			"rotation": { "origin": [ 3.75, 0.25, 1.5 ], "axis": "y", "angle": -22.5 },
			"faces": {
				"down": { "uv": [ 0, 0, 7, 10 ], "texture": "#texture" },
				"up": { "uv": [ 0, 0, 7, 10 ], "texture": "#texture" },
				"north": { "uv": [ 0, 11.5, 7, 12 ], "texture": "#texture" },
				"south": { "uv": [ 0, 0, 7, 0.5 ], "texture": "#texture" },
				"west": { "uv": [ 0, 0, 0.5, 10.5 ], "texture": "#texture", "rotation": 90 }
			}
		},
		{
			"__comment": "Element",
			"from": [ 3.75, 0.25, 1.5 ],
			"to": [ 12.85, 0.95, 7.8 ],
			"rotation": { "origin": [ 3.75, 0.25, 1.5 ], "axis": "y", "angle": -22.5 },
			"faces": {
				"up": { "uv": [ 1.5, 3.75, 14.5, 12.75 ], "texture": "#empty" },
				"north": { "uv": [ 1.5, 14.5, 14.5, 15.5 ], "texture": "#empty" },
				"south": { "uv": [ 1.5, 14.5, 14.5, 15.5 ], "texture": "#empty" },
				"west": { "uv": [ 3.75, 14.5, 12.75, 15.5 ], "texture": "#empty" },
				"east": { "uv": [ 3.25, 14.5, 12.25, 15.5 ], "texture": "#empty" }
			}
		},
		{
			"__comment": "Element",
			"from": [ 3.75, 0.95, 1.5 ],
			"to": [ 7.95, 1.125, 7.8 ],
			"rotation": { "origin": [ 3.75, 0.25, 1.5 ], "axis": "y", "angle": -22.5 },
			"faces": {
				"up": { "uv": [ 0, 0, 6, 9 ], "texture": "#text" },
				"north": { "uv": [ 7.5, 14.25, 13.5, 14.5 ], "texture": "#empty" },
				"south": { "uv": [ 2.5, 14.25, 8.5, 14.5 ], "texture": "#empty" },
				"west": { "uv": [ 4.75, 14.25, 13.75, 14.5 ], "texture": "#empty" },
				"east": { "uv": [ 2.25, 14.25, 11.25, 14.5 ], "texture": "#empty" }
			}
		},
		{
			"__comment": "Element",
			"from": [ 8.65, 0.95, 1.5 ],
			"to": [ 12.85, 1.125, 7.8 ],
			"rotation": { "origin": [ 3.75, 0.25, 1.5 ], "axis": "y", "angle": -22.5 },
			"faces": {
				"up": { "uv": [ 6, 0, 12, 9 ], "texture": "#text" },
				"north": { "uv": [ 0.5, 14.25, 6.5, 14.5 ], "texture": "#empty" },
				"south": { "uv": [ 9.5, 14.25, 15.5, 14.5 ], "texture": "#empty" },
				"west": { "uv": [ 4.75, 14.25, 13.75, 14.5 ], "texture": "#empty" },
				"east": { "uv": [ 2.25, 14.25, 11.25, 14.5 ], "texture": "#empty" }
			}
		}
	]
}