{
	"__comment": "Designed by LardTom",
	"textures": {
		"particle": "book13/book",
		"texture": "book13/book"
	},
	"elements": [ 	 
		{
			"__comment": "Box1",
			"from": [ 1.375, 0, 3.75 ],
			"to": [ 7.875, 0.5, 13.25 ],
			"rotation": { "origin": [ 0.875, 0, 3.75 ], "axis": "y", "angle": 22.5 },
			"faces": {
				"down": { "uv": [ 1, 0, 7.5, 9.5 ], "texture": "#texture" },
				"up": { "uv": [ 1, 0, 7.5, 9.5 ], "texture": "#texture" },
				"north": { "uv": [ 9.5, 11.5, 16, 12 ], "texture": "#texture" },
				"south": { "uv": [ 4, 7, 10.5, 7.5 ], "texture": "#texture" },
				"west": { "uv": [ 4, 11.5, 13.5, 12 ], "texture": "#texture" },
				"east": { "uv": [ 5.5, 11, 15, 11.5 ], "texture": "#texture" }
			}
		},
		{
			"__comment": "Box1",
			"from": [ 1.375, 0.5, 4.25 ],
			"to": [ 7.375, 2.25, 12.75 ],
			"rotation": { "origin": [ 0.875, 0, 3.75 ], "axis": "y", "angle": 22.5 },
			"faces": {
				"down": { "uv": [ 1, 6, 7, 14.5 ], "texture": "#texture" },
				"up": { "uv": [ 1, 1.5, 7, 10 ], "texture": "#texture" },
				"north": { "uv": [ 9, 13.75, 15, 15.5 ], "texture": "#texture" },
				"south": { "uv": [ 1, 13.75, 7, 15.5 ], "texture": "#texture" },
				"west": { "uv": [ 1.5, 13.75, 10, 15.5 ], "texture": "#texture" },
				"east": { "uv": [ 6, 13.75, 14.5, 15.5 ], "texture": "#texture" }
			}
		},
		{
			"__comment": "Box1",
			"from": [ 1.375, 2.25, 3.75 ],
			"to": [ 7.875, 2.75, 13.25 ],
			"rotation": { "origin": [ 0.875, 0, 3.75 ], "axis": "y", "angle": 22.5 },
			"faces": {
				"down": { "uv": [ 1, 0, 7.5, 9.5 ], "texture": "#texture" },
				"up": { "uv": [ 1, 0, 7.5, 9.5 ], "texture": "#texture" },
				"north": { "uv": [ 9.5, 11.5, 16, 12 ], "texture": "#texture" },
				"south": { "uv": [ 4, 7, 10.5, 7.5 ], "texture": "#texture" },
				"west": { "uv": [ 4, 11.5, 13.5, 12 ], "texture": "#texture" },
				"east": { "uv": [ 5.5, 11, 15, 11.5 ], "texture": "#texture" }
			}
		},
		{
			"__comment": "Box1",
			"from": [ 0.875, 0, 3.75 ],
			"to": [ 1.375, 2.75, 13.25 ],
			"rotation": { "origin": [ 0.875, 0, 3.75 ], "axis": "y", "angle": 22.5 },
			"faces": {
				"down": { "uv": [ 1, 0, 1.5, 9.5 ], "texture": "#texture" },
				"up": { "uv": [ 1, 0, 1.5, 9.5 ], "texture": "#texture" },
				"north": { "uv": [ 14.5, 7.5, 15, 10.25 ], "texture": "#texture" },
				"south": { "uv": [ 9, 8.5, 9.5, 11.25 ], "texture": "#texture" },
				"west": { "uv": [ 4.5, 8, 14, 10.75 ], "texture": "#texture" },
				"east": { "uv": [ 6.5, 7, 16, 9.75 ], "texture": "#texture" }
			}
		},
		{
			"__comment": "Box1",
			"from": [ 3.3596, 2.75, 1.909 ],
			"to": [ 9.8596, 3.25, 11.409 ],
			"faces": {
				"down": { "uv": [ 1, 0, 7.5, 9.5 ], "texture": "#texture" },
				"up": { "uv": [ 1, 0, 7.5, 9.5 ], "texture": "#texture" },
				"north": { "uv": [ 9.5, 11.5, 16, 12 ], "texture": "#texture" },
				"south": { "uv": [ 4, 7, 10.5, 7.5 ], "texture": "#texture" },
				"west": { "uv": [ 4, 11.5, 13.5, 12 ], "texture": "#texture" },
				"east": { "uv": [ 5.5, 11, 15, 11.5 ], "texture": "#texture" }
			}
		},
		{
			"__comment": "Box1",
			"from": [ 3.3596, 3.25, 2.409 ],
			"to": [ 9.3596, 5, 10.909 ],
			"faces": {
				"down": { "uv": [ 1, 6, 7, 14.5 ], "texture": "#texture" },
				"up": { "uv": [ 1, 1.5, 7, 10 ], "texture": "#texture" },
				"north": { "uv": [ 9, 13.75, 15, 15.5 ], "texture": "#texture" },
				"south": { "uv": [ 1, 13.75, 7, 15.5 ], "texture": "#texture" },
				"west": { "uv": [ 1.5, 13.75, 10, 15.5 ], "texture": "#texture" },
				"east": { "uv": [ 6, 13.75, 14.5, 15.5 ], "texture": "#texture" }
			}
		},
		{
			"__comment": "Box1",
			"from": [ 3.3596, 5, 1.909 ],
			"to": [ 9.8596, 5.5, 11.409 ],
			"faces": {
				"down": { "uv": [ 1, 0, 7.5, 9.5 ], "texture": "#texture" },
				"up": { "uv": [ 1, 0, 7.5, 9.5 ], "texture": "#texture" },
				"north": { "uv": [ 9.5, 11.5, 16, 12 ], "texture": "#texture" },
				"south": { "uv": [ 4, 7, 10.5, 7.5 ], "texture": "#texture" },
				"west": { "uv": [ 4, 11.5, 13.5, 12 ], "texture": "#texture" },
				"east": { "uv": [ 5.5, 11, 15, 11.5 ], "texture": "#texture" }
			}
		},
		{
			"__comment": "Box1",
			"from": [ 2.8596, 2.75, 1.909 ],
			"to": [ 3.3596, 5.5, 11.409 ],
			"faces": {
				"down": { "uv": [ 1, 0, 1.5, 9.5 ], "texture": "#texture" },
				"up": { "uv": [ 1, 0, 1.5, 9.5 ], "texture": "#texture" },
				"north": { "uv": [ 14.5, 7.5, 15, 10.25 ], "texture": "#texture" },
				"south": { "uv": [ 9, 8.5, 9.5, 11.25 ], "texture": "#texture" },
				"west": { "uv": [ 4.5, 8, 14, 10.75 ], "texture": "#texture" },
				"east": { "uv": [ 6.5, 7, 16, 9.75 ], "texture": "#texture" }
			}
		},
		{
			"__comment": "Box1",
			"from": [ 8.5, -0.75, 3.25 ],
			"to": [ 9, 8.75, 9.75 ],
			"rotation": { "origin": [ 8.5, 8.75, 9.75 ], "axis": "z", "angle": 22.5 },
			"faces": {
				"down": { "uv": [ 4, 7, 10.5, 7.5 ], "texture": "#texture", "rotation": 90 },
				"up": { "uv": [ 16, 12, 9.5, 11.5 ], "texture": "#texture", "rotation": 270 },
				"north": { "uv": [ 5.5, 11, 15, 11.5 ], "texture": "#texture", "rotation": 270 },
				"south": { "uv": [ 4, 11.5, 13.5, 12 ], "texture": "#texture", "rotation": 90 },
				"west": { "uv": [ 7.5, 9.5, 1, 0 ], "texture": "#texture" },
				"east": { "uv": [ 1, 0, 7.5, 9.5 ], "texture": "#texture" }
			}
		},
		{
			"__comment": "Box1",
			"from": [ 8.5, -0.75, 9.75 ],
			"to": [ 11.25, 8.75, 10.25 ],
			"rotation": { "origin": [ 8.5, 8.75, 9.75 ], "axis": "z", "angle": 22.5 },
			"faces": {
				"down": { "uv": [ 9, 8.5, 9.5, 11.25 ], "texture": "#texture", "rotation": 90 },
				"up": { "uv": [ 15, 10.25, 14.5, 7.5 ], "texture": "#texture", "rotation": 270 },
				"north": { "uv": [ 6.5, 7, 16, 9.75 ], "texture": "#texture", "rotation": 270 },
				"south": { "uv": [ 4.5, 8, 14, 10.75 ], "texture": "#texture", "rotation": 90 },
				"west": { "uv": [ 1.5, 9.5, 1, 0 ], "texture": "#texture" },
				"east": { "uv": [ 1, 0, 1.5, 9.5 ], "texture": "#texture" }
			}
		},
		{
			"__comment": "Box1",
			"from": [ 9, -0.25, 3.75 ],
			"to": [ 10.75, 8.25, 9.75 ],
			"rotation": { "origin": [ 8.5, 8.75, 9.75 ], "axis": "z", "angle": 22.5 },
			"faces": {
				"down": { "uv": [ 1, 13.75, 7, 15.5 ], "texture": "#texture", "rotation": 90 },
				"up": { "uv": [ 15, 15.5, 9, 13.75 ], "texture": "#texture", "rotation": 270 },
				"north": { "uv": [ 6, 13.75, 14.5, 15.5 ], "texture": "#texture", "rotation": 270 },
				"south": { "uv": [ 1.5, 13.75, 10, 15.5 ], "texture": "#texture", "rotation": 90 },
				"west": { "uv": [ 7, 14.5, 1, 6 ], "texture": "#texture" },
				"east": { "uv": [ 1, 1.5, 7, 10 ], "texture": "#texture" }
			}
		},
		{
			"__comment": "Box1",
			"from": [ 10.75, -0.7499, 3.25 ],
			"to": [ 11.25, 8.7501, 9.75 ],
			"rotation": { "origin": [ 8.5, 8.75, 9.75 ], "axis": "z", "angle": 22.5 },
			"faces": {
				"down": { "uv": [ 4, 7, 10.5, 7.5 ], "texture": "#texture", "rotation": 90 },
				"up": { "uv": [ 16, 12, 9.5, 11.5 ], "texture": "#texture", "rotation": 270 },
				"north": { "uv": [ 5.5, 11, 15, 11.5 ], "texture": "#texture", "rotation": 270 },
				"south": { "uv": [ 4, 11.5, 13.5, 12 ], "texture": "#texture", "rotation": 90 },
				"west": { "uv": [ 7.5, 9.5, 1, 0 ], "texture": "#texture" },
				"east": { "uv": [ 1, 0, 7.5, 9.5 ], "texture": "#texture" }
			}
		}
	]
}