

{
    "variants": {
        "": [ { "model": "block/bookshelf/bookshelf",   "weight": 40  },
              { "model": "block/bookshelf/bookshelf1",  "weight": 30  },
              { "model": "block/bookshelf/bookshelf2",  "weight": 30  },
              { "model": "block/bookshelf/bookshelf3",  "weight": 30  },
              { "model": "block/bookshelf/bookshelf4",  "weight": 2   },
              { "model": "block/bookshelf/bookshelf5",  "weight": 20  },
              { "model": "block/bookshelf/bookshelf6",  "weight": 5   },
              { "model": "block/bookshelf/bookshelf7",  "weight": 14  },
              { "model": "block/bookshelf/bookshelf9",  "weight": 4   },
              { "model": "block/bookshelf/bookshelf10", "weight": 12  },
              { "model": "block/bookshelf/bookshelf11", "weight": 12  },
              { "model": "block/bookshelf/bookshelf12", "weight": 4  },
              { "model": "block/bookshelf/bookshelf13", "weight": 20  },
			        { "model": "block/bookshelf/bookshelf14", "weight": 20  },
			        { "model": "block/bookshelf/bookshelf16", "weight": 10  },
              { "model": "block/bookshelf/bookshelf",   "weight": 40  },
              { "model": "block/bookshelf/bookshelfm",   "weight": 40  },
              { "model": "block/bookshelf/bookshelf1m",  "weight": 30  },
              { "model": "block/bookshelf/bookshelf2m",  "weight": 30  },
              { "model": "block/bookshelf/bookshelf3m",  "weight": 30  },
              { "model": "block/bookshelf/bookshelf4m",  "weight": 2   },
              { "model": "block/bookshelf/bookshelf5m",  "weight": 20  },
              { "model": "block/bookshelf/bookshelf6m",  "weight": 5   },
              { "model": "block/bookshelf/bookshelf7m",  "weight": 14  },
              { "model": "block/bookshelf/bookshelf9m",  "weight": 4   },
              { "model": "block/bookshelf/bookshelf10m", "weight": 12  },
              { "model": "block/bookshelf/bookshelf11m", "weight": 12  },
              { "model": "block/bookshelf/bookshelf12m", "weight": 4  },
              { "model": "block/bookshelf/bookshelf13m", "weight": 20  },
    	        { "model": "block/bookshelf/bookshelf14m", "weight": 20  },
    	        { "model": "block/bookshelf/bookshelf16m", "weight": 10  },
              { "model": "block/bookshelf/bookshelf",   "weight": 40  },
                    { "model": "block/bookshelf1/bookshelf1",  "weight": 30  },
                    { "model": "block/bookshelf1/bookshelf2",  "weight": 30  },
                    { "model": "block/bookshelf1/bookshelf3",  "weight": 30  },
                    { "model": "block/bookshelf1/bookshelf4",  "weight": 2   },
                    { "model": "block/bookshelf1/bookshelf5",  "weight": 20  },
                    { "model": "block/bookshelf1/bookshelf6",  "weight": 5   },
                    { "model": "block/bookshelf1/bookshelf7",  "weight": 14  },
                    { "model": "block/bookshelf1/bookshelf9",  "weight": 4   },
                    { "model": "block/bookshelf1/bookshelf10", "weight": 12  },
                    { "model": "block/bookshelf1/bookshelf11", "weight": 12  },
                    { "model": "block/bookshelf1/bookshelf12", "weight": 4  },
                    { "model": "block/bookshelf1/bookshelf13", "weight": 20  },
      			        { "model": "block/bookshelf1/bookshelf14", "weight": 20  },
      			        { "model": "block/bookshelf1/bookshelf16", "weight": 10  },
                    { "model": "block/bookshelf1/bookshelf",   "weight": 40  },
                    { "model": "block/bookshelf1/bookshelfm",   "weight": 40  },
                    { "model": "block/bookshelf1/bookshelf1m",  "weight": 30  },
                    { "model": "block/bookshelf1/bookshelf2m",  "weight": 30  },
                    { "model": "block/bookshelf1/bookshelf3m",  "weight": 30  },
                    { "model": "block/bookshelf1/bookshelf4m",  "weight": 2   },
                    { "model": "block/bookshelf1/bookshelf5m",  "weight": 20  },
                    { "model": "block/bookshelf1/bookshelf6m",  "weight": 5   },
                    { "model": "block/bookshelf1/bookshelf7m",  "weight": 14  },
                    { "model": "block/bookshelf1/bookshelf9m",  "weight": 4   },
                    { "model": "block/bookshelf1/bookshelf10m", "weight": 12  },
                    { "model": "block/bookshelf1/bookshelf11m", "weight": 12  },
                    { "model": "block/bookshelf1/bookshelf12m", "weight": 4  },
                    { "model": "block/bookshelf1/bookshelf13m", "weight": 20  },
          	        { "model": "block/bookshelf1/bookshelf14m", "weight": 20  },
          	        { "model": "block/bookshelf1/bookshelf16m", "weight": 10  },
                    { "model": "block/bookshelf1/bookshelf",   "weight": 40  },
                          { "model": "block/bookshelf2/bookshelf1",  "weight": 30  },
                          { "model": "block/bookshelf2/bookshelf2",  "weight": 30  },
                          { "model": "block/bookshelf2/bookshelf3",  "weight": 30  },
                          { "model": "block/bookshelf2/bookshelf4",  "weight": 2   },
                          { "model": "block/bookshelf2/bookshelf5",  "weight": 20  },
                          { "model": "block/bookshelf2/bookshelf6",  "weight": 5   },
                          { "model": "block/bookshelf2/bookshelf7",  "weight": 14  },
                          { "model": "block/bookshelf2/bookshelf9",  "weight": 4   },
                          { "model": "block/bookshelf2/bookshelf10", "weight": 12  },
                          { "model": "block/bookshelf2/bookshelf11", "weight": 12  },
                          { "model": "block/bookshelf2/bookshelf12", "weight": 4  },
                          { "model": "block/bookshelf2/bookshelf13", "weight": 20  },
            			        { "model": "block/bookshelf2/bookshelf14", "weight": 20  },
            			        { "model": "block/bookshelf2/bookshelf16", "weight": 10  },
                          { "model": "block/bookshelf2/bookshelf",   "weight": 40  },
                          { "model": "block/bookshelf2/bookshelfm",   "weight": 40  },
                          { "model": "block/bookshelf2/bookshelf1m",  "weight": 30  },
                          { "model": "block/bookshelf2/bookshelf2m",  "weight": 30  },
                          { "model": "block/bookshelf2/bookshelf3m",  "weight": 30  },
                          { "model": "block/bookshelf2/bookshelf4m",  "weight": 2   },
                          { "model": "block/bookshelf2/bookshelf5m",  "weight": 20  },
                          { "model": "block/bookshelf2/bookshelf6m",  "weight": 5   },
                          { "model": "block/bookshelf2/bookshelf7m",  "weight": 14  },
                          { "model": "block/bookshelf2/bookshelf9m",  "weight": 4   },
                          { "model": "block/bookshelf2/bookshelf10m", "weight": 12  },
                          { "model": "block/bookshelf2/bookshelf11m", "weight": 12  },
                          { "model": "block/bookshelf2/bookshelf12m", "weight": 4  },
                          { "model": "block/bookshelf2/bookshelf13m", "weight": 20  },
                	        { "model": "block/bookshelf2/bookshelf14m", "weight": 20  },
                	        { "model": "block/bookshelf2/bookshelf16m", "weight": 10  },
                          { "model": "block/bookshelf2/bookshelf",   "weight": 40  },
                                { "model": "block/bookshelf3/bookshelf1",  "weight": 30  },
                                { "model": "block/bookshelf3/bookshelf2",  "weight": 30  },
                                { "model": "block/bookshelf3/bookshelf3",  "weight": 30  },
                                { "model": "block/bookshelf3/bookshelf4",  "weight": 2   },
                                { "model": "block/bookshelf3/bookshelf5",  "weight": 20  },
                                { "model": "block/bookshelf3/bookshelf6",  "weight": 5   },
                                { "model": "block/bookshelf3/bookshelf7",  "weight": 14  },
                                { "model": "block/bookshelf3/bookshelf9",  "weight": 4   },
                                { "model": "block/bookshelf3/bookshelf10", "weight": 12  },
                                { "model": "block/bookshelf3/bookshelf11", "weight": 12  },
                                { "model": "block/bookshelf3/bookshelf12", "weight": 4  },
                                { "model": "block/bookshelf3/bookshelf13", "weight": 20  },
                  			        { "model": "block/bookshelf3/bookshelf14", "weight": 20  },
                  			        { "model": "block/bookshelf3/bookshelf16", "weight": 10  },
                                { "model": "block/bookshelf3/bookshelf",   "weight": 40  },
                                { "model": "block/bookshelf3/bookshelfm",   "weight": 40  },
                                { "model": "block/bookshelf3/bookshelf1m",  "weight": 30  },
                                { "model": "block/bookshelf3/bookshelf2m",  "weight": 30  },
                                { "model": "block/bookshelf3/bookshelf3m",  "weight": 30  },
                                { "model": "block/bookshelf3/bookshelf4m",  "weight": 2   },
                                { "model": "block/bookshelf3/bookshelf5m",  "weight": 20  },
                                { "model": "block/bookshelf3/bookshelf6m",  "weight": 5   },
                                { "model": "block/bookshelf3/bookshelf7m",  "weight": 14  },
                                { "model": "block/bookshelf3/bookshelf9m",  "weight": 4   },
                                { "model": "block/bookshelf3/bookshelf10m", "weight": 12  },
                                { "model": "block/bookshelf3/bookshelf11m", "weight": 12  },
                                { "model": "block/bookshelf3/bookshelf12m", "weight": 4  },
                                { "model": "block/bookshelf3/bookshelf13m", "weight": 20  },
                      	        { "model": "block/bookshelf3/bookshelf14m", "weight": 20  },
                      	        { "model": "block/bookshelf3/bookshelf16m", "weight": 10  }

           ]
    }
}
