

{
    "variants": {
        "": [ { "model": "block/bookshelf",   "weight": 40  },
              { "model": "block/bookshelf1",  "weight": 30  },
              { "model": "block/bookshelf2",  "weight": 30  },
              { "model": "block/bookshelf3",  "weight": 30  },
              { "model": "block/bookshelf4",  "weight": 2   },
              { "model": "block/bookshelf5",  "weight": 20  },
              { "model": "block/bookshelf6",  "weight": 5   },
              { "model": "block/bookshelf7",  "weight": 14  },
              { "model": "block/bookshelf9",  "weight": 4   },
              { "model": "block/bookshelf10", "weight": 12  },
              { "model": "block/bookshelf11", "weight": 12  },
              { "model": "block/bookshelf12", "weight": 4  },
              { "model": "block/bookshelf13", "weight": 20  },
			  { "model": "block/bookshelf14", "weight": 20  },
			  { "model": "block/bookshelf16", "weight": 10  }
           ]
    }
}
