

{
    "variants": {
        "": [ { "model": "block/alternate_dark_oak/oak_planks",   "weight": 4  },
              { "model": "block/alternate_dark_oak/oak_planks02",  "weight": 1  },
              { "model": "block/alternate_dark_oak/oak_planks03",  "weight": 1  },
              { "model": "block/alternate_dark_oak/oak_planks04",  "weight": 1  },
              { "model": "block/alternate_dark_oak/oak_planks05",  "weight": 4  },
              { "model": "block/alternate_dark_oak/oak_planks06",  "weight": 1  },
              { "model": "block/alternate_dark_oak/oak_planks07",   "weight": 1  },
              { "model": "block/alternate_dark_oak/oak_planks08",  "weight": 1  }
           ]
    }
}
