{
    "variants": {
        "": [
            { "model": "block/deko/book1" , "weight":2},
            { "model": "block/deko/book1", "y": 90 , "weight":2},
            { "model": "block/deko/book1", "y": 180, "weight":2},
            { "model": "block/deko/book1", "y": 270, "weight":2},

			      { "model": "block/deko/book2" , "weight":2},
            { "model": "block/deko/book2", "y": 90, "weight":2},
            { "model": "block/deko/book2", "y": 180, "weight":2},
            { "model": "block/deko/book2", "y": 270, "weight":2},

			      { "model": "block/deko/book3" , "weight":2},
            { "model": "block/deko/book3", "y": 90 , "weight":2},
            { "model": "block/deko/book3", "y": 180 , "weight":2},
            { "model": "block/deko/book3", "y": 270 , "weight":2},

			      { "model": "block/deko/book4", "y": 90, "weight":2},
            { "model": "block/deko/book4", "y": 180, "weight":2},
            { "model": "block/deko/book4", "y": 270, "weight":2},
			      { "model": "block/deko/book4" , "weight":2},

			      { "model": "block/deko/book5", "y": 90, "weight":2},
            { "model": "block/deko/book5", "y": 180, "weight":2},
            { "model": "block/deko/book5", "y": 270, "weight":2},
			      { "model": "block/deko/book5" , "weight":2},

			      { "model": "block/deko/book6", "y": 90, "weight":2},
            { "model": "block/deko/book6", "y": 180, "weight":2},
            { "model": "block/deko/book6", "y": 270, "weight":2},
			      { "model": "block/deko/book6" , "weight":2},

			      { "model": "block/deko/book7", "y": 90, "weight":2},
            { "model": "block/deko/book7", "y": 180, "weight":2},
            { "model": "block/deko/book7", "y": 270, "weight":2},
			      { "model": "block/deko/book7" , "weight":2},

			      { "model": "block/deko/book8", "y": 90, "weight":2},
            { "model": "block/deko/book8", "y": 180, "weight":2},
            { "model": "block/deko/book8", "y": 270, "weight":2},
			      { "model": "block/deko/book8" , "weight":2},

			      { "model": "block/deko/book9", "y": 90, "weight":2},
            { "model": "block/deko/book9", "y": 180, "weight":2},
            { "model": "block/deko/book9", "y": 270, "weight":2},
			      { "model": "block/deko/book9" , "weight":2},

			      { "model": "block/deko/book10", "y": 90, "weight":2},
            { "model": "block/deko/book10", "y": 180, "weight":2},
            { "model": "block/deko/book10", "y": 270, "weight":2},
			      { "model": "block/deko/book10" , "weight":2},

			      { "model": "block/deko/book11", "y": 90, "weight":2},
            { "model": "block/deko/book11", "y": 180, "weight":2},
            { "model": "block/deko/book11", "y": 270, "weight":2},
			      { "model": "block/deko/book11" , "weight":2},

			      { "model": "block/deko/book12", "y": 90, "weight":2},
            { "model": "block/deko/book12", "y": 180, "weight":2},
            { "model": "block/deko/book12", "y": 270, "weight":2},
			      { "model": "block/deko/book12" , "weight":2},

			      { "model": "block/deko/book13", "y": 90, "weight":2},
            { "model": "block/deko/book13", "y": 180, "weight":2},
            { "model": "block/deko/book13", "y": 270, "weight":2},
			      { "model": "block/deko/book13" , "weight":2},

			      { "model": "block/deko/book14", "y": 90, "weight":2},
            { "model": "block/deko/book14", "y": 180, "weight":2},
            { "model": "block/deko/book14", "y": 270, "weight":2},
			      { "model": "block/deko/book14" , "weight":2},

			      { "model": "block/deko/book15", "y": 90, "weight":2},
            { "model": "block/deko/book15", "y": 180, "weight":2},
            { "model": "block/deko/book15", "y": 270, "weight":2},
			      { "model": "block/deko/book15" , "weight":2},

			      { "model": "block/deko/book16", "y": 90, "weight":2},
            { "model": "block/deko/book16", "y": 180, "weight":2},
            { "model": "block/deko/book16", "y": 270, "weight":2},
			      { "model": "block/deko/book16" , "weight":2},

			      { "model": "block/deko/book17", "y": 90, "weight":2},
            { "model": "block/deko/book17", "y": 180, "weight":2},
            { "model": "block/deko/book17", "y": 270, "weight":2},
			      { "model": "block/deko/book17" , "weight":2},

			      { "model": "block/deko/book18", "y": 90, "weight":2},
            { "model": "block/deko/book18", "y": 180, "weight":2},
            { "model": "block/deko/book18", "y": 270, "weight":2},
			      { "model": "block/deko/book18" , "weight":2},

			      { "model": "block/deko/book19", "y": 90, "weight":2},
            { "model": "block/deko/book19", "y": 180, "weight":2},
            { "model": "block/deko/book19", "y": 270, "weight":2},
			      { "model": "block/deko/book19" , "weight":2},

			      { "model": "block/deko/book20", "y": 90, "weight":2},
            { "model": "block/deko/book20", "y": 180, "weight":2},
            { "model": "block/deko/book20", "y": 270, "weight":2},
			      { "model": "block/deko/book20" , "weight":2},

			      { "model": "block/deko/book21", "y": 90, "weight":2},
            { "model": "block/deko/book21", "y": 180, "weight":2},
            { "model": "block/deko/book21", "y": 270, "weight":2},
			      { "model": "block/deko/book21" , "weight":2},

			      { "model": "block/deko/book22", "y": 90, "weight":2},
            { "model": "block/deko/book22", "y": 180, "weight":2},
            { "model": "block/deko/book22", "y": 270, "weight":2},
			      { "model": "block/deko/book22" , "weight":2},

			      { "model": "block/deko/book23", "y": 90, "weight":2},
            { "model": "block/deko/book23", "y": 180, "weight":2},
            { "model": "block/deko/book23", "y": 270, "weight":2},
			      { "model": "block/deko/book23" , "weight":2},

			      { "model": "block/deko/book24", "y": 90, "weight":2},
            { "model": "block/deko/book24", "y": 180, "weight":2},
            { "model": "block/deko/book24", "y": 270, "weight":2},
			      { "model": "block/deko/book24" , "weight":2},

			      { "model": "block/deko/book25", "y": 90, "weight":2},
            { "model": "block/deko/book25", "y": 180, "weight":2},
            { "model": "block/deko/book25", "y": 270, "weight":2},
			      { "model": "block/deko/book25" , "weight":2},

            { "model": "block/deko/book26", "y": 90, "weight":1},
            { "model": "block/deko/book26", "y": 180, "weight":1},
            { "model": "block/deko/book26", "y": 270, "weight":1},
            { "model": "block/deko/book26", "weight":1 },

            { "model": "block/deko/monokel", "y": 90, "weight":2},
            { "model": "block/deko/monokel", "y": 180, "weight":2},
            { "model": "block/deko/monokel", "y": 270, "weight":2},
            { "model": "block/deko/monokel", "weight":2 },

            { "model": "block/deko/book_parzival", "y": 90, "weight":2},
            { "model": "block/deko/book_parzival", "y": 180, "weight":2},
            { "model": "block/deko/book_parzival", "y": 270, "weight":2},
            { "model": "block/deko/book_parzival", "weight":2 },

            { "model": "block/deko/book_comoedia", "y": 90, "weight":2},
            { "model": "block/deko/book_comoedia", "y": 180, "weight":2},
            { "model": "block/deko/book_comoedia", "y": 270, "weight":2},
            { "model": "block/deko/book_comoedia", "weight":2 }

        ]
    }
}
