{
    "variants": {
        "": [
            { "model": "new/book1" },
            { "model": "new/book1", "y": 90 },
            { "model": "new/book1", "y": 180},
            { "model": "new/book1", "y": 270},
			{ "model": "new/book2" },
            { "model": "new/book2", "y": 90},
            { "model": "new/book2", "y": 180},
            { "model": "new/book2", "y": 270},
			{ "model": "new/book3" },
            { "model": "new/book3", "y": 90 },
            { "model": "new/book3", "y": 180 },
            { "model": "new/book3", "y": 270 },
			{ "model": "new/book4", "y": 90},
            { "model": "new/book4", "y": 180},
            { "model": "new/book4", "y": 270},
			{ "model": "new/book4" },
			{ "model": "new/book5", "y": 90},
            { "model": "new/book5", "y": 180},
            { "model": "new/book5", "y": 270},
			{ "model": "new/book5" },
			{ "model": "new/book6", "y": 90},
            { "model": "new/book6", "y": 180},
            { "model": "new/book6", "y": 270},
			{ "model": "new/book6" },
			{ "model": "new/book7", "y": 90},
            { "model": "new/book7", "y": 180},
            { "model": "new/book7", "y": 270},
			{ "model": "new/book7" },
			{ "model": "new/book8", "y": 90},
            { "model": "new/book8", "y": 180},
            { "model": "new/book8", "y": 270},
			{ "model": "new/book8" },
			{ "model": "new/book9", "y": 90},
            { "model": "new/book9", "y": 180},
            { "model": "new/book9", "y": 270},
			{ "model": "new/book9" },
			{ "model": "new/book10", "y": 90},
            { "model": "new/book10", "y": 180},
            { "model": "new/book10", "y": 270},
			{ "model": "new/book10" },
			{ "model": "new/book11", "y": 90},
            { "model": "new/book11", "y": 180},
            { "model": "new/book11", "y": 270},
			{ "model": "new/book11" },
			{ "model": "new/book12", "y": 90},
            { "model": "new/book12", "y": 180},
            { "model": "new/book12", "y": 270},
			{ "model": "new/book12" },
			{ "model": "new/book13", "y": 90},
            { "model": "new/book13", "y": 180},
            { "model": "new/book13", "y": 270},
			{ "model": "new/book13" },
			{ "model": "new/book14", "y": 90},
            { "model": "new/book14", "y": 180},
            { "model": "new/book14", "y": 270},
			{ "model": "new/book14" },
			{ "model": "new/book15", "y": 90},
            { "model": "new/book15", "y": 180},
            { "model": "new/book15", "y": 270},
			{ "model": "new/book15" },
			{ "model": "new/book16", "y": 90},
            { "model": "new/book16", "y": 180},
            { "model": "new/book16", "y": 270},
			{ "model": "new/book16" },
			{ "model": "new/book17", "y": 90},
            { "model": "new/book17", "y": 180},
            { "model": "new/book17", "y": 270},
			{ "model": "new/book17" },
			{ "model": "new/book18", "y": 90},
            { "model": "new/book18", "y": 180},
            { "model": "new/book18", "y": 270},
			{ "model": "new/book18" },
			{ "model": "new/book19", "y": 90},
            { "model": "new/book19", "y": 180},
            { "model": "new/book19", "y": 270},
			{ "model": "new/book19" },
			{ "model": "new/book20", "y": 90},
            { "model": "new/book20", "y": 180},
            { "model": "new/book20", "y": 270},
			{ "model": "new/book20" },
			{ "model": "new/book21", "y": 90},
            { "model": "new/book21", "y": 180},
            { "model": "new/book21", "y": 270},
			{ "model": "new/book21" },
			{ "model": "new/book22", "y": 90},
            { "model": "new/book22", "y": 180},
            { "model": "new/book22", "y": 270},
			{ "model": "new/book22" },
			{ "model": "new/book23", "y": 90},
            { "model": "new/book23", "y": 180},
            { "model": "new/book23", "y": 270},
			{ "model": "new/book23" },
			{ "model": "new/book24", "y": 90},
            { "model": "new/book24", "y": 180},
            { "model": "new/book24", "y": 270},
			{ "model": "new/book24" },
			{ "model": "new/book25", "y": 90},
            { "model": "new/book25", "y": 180},
            { "model": "new/book25", "y": 270},
			{ "model": "new/book25" }

        ]
    }
}