{
    "variants": {
        "facing=east,half=bottom,shape=straight":  { "model": "block/spruce_stairs/spruce_stairs0" },
        "facing=west,half=bottom,shape=straight":  { "model": "block/spruce_stairs/spruce_stairs0", "y": 180, "uvlock": true },
        "facing=south,half=bottom,shape=straight": { "model": "block/spruce_stairs/spruce_stairs0", "y": 90, "uvlock": true },
        "facing=north,half=bottom,shape=straight": { "model": "block/spruce_stairs/spruce_stairs0", "y": 270, "uvlock": true },
        "facing=east,half=bottom,shape=outer_right":  { "model": "block/spruce_stairs/spruce_stairs_outer0" },
        "facing=west,half=bottom,shape=outer_right":  { "model": "block/spruce_stairs/spruce_stairs_outer0", "y": 180, "uvlock": true },
        "facing=south,half=bottom,shape=outer_right": { "model": "block/spruce_stairs/spruce_stairs_outer0", "y": 90, "uvlock": true },
        "facing=north,half=bottom,shape=outer_right": { "model": "block/spruce_stairs/spruce_stairs_outer0", "y": 270, "uvlock": true },
        "facing=east,half=bottom,shape=outer_left":  { "model": "block/spruce_stairs/spruce_stairs_outer0", "y": 270, "uvlock": true },
        "facing=west,half=bottom,shape=outer_left":  { "model": "block/spruce_stairs/spruce_stairs_outer0", "y": 90, "uvlock": true },
        "facing=south,half=bottom,shape=outer_left": { "model": "block/spruce_stairs/spruce_stairs_outer0" },
        "facing=north,half=bottom,shape=outer_left": { "model": "block/spruce_stairs/spruce_stairs_outer0", "y": 180, "uvlock": true },
        "facing=east,half=bottom,shape=inner_right":  { "model": "block/spruce_stairs/spruce_stairs_inner0" },
        "facing=west,half=bottom,shape=inner_right":  { "model": "block/spruce_stairs/spruce_stairs_inner0", "y": 180, "uvlock": true },
        "facing=south,half=bottom,shape=inner_right": { "model": "block/spruce_stairs/spruce_stairs_inner0", "y": 90, "uvlock": true },
        "facing=north,half=bottom,shape=inner_right": { "model": "block/spruce_stairs/spruce_stairs_inner0", "y": 270, "uvlock": true },
        "facing=east,half=bottom,shape=inner_left":  { "model": "block/spruce_stairs/spruce_stairs_inner0", "y": 270, "uvlock": true },
        "facing=west,half=bottom,shape=inner_left":  { "model": "block/spruce_stairs/spruce_stairs_inner0", "y": 90, "uvlock": true },
        "facing=south,half=bottom,shape=inner_left": { "model": "block/spruce_stairs/spruce_stairs_inner0" },
        "facing=north,half=bottom,shape=inner_left": { "model": "block/spruce_stairs/spruce_stairs_inner0", "y": 180, "uvlock": true },
        "facing=east,half=top,shape=straight":  { "model": "block/spruce_stairs/spruce_stairs0", "x": 180, "uvlock": true },
        "facing=west,half=top,shape=straight":  { "model": "block/spruce_stairs/spruce_stairs0", "x": 180, "y": 180, "uvlock": true },
        "facing=south,half=top,shape=straight": { "model": "block/spruce_stairs/spruce_stairs0", "x": 180, "y": 90, "uvlock": true },
        "facing=north,half=top,shape=straight": { "model": "block/spruce_stairs/spruce_stairs0", "x": 180, "y": 270, "uvlock": true },
        "facing=east,half=top,shape=outer_right":  { "model": "block/spruce_stairs/spruce_stairs_outer0", "x": 180, "y": 90, "uvlock": true },
        "facing=west,half=top,shape=outer_right":  { "model": "block/spruce_stairs/spruce_stairs_outer0", "x": 180, "y": 270, "uvlock": true },
        "facing=south,half=top,shape=outer_right": { "model": "block/spruce_stairs/spruce_stairs_outer0", "x": 180, "y": 180, "uvlock": true },
        "facing=north,half=top,shape=outer_right": { "model": "block/spruce_stairs/spruce_stairs_outer0", "x": 180, "uvlock": true },
        "facing=east,half=top,shape=outer_left":  { "model": "block/spruce_stairs/spruce_stairs_outer0", "x": 180, "uvlock": true },
        "facing=west,half=top,shape=outer_left":  { "model": "block/spruce_stairs/spruce_stairs_outer0", "x": 180, "y": 180, "uvlock": true },
        "facing=south,half=top,shape=outer_left": { "model": "block/spruce_stairs/spruce_stairs_outer0", "x": 180, "y": 90, "uvlock": true },
        "facing=north,half=top,shape=outer_left": { "model": "block/spruce_stairs/spruce_stairs_outer0", "x": 180, "y": 270, "uvlock": true },
        "facing=east,half=top,shape=inner_right":  { "model": "block/spruce_stairs/spruce_stairs_inner0", "x": 180, "y": 90, "uvlock": true },
        "facing=west,half=top,shape=inner_right":  { "model": "block/spruce_stairs/spruce_stairs_inner0", "x": 180, "y": 270, "uvlock": true },
        "facing=south,half=top,shape=inner_right": { "model": "block/spruce_stairs/spruce_stairs_inner0", "x": 180, "y": 180, "uvlock": true },
        "facing=north,half=top,shape=inner_right": { "model": "block/spruce_stairs/spruce_stairs_inner0", "x": 180, "uvlock": true },
        "facing=east,half=top,shape=inner_left":  { "model": "block/spruce_stairs/spruce_stairs_inner0", "x": 180, "uvlock": true },
        "facing=west,half=top,shape=inner_left":  { "model": "block/spruce_stairs/spruce_stairs_inner0", "x": 180, "y": 180, "uvlock": true },
        "facing=south,half=top,shape=inner_left": { "model": "block/spruce_stairs/spruce_stairs_inner0", "x": 180, "y": 90, "uvlock": true },
        "facing=north,half=top,shape=inner_left": { "model": "block/spruce_stairs/spruce_stairs_inner0", "x": 180, "y": 270, "uvlock": true }
    }
}
