{"textures":{"4":"dungoen/title","particle":"dungoen/book_little_prince"},"elements":[{"from":[3,0,5.5],"to":[4,4,13.5],"rotation":{"angle":22.5,"axis":"y","origin":[3,0,5.5]},"faces":{"north":{"uv":[6.5,0,7.5,4],"texture":"#particle"},"east":{"uv":[10.5,0,6.5,8],"rotation":270,"texture":"#particle"},"south":{"uv":[7.5,0,8.5,4],"texture":"#particle"},"west":{"uv":[10.5,0,6.5,8],"rotation":270,"texture":"#particle"},"up":{"uv":[7.5,0,8.5,8],"texture":"#particle"},"down":{"uv":[6.5,0,7.5,8],"texture":"#particle"}}},{"from":[4,0,5.5],"to":[10,1,13.5],"rotation":{"angle":22.5,"axis":"y","origin":[3,0,5.5]},"faces":{"north":{"uv":[0,0,6,1],"texture":"#particle"},"east":{"uv":[6,0,5,8],"rotation":270,"texture":"#particle"},"south":{"uv":[0,7,6,8],"texture":"#particle"},"up":{"uv":[0,0,6,8],"texture":"#particle"},"down":{"uv":[0,0,6,8],"texture":"#particle"}}},{"from":[4,3,5.5],"to":[10,4,13.5],"rotation":{"angle":22.5,"axis":"y","origin":[3,0,5.5]},"faces":{"north":{"uv":[0,0,6,1],"texture":"#particle"},"east":{"uv":[6,0,5,8],"rotation":270,"texture":"#particle"},"south":{"uv":[0,7,6,8],"texture":"#particle"},"up":{"uv":[0,0,6,8],"texture":"#particle"},"down":{"uv":[0,0,6,8],"texture":"#particle"}}},{"from":[4,1,6],"to":[9.5,3,13],"rotation":{"angle":22.5,"axis":"y","origin":[3,0,5.5]},"faces":{"north":{"uv":[0,14,5,16],"texture":"#particle"},"east":{"uv":[0,14,6,16],"texture":"#particle"},"south":{"uv":[0,14,5,16],"texture":"#particle"}}},{"from":[4,4.1,6.5],"to":[9,4.101,9.5],"rotation":{"angle":22.5,"axis":"y","origin":[3,0,5.5]},"faces":{"north":{"uv":[12,11.999,16,12],"texture":"#4"},"east":{"uv":[14,11.999,16,12],"texture":"#4"},"south":{"uv":[0,11.999,4,12],"texture":"#4"},"west":{"uv":[0,11.999,2,12],"texture":"#4"},"up":{"uv":[0,2,16,10.5],"texture":"#4"},"down":{"uv":[0,14,4,16],"texture":"#4"}}}]}
