{"textures":{"0":"dungoen/lamp","1":"dungoen/light","2":"dungoen/lamp2","particle":"block/bookshelf"},"elements":[{"from":[2.5,2.5,4],"to":[3,3,4.5],"faces":{"north":{"uv":[8.96,4.96,11.04,7.04],"texture":"#0"},"west":{"uv":[8.96,4.96,11.04,7.04],"texture":"#0"},"down":{"uv":[8.96,4.96,11.04,7.04],"texture":"#0"}}},{"from":[2.5,2.5,4.5],"to":[4,3,5],"faces":{"east":{"uv":[8.96,8.96,11.04,11.04],"texture":"#0"},"west":{"uv":[8.96,8.96,11.04,11.04],"texture":"#0"},"up":{"uv":[8.96,8.96,11.04,11.04],"texture":"#0"},"down":{"uv":[8.96,8.96,11.04,11.04],"texture":"#0"}}},{"from":[2.5,2.5,5],"to":[3,3,5.5],"faces":{"south":{"uv":[4.96,0.96,7.04,3.04],"texture":"#0"},"west":{"uv":[4.96,0.96,7.04,3.04],"texture":"#0"},"down":{"uv":[4.96,0.96,7.04,3.04],"texture":"#0"}}},{"from":[2.5,3,4],"to":[3,3.5,4.5],"faces":{"north":{"uv":[12.96,4.96,15.04,7.04],"texture":"#0"},"west":{"uv":[12.96,4.96,15.04,7.04],"texture":"#0"}}},{"from":[2.5,3,4.5],"to":[3.5,3.5,5],"faces":{"east":{"uv":[8.96,8.96,11.04,11.04],"texture":"#0"},"west":{"uv":[8.96,8.96,11.04,11.04],"texture":"#0"}}},{"from":[2.5,3,5],"to":[3,3.5,5.5],"faces":{"south":{"uv":[8.96,4.96,11.04,7.04],"texture":"#0"},"west":{"uv":[8.96,4.96,11.04,7.04],"texture":"#0"}}},{"from":[2.5,3.5,4],"to":[3,4,5],"faces":{"north":{"uv":[4.96,0.96,7.04,3.04],"texture":"#0"},"west":{"uv":[4.96,0.96,7.04,3.04],"texture":"#0"}}},{"from":[2.5,3.5,5],"to":[3,4,5.5],"faces":{"south":{"uv":[4.96,4.96,7.04,7.04],"texture":"#0"},"west":{"uv":[4.96,4.96,7.04,7.04],"texture":"#0"}}},{"from":[2.5,4,4],"to":[3,4.5,4.5],"faces":{"north":{"uv":[8.96,4.96,11.04,7.04],"texture":"#0"},"west":{"uv":[8.96,4.96,11.04,7.04],"texture":"#0"}}},{"from":[2.5,4,4.5],"to":[3,4.5,5],"faces":{"west":{"uv":[8.96,8.96,11.04,11.04],"texture":"#0"}}},{"from":[2.5,4,5],"to":[3,4.5,5.5],"faces":{"south":{"uv":[0.96,4.96,3.04,7.04],"texture":"#0"},"west":{"uv":[0.96,4.96,3.04,7.04],"texture":"#0"}}},{"from":[2.5,4.5,4],"to":[3,5,4.5],"faces":{"north":{"uv":[12.96,0.96,15.04,3.04],"texture":"#0"},"west":{"uv":[12.96,0.96,15.04,3.04],"texture":"#0"}}},{"from":[2.5,4.5,4.5],"to":[3,5,5],"faces":{"west":{"uv":[0.96,4.96,3.04,7.04],"texture":"#2"}}},{"from":[2.5,4.5,5],"to":[3,5,5.5],"faces":{"south":{"uv":[12.96,0.96,15.04,3.04],"texture":"#0"},"west":{"uv":[12.96,0.96,15.04,3.04],"texture":"#0"}}},{"from":[2.5,5,4],"to":[3,5.5,4.5],"faces":{"north":{"uv":[8.96,8.96,11.04,11.04],"texture":"#0"},"west":{"uv":[8.96,8.96,11.04,11.04],"texture":"#0"}}},{"from":[2.5,5,4.5],"to":[3.5,5.5,5],"faces":{"east":{"uv":[12.96,0.96,15.04,3.04],"texture":"#0"},"west":{"uv":[12.96,0.96,15.04,3.04],"texture":"#0"}}},{"from":[2.5,5,5],"to":[3,5.5,5.5],"faces":{"south":{"uv":[4.96,4.96,7.04,7.04],"texture":"#0"},"west":{"uv":[4.96,4.96,7.04,7.04],"texture":"#0"}}},{"from":[2.5,5.5,4],"to":[3,6,4.5],"faces":{"north":{"uv":[12.96,0.96,15.04,3.04],"texture":"#0"},"west":{"uv":[12.96,0.96,15.04,3.04],"texture":"#0"}}},{"from":[2.5,5.5,4.5],"to":[3,6,5],"faces":{"west":{"uv":[0.96,4.96,3.04,7.04],"texture":"#0"}}},{"from":[2.5,5.5,5],"to":[3,6,5.5],"faces":{"south":{"uv":[12.96,0.96,15.04,3.04],"texture":"#0"},"west":{"uv":[12.96,0.96,15.04,3.04],"texture":"#0"}}},{"from":[2.5,6,4],"to":[3,6.5,4.5],"faces":{"north":{"uv":[8.96,8.96,11.04,11.04],"texture":"#0"},"west":{"uv":[8.96,8.96,11.04,11.04],"texture":"#0"},"up":{"uv":[8.96,8.96,11.04,11.04],"texture":"#0"}}},{"from":[2.5,6,4.5],"to":[3,6.5,5.5],"faces":{"south":{"uv":[12.96,4.96,15.04,7.04],"texture":"#0"},"west":{"uv":[12.96,4.96,15.04,7.04],"texture":"#0"},"up":{"uv":[12.96,4.96,15.04,7.04],"texture":"#0"}}},{"from":[2.5,7.4692,9.1683],"to":[3,8.9692,9.6683],"rotation":{"angle":-45,"axis":"x","origin":[2.5,4,6.5]},"faces":{"north":{"uv":[11.04,7.04,8.96,4.96],"texture":"#0"},"east":{"uv":[8.96,4.96,11.04,7.04],"rotation":180,"texture":"#0"},"south":{"uv":[11.04,7.04,8.96,4.96],"texture":"#0"},"west":{"uv":[8.96,4.96,11.04,7.04],"rotation":180,"texture":"#0"},"up":{"uv":[8.96,4.96,11.04,7.04],"texture":"#0"},"down":{"uv":[8.96,4.96,11.04,7.04],"texture":"#0"}}},{"from":[2.5,6.9691,9.1683],"to":[3,7.4691,9.6683],"rotation":{"angle":-45,"axis":"x","origin":[2.5,4,6.5]},"faces":{"north":{"uv":[15.04,3.04,12.96,0.96],"texture":"#0"},"east":{"uv":[12.96,0.96,15.04,3.04],"rotation":180,"texture":"#0"},"south":{"uv":[15.04,3.04,12.96,0.96],"texture":"#0"},"west":{"uv":[12.96,0.96,15.04,3.04],"rotation":180,"texture":"#0"},"up":{"uv":[12.96,0.96,15.04,3.04],"texture":"#0"}}},{"from":[2.5,6.4691,9.1683],"to":[3,6.9691,9.6683],"rotation":{"angle":-45,"axis":"x","origin":[2.5,4,6.5]},"faces":{"north":{"uv":[7.04,3.04,4.96,0.96],"texture":"#0"},"east":{"uv":[4.96,0.96,7.04,3.04],"rotation":180,"texture":"#0"},"south":{"uv":[7.04,3.04,4.96,0.96],"texture":"#0"},"west":{"uv":[4.96,0.96,7.04,3.04],"rotation":180,"texture":"#0"}}},{"from":[2.5,5.9691,9.1683],"to":[3,6.4691,9.6683],"rotation":{"angle":-45,"axis":"x","origin":[2.5,4,6.5]},"faces":{"north":{"uv":[11.04,11.04,8.96,8.96],"texture":"#0"},"east":{"uv":[8.96,8.96,11.04,11.04],"rotation":180,"texture":"#0"},"south":{"uv":[11.04,11.04,8.96,8.96],"texture":"#0"},"west":{"uv":[8.96,8.96,11.04,11.04],"rotation":180,"texture":"#0"}}},{"from":[2.5,5.4691,9.1683],"to":[3,5.9691,9.6683],"rotation":{"angle":-45,"axis":"x","origin":[2.5,4,6.5]},"faces":{"north":{"uv":[7.04,3.04,4.96,0.96],"texture":"#0"},"east":{"uv":[4.96,0.96,7.04,3.04],"rotation":180,"texture":"#0"},"south":{"uv":[7.04,3.04,4.96,0.96],"texture":"#0"},"west":{"uv":[4.96,0.96,7.04,3.04],"rotation":180,"texture":"#0"},"down":{"uv":[4.96,0.96,7.04,3.04],"texture":"#0"}}},{"from":[3,2,4],"to":[3.5,2.5,4.5],"faces":{"north":{"uv":[4.96,4.96,7.04,7.04],"texture":"#0"},"west":{"uv":[4.96,4.96,7.04,7.04],"texture":"#0"},"down":{"uv":[4.96,4.96,7.04,7.04],"texture":"#0"}}},{"from":[3,2,4.5],"to":[3.5,2.5,5],"faces":{"west":{"uv":[8.96,8.96,11.04,11.04],"texture":"#0"},"down":{"uv":[8.96,8.96,11.04,11.04],"texture":"#0"}}},{"from":[3,2,5],"to":[4,2.5,5.5],"faces":{"south":{"uv":[4.96,0.96,7.04,3.04],"texture":"#0"},"west":{"uv":[4.96,0.96,7.04,3.04],"texture":"#0"},"down":{"uv":[4.96,0.96,7.04,3.04],"texture":"#0"}}},{"from":[3,2.5,4],"to":[4,3,4.5],"faces":{"north":{"uv":[12.96,0.96,15.04,3.04],"texture":"#0"},"east":{"uv":[12.96,0.96,15.04,3.04],"texture":"#0"},"up":{"uv":[12.96,0.96,15.04,3.04],"texture":"#0"}}},{"from":[3,2.5,5],"to":[3.5,3,5.5],"faces":{"south":{"uv":[4.96,4.96,7.04,7.04],"texture":"#0"}}},{"from":[3,3,4],"to":[3.5,4,4.5],"faces":{"north":{"uv":[0.96,4.96,3.04,7.04],"texture":"#0"},"east":{"uv":[0.96,4.96,3.04,7.04],"texture":"#0"}}},{"from":[3,3,5],"to":[3.5,3.5,5.5],"faces":{"east":{"uv":[12.96,4.96,15.04,7.04],"texture":"#0"},"south":{"uv":[12.96,4.96,15.04,7.04],"texture":"#0"}}},{"from":[3,3.5,4.5],"to":[3.5,4,5],"faces":{"east":{"uv":[12.96,4.96,15.04,7.04],"texture":"#0"}}},{"from":[3,3.5,5],"to":[3.5,4,5.5],"faces":{"east":{"uv":[12.96,0.96,15.04,3.04],"texture":"#0"},"south":{"uv":[12.96,0.96,15.04,3.04],"texture":"#0"}}},{"from":[3,4,4],"to":[3.5,4.5,4.5],"faces":{"north":{"uv":[4.96,0.96,7.04,3.04],"texture":"#0"},"east":{"uv":[4.96,0.96,7.04,3.04],"texture":"#0"}}},{"from":[3,4,4.5],"to":[3.5,4.5,5],"faces":{"east":{"uv":[4.96,4.96,7.04,7.04],"texture":"#0"}}},{"from":[3,4,5],"to":[3.5,5,5.5],"faces":{"east":{"uv":[12.96,4.96,15.04,7.04],"texture":"#0"},"south":{"uv":[12.96,4.96,15.04,7.04],"texture":"#0"}}},{"from":[3,4.5,4],"to":[3.5,5,4.5],"faces":{"north":{"uv":[4.96,4.96,7.04,7.04],"texture":"#0"},"east":{"uv":[4.96,4.96,7.04,7.04],"texture":"#0"}}},{"from":[3,4.5,4.5],"to":[3.5,5,5],"faces":{"east":{"uv":[12.96,4.96,15.04,7.04],"texture":"#0"}}},{"from":[3,5,4],"to":[3.5,5.5,4.5],"faces":{"north":{"uv":[0.96,4.96,3.04,7.04],"texture":"#0"},"east":{"uv":[0.96,4.96,3.04,7.04],"texture":"#0"}}},{"from":[3,5,5],"to":[3.5,5.5,5.5],"faces":{"east":{"uv":[12.96,0.96,15.04,3.04],"texture":"#0"},"south":{"uv":[12.96,0.96,15.04,3.04],"texture":"#0"}}},{"from":[3,5.5,4],"to":[3.5,6,4.5],"faces":{"north":{"uv":[4.96,4.96,7.04,7.04],"texture":"#0"},"east":{"uv":[4.96,4.96,7.04,7.04],"texture":"#0"}}},{"from":[3,5.5,4.5],"to":[3.5,6,5],"faces":{"east":{"uv":[12.96,4.96,15.04,7.04],"texture":"#0"}}},{"from":[3,5.5,5],"to":[3.5,6,5.5],"faces":{"east":{"uv":[8.96,4.96,11.04,7.04],"texture":"#0"},"south":{"uv":[8.96,4.96,11.04,7.04],"texture":"#0"}}},{"from":[3,6,4],"to":[3.5,6.5,4.5],"faces":{"north":{"uv":[8.96,4.96,11.04,7.04],"texture":"#0"},"east":{"uv":[8.96,4.96,11.04,7.04],"texture":"#0"}}},{"from":[3,6,4.5],"to":[3.5,6.5,5.5],"faces":{"east":{"uv":[0.96,4.96,3.04,7.04],"texture":"#0"},"south":{"uv":[0.96,4.96,3.04,7.04],"texture":"#0"}}},{"from":[3,6.5,4],"to":[3.5,7,4.5],"faces":{"north":{"uv":[4.96,0.96,7.04,3.04],"texture":"#0"},"west":{"uv":[4.96,0.96,7.04,3.04],"texture":"#0"}}},{"from":[3,6.5,4.5],"to":[3.5,7,5],"faces":{"west":{"uv":[12.96,0.96,15.04,3.04],"texture":"#0"}}},{"from":[3,6.5,5],"to":[3.5,7,5.5],"faces":{"south":{"uv":[8.96,4.96,11.04,7.04],"texture":"#0"},"west":{"uv":[8.96,4.96,11.04,7.04],"texture":"#0"}}},{"from":[3,7,4],"to":[4,7.5,4.5],"faces":{"north":{"uv":[8.96,8.96,11.04,11.04],"texture":"#0"},"east":{"uv":[8.96,8.96,11.04,11.04],"texture":"#0"},"west":{"uv":[8.96,8.96,11.04,11.04],"texture":"#0"}}},{"from":[3,7,5],"to":[3.5,7.5,5.5],"faces":{"south":{"uv":[12.96,0.96,15.04,3.04],"texture":"#0"},"west":{"uv":[12.96,0.96,15.04,3.04],"texture":"#0"}}},{"from":[3,7.5,4],"to":[4,8,4.5],"faces":{"north":{"uv":[12.96,0.96,15.04,3.04],"texture":"#0"},"east":{"uv":[12.96,0.96,15.04,3.04],"texture":"#0"},"west":{"uv":[12.96,0.96,15.04,3.04],"texture":"#0"}}},{"from":[3,7.5,4.5],"to":[3.5,8,5],"faces":{"west":{"uv":[4.96,4.96,7.04,7.04],"texture":"#0"}}},{"from":[3,7.5,5],"to":[3.5,8,5.5],"faces":{"south":{"uv":[8.96,4.96,11.04,7.04],"texture":"#0"},"west":{"uv":[8.96,4.96,11.04,7.04],"texture":"#0"}}},{"from":[3,8,4],"to":[3.5,8.5,4.5],"faces":{"north":{"uv":[4.96,4.96,7.04,7.04],"texture":"#0"},"west":{"uv":[4.96,4.96,7.04,7.04],"texture":"#0"}}},{"from":[3,8,4.5],"to":[3.5,8.5,5.5],"faces":{"south":{"uv":[8.96,8.96,11.04,11.04],"texture":"#0"},"west":{"uv":[8.96,8.96,11.04,11.04],"texture":"#0"}}},{"from":[3,8.5,4],"to":[3.5,9,4.5],"faces":{"north":{"uv":[8.96,8.96,11.04,11.04],"texture":"#0"},"west":{"uv":[8.96,8.96,11.04,11.04],"texture":"#0"}}},{"from":[3,8.5,4.5],"to":[3.5,9,5],"faces":{"west":{"uv":[12.96,0.96,15.04,3.04],"texture":"#2"}}},{"from":[3,8.5,5],"to":[3.5,9.5,5.5],"faces":{"south":{"uv":[0.96,4.96,3.04,7.04],"texture":"#0"},"west":{"uv":[0.96,4.96,3.04,7.04],"texture":"#0"},"up":{"uv":[0.96,4.96,3.04,7.04],"texture":"#0"}}},{"from":[3,9,4],"to":[3.5,9.5,4.5],"faces":{"north":{"uv":[12.96,0.96,15.04,3.04],"texture":"#0"},"west":{"uv":[12.96,0.96,15.04,3.04],"texture":"#0"},"up":{"uv":[12.96,0.96,15.04,3.04],"texture":"#0"}}},{"from":[3,9,4.5],"to":[4,9.5,5],"faces":{"west":{"uv":[4.96,0.96,7.04,3.04],"texture":"#0"},"up":{"uv":[4.96,0.96,7.04,3.04],"texture":"#0"}}},{"from":[3,4.9691,9.1683],"to":[3.5,5.4691,9.6683],"rotation":{"angle":-45,"axis":"x","origin":[2.5,4,6.5]},"faces":{"north":{"uv":[7.04,7.04,4.96,4.96],"texture":"#0"},"east":{"uv":[4.96,4.96,7.04,7.04],"rotation":180,"texture":"#0"},"south":{"uv":[7.04,7.04,4.96,4.96],"texture":"#0"},"west":{"uv":[4.96,4.96,7.04,7.04],"rotation":180,"texture":"#0"},"up":{"uv":[4.96,4.96,7.04,7.04],"texture":"#0"},"down":{"uv":[4.96,4.96,7.04,7.04],"texture":"#0"}}},{"from":[3.5,0,4],"to":[4,0.5,4.5],"faces":{"north":{"uv":[8.96,8.96,11.04,11.04],"texture":"#0"},"west":{"uv":[8.96,8.96,11.04,11.04],"texture":"#0"},"down":{"uv":[8.96,8.96,11.04,11.04],"texture":"#0","cullface":"down"}}},{"from":[3.5,0,4.5],"to":[4.5,0.5,5],"faces":{"west":{"uv":[8.96,4.96,11.04,7.04],"texture":"#0"},"down":{"uv":[8.96,4.96,11.04,7.04],"texture":"#0","cullface":"down"}}},{"from":[3.5,0,5],"to":[4,0.5,5.5],"faces":{"south":{"uv":[4.96,0.96,7.04,3.04],"texture":"#0"},"west":{"uv":[4.96,0.96,7.04,3.04],"texture":"#0"},"down":{"uv":[4.96,0.96,7.04,3.04],"texture":"#0","cullface":"down"}}},{"from":[3.5,0.5,4],"to":[8.5,1,4.5],"faces":{"north":{"uv":[4.96,0.96,7.04,3.04],"texture":"#0"},"south":{"uv":[4.96,0.96,7.04,3.04],"texture":"#0"},"west":{"uv":[4.96,0.96,7.04,3.04],"texture":"#0"},"up":{"uv":[4.96,0.96,7.04,3.04],"texture":"#0"}}},{"from":[3.5,0.5,4.5],"to":[5,1,5.5],"faces":{"east":{"uv":[8.96,8.96,11.04,11.04],"texture":"#0"},"south":{"uv":[8.96,8.96,11.04,11.04],"texture":"#0"},"west":{"uv":[8.96,8.96,11.04,11.04],"texture":"#0"},"up":{"uv":[8.96,8.96,11.04,11.04],"texture":"#0"}}},{"from":[3.5,1,4],"to":[4.5,1.5,4.5],"faces":{"north":{"uv":[8.96,4.96,11.04,7.04],"texture":"#0"},"west":{"uv":[8.96,4.96,11.04,7.04],"texture":"#0"}}},{"from":[3.5,1,4.5],"to":[4,1.5,5],"faces":{"west":{"uv":[4.96,0.96,7.04,3.04],"texture":"#0"}}},{"from":[3.5,1,5],"to":[4,1.5,5.5],"faces":{"south":{"uv":[8.96,4.96,11.04,7.04],"texture":"#0"},"west":{"uv":[8.96,4.96,11.04,7.04],"texture":"#0"}}},{"from":[3.5,1.5,4],"to":[4,2,4.5],"faces":{"north":{"uv":[4.96,4.96,7.04,7.04],"texture":"#0"},"west":{"uv":[4.96,4.96,7.04,7.04],"texture":"#0"}}},{"from":[3.5,1.5,4.5],"to":[4.5,2,5],"faces":{"west":{"uv":[8.96,8.96,11.04,11.04],"texture":"#0"}}},{"from":[3.5,1.5,5],"to":[4,2,5.5],"faces":{"south":{"uv":[12.96,4.96,15.04,7.04],"texture":"#0"},"west":{"uv":[12.96,4.96,15.04,7.04],"texture":"#0"}}},{"from":[3.5,2,4],"to":[4,2.5,4.5],"faces":{"north":{"uv":[0.96,4.96,3.04,7.04],"texture":"#0"}}},{"from":[3.5,2,4.5],"to":[4.5,2.5,5],"faces":{"east":{"uv":[4.96,0.96,7.04,3.04],"texture":"#0"},"up":{"uv":[4.96,0.96,7.04,3.04],"texture":"#0"}}},{"from":[3.5,2.5,5],"to":[4,3,5.5],"faces":{"east":{"uv":[4.96,0.96,7.04,3.04],"texture":"#0"},"south":{"uv":[4.96,0.96,7.04,3.04],"texture":"#0"},"up":{"uv":[4.96,0.96,7.04,3.04],"texture":"#0"}}},{"from":[3.5,6.5,4],"to":[4,7,4.5],"faces":{"north":{"uv":[4.96,4.96,7.04,7.04],"texture":"#0"},"down":{"uv":[4.96,4.96,7.04,7.04],"texture":"#0"}}},{"from":[3.5,6.5,4.5],"to":[4,7,5],"faces":{"east":{"uv":[8.96,8.96,11.04,11.04],"texture":"#0"},"down":{"uv":[8.96,8.96,11.04,11.04],"texture":"#0"}}},{"from":[3.5,6.5,5],"to":[4,7,5.5],"faces":{"south":{"uv":[0.96,4.96,3.04,7.04],"texture":"#0"},"down":{"uv":[0.96,4.96,3.04,7.04],"texture":"#0"}}},{"from":[3.5,7,5],"to":[4,7.5,5.5],"faces":{"east":{"uv":[4.96,4.96,7.04,7.04],"texture":"#0"},"south":{"uv":[4.96,4.96,7.04,7.04],"texture":"#0"}}},{"from":[3.5,7.5,5],"to":[4,8,5.5],"faces":{"east":{"uv":[8.96,8.96,11.04,11.04],"texture":"#0"},"south":{"uv":[8.96,8.96,11.04,11.04],"texture":"#0"}}},{"from":[3.5,8,4],"to":[4,8.5,5],"faces":{"north":{"uv":[12.96,0.96,15.04,3.04],"texture":"#0"},"east":{"uv":[12.96,0.96,15.04,3.04],"texture":"#0"}}},{"from":[3.5,8,5],"to":[4,8.5,5.5],"faces":{"east":{"uv":[8.96,4.96,11.04,7.04],"texture":"#0"},"south":{"uv":[8.96,4.96,11.04,7.04],"texture":"#0"}}},{"from":[3.5,8.5,4],"to":[4,9.5,4.5],"faces":{"north":{"uv":[4.96,0.96,7.04,3.04],"texture":"#0"},"east":{"uv":[4.96,0.96,7.04,3.04],"texture":"#0"}}},{"from":[3.5,8.5,4.5],"to":[4,9,5],"faces":{"east":{"uv":[0.96,4.96,3.04,7.04],"texture":"#0"}}},{"from":[3.5,8.5,5],"to":[4,9.5,5.5],"faces":{"east":{"uv":[8.96,8.96,11.04,11.04],"texture":"#0"},"south":{"uv":[8.96,8.96,11.04,11.04],"texture":"#0"}}},{"from":[3.5,9.5,4],"to":[4,10,4.5],"faces":{"north":{"uv":[0.96,4.96,3.04,7.04],"texture":"#0"},"west":{"uv":[0.96,4.96,3.04,7.04],"texture":"#0"}}},{"from":[3.5,9.5,4.5],"to":[4,10,5],"faces":{"west":{"uv":[4.96,0.96,7.04,3.04],"texture":"#0"}}},{"from":[3.5,9.5,5],"to":[4,10,5.5],"faces":{"south":{"uv":[12.96,0.96,15.04,3.04],"texture":"#0"},"west":{"uv":[12.96,0.96,15.04,3.04],"texture":"#0"}}},{"from":[3.5,10,4],"to":[4,10.5,4.5],"faces":{"north":{"uv":[12.96,0.96,15.04,3.04],"texture":"#0"},"west":{"uv":[12.96,0.96,15.04,3.04],"texture":"#0"}}},{"from":[3.5,10,5],"to":[4,10.5,5.5],"faces":{"south":{"uv":[0.96,4.96,3.04,7.04],"texture":"#0"},"west":{"uv":[0.96,4.96,3.04,7.04],"texture":"#0"}}},{"from":[3.5,10.5,4],"to":[4,11,4.5],"faces":{"north":{"uv":[4.96,0.96,7.04,3.04],"texture":"#0"},"west":{"uv":[4.96,0.96,7.04,3.04],"texture":"#0"},"up":{"uv":[4.96,0.96,7.04,3.04],"texture":"#0"}}},{"from":[3.5,10.5,4.5],"to":[4.5,11,5],"faces":{"west":{"uv":[0.96,4.96,3.04,7.04],"texture":"#0"},"up":{"uv":[0.96,4.96,3.04,7.04],"texture":"#0"}}},{"from":[3.5,10.5,5],"to":[4,11,5.5],"faces":{"south":{"uv":[8.96,4.96,11.04,7.04],"texture":"#0"},"west":{"uv":[8.96,4.96,11.04,7.04],"texture":"#0"},"up":{"uv":[8.96,4.96,11.04,7.04],"texture":"#0"}}},{"from":[3.5,4.4691,9.1683],"to":[4,4.9691,9.6683],"rotation":{"angle":-45,"axis":"x","origin":[2.5,4,6.5]},"faces":{"north":{"uv":[11.04,11.04,8.96,8.96],"texture":"#0"},"south":{"uv":[11.04,11.04,8.96,8.96],"texture":"#0"},"west":{"uv":[8.96,8.96,11.04,11.04],"rotation":180,"texture":"#0"},"up":{"uv":[8.96,8.96,11.04,11.04],"texture":"#0"},"down":{"uv":[8.96,8.96,11.04,11.04],"texture":"#0"}}},{"from":[4,0,3],"to":[4.5,1,3.5],"faces":{"north":{"uv":[8.96,8.96,11.04,11.04],"texture":"#0"},"west":{"uv":[8.96,8.96,11.04,11.04],"texture":"#0"},"up":{"uv":[8.96,8.96,11.04,11.04],"texture":"#0"},"down":{"uv":[8.96,8.96,11.04,11.04],"texture":"#0","cullface":"down"}}},{"from":[4,0,3.5],"to":[4.5,0.5,4],"faces":{"west":{"uv":[8.96,4.96,11.04,7.04],"texture":"#0"},"down":{"uv":[8.96,4.96,11.04,7.04],"texture":"#0","cullface":"down"}}},{"from":[4,0,4],"to":[4.5,0.5,4.5],"faces":{"down":{"uv":[4.96,0.96,7.04,3.04],"texture":"#0","cullface":"down"}}},{"from":[4,0,5],"to":[5,0.5,5.5],"faces":{"down":{"uv":[12.96,4.96,15.04,7.04],"texture":"#0","cullface":"down"}}},{"from":[4,0,5.5],"to":[4.5,0.5,6],"faces":{"west":{"uv":[0.96,4.96,3.04,7.04],"texture":"#0"},"down":{"uv":[0.96,4.96,3.04,7.04],"texture":"#0","cullface":"down"}}},{"from":[4,0,6],"to":[4.5,0.5,6.5],"faces":{"south":{"uv":[4.96,0.96,7.04,3.04],"texture":"#0"},"west":{"uv":[4.96,0.96,7.04,3.04],"texture":"#0"},"down":{"uv":[4.96,0.96,7.04,3.04],"texture":"#0","cullface":"down"}}},{"from":[4,0.5,3.5],"to":[4.5,1,4],"faces":{"west":{"uv":[8.96,8.96,11.04,11.04],"texture":"#0"},"up":{"uv":[8.96,8.96,11.04,11.04],"texture":"#0"}}},{"from":[4,0.5,5.5],"to":[4.5,1.5,6],"faces":{"north":{"uv":[12.96,4.96,15.04,7.04],"texture":"#0"},"east":{"uv":[12.96,4.96,15.04,7.04],"texture":"#0"},"west":{"uv":[12.96,4.96,15.04,7.04],"texture":"#0"},"up":{"uv":[12.96,4.96,15.04,7.04],"texture":"#0"}}},{"from":[4,0.5,6],"to":[8,1,6.5],"faces":{"north":{"uv":[8.96,8.96,11.04,11.04],"texture":"#0"},"south":{"uv":[8.96,8.96,11.04,11.04],"texture":"#0"},"west":{"uv":[8.96,8.96,11.04,11.04],"texture":"#0"},"up":{"uv":[8.96,8.96,11.04,11.04],"texture":"#0"}}},{"from":[4,1,4.5],"to":[8.5,1.5,5],"faces":{"north":{"uv":[0.96,4.96,3.04,7.04],"texture":"#0"},"south":{"uv":[0.96,4.96,3.04,7.04],"texture":"#0"},"up":{"uv":[0.96,4.96,3.04,7.04],"texture":"#0"},"down":{"uv":[0.96,4.96,3.04,7.04],"texture":"#0"}}},{"from":[4,1,6],"to":[4.5,1.5,6.5],"faces":{"south":{"uv":[12.96,0.96,15.04,3.04],"texture":"#0"},"west":{"uv":[12.96,0.96,15.04,3.04],"texture":"#0"},"up":{"uv":[12.96,0.96,15.04,3.04],"texture":"#0"}}},{"from":[4,1.5,4],"to":[7.5,2,4.5],"faces":{"north":{"uv":[8.96,8.96,11.04,11.04],"texture":"#0"},"south":{"uv":[8.96,8.96,11.04,11.04],"texture":"#0"},"up":{"uv":[8.96,8.96,11.04,11.04],"texture":"#0"},"down":{"uv":[8.96,8.96,11.04,11.04],"texture":"#0"}}},{"from":[4,1.5,5],"to":[4.5,2,5.5],"faces":{"south":{"uv":[0.96,4.96,3.04,7.04],"texture":"#0"}}},{"from":[4,2,4],"to":[4.5,2.5,4.5],"faces":{"north":{"uv":[8.96,8.96,11.04,11.04],"texture":"#0"},"east":{"uv":[8.96,8.96,11.04,11.04],"texture":"#0"},"up":{"uv":[8.96,8.96,11.04,11.04],"texture":"#0"}}},{"from":[4,2,5],"to":[4.5,2.5,5.5],"faces":{"east":{"uv":[8.96,8.96,11.04,11.04],"texture":"#0"},"south":{"uv":[8.96,8.96,11.04,11.04],"texture":"#0"},"up":{"uv":[8.96,8.96,11.04,11.04],"texture":"#0"}}},{"from":[4,9,4],"to":[4.5,9.5,4.5],"faces":{"north":{"uv":[8.96,8.96,11.04,11.04],"texture":"#0"},"east":{"uv":[8.96,8.96,11.04,11.04],"texture":"#0"},"down":{"uv":[8.96,8.96,11.04,11.04],"texture":"#0"}}},{"from":[4,9,4.5],"to":[4.5,9.5,5],"faces":{"east":{"uv":[12.96,0.96,15.04,3.04],"texture":"#0"},"down":{"uv":[12.96,0.96,15.04,3.04],"texture":"#0"}}},{"from":[4,9,5],"to":[4.5,10.5,5.5],"faces":{"east":{"uv":[12.96,4.96,15.04,7.04],"texture":"#0"},"south":{"uv":[12.96,4.96,15.04,7.04],"texture":"#0"},"down":{"uv":[12.96,4.96,15.04,7.04],"texture":"#0"}}},{"from":[4,9.5,4],"to":[4.5,10,4.5],"faces":{"north":{"uv":[4.96,0.96,7.04,3.04],"texture":"#0"},"east":{"uv":[4.96,0.96,7.04,3.04],"texture":"#0"}}},{"from":[4,9.5,4.5],"to":[4.5,10,5],"faces":{"east":{"uv":[8.96,4.96,11.04,7.04],"texture":"#0"}}},{"from":[4,10,4],"to":[4.5,10.5,4.5],"faces":{"north":{"uv":[12.96,4.96,15.04,7.04],"texture":"#0"},"east":{"uv":[12.96,4.96,15.04,7.04],"texture":"#0"}}},{"from":[4,10,4.5],"to":[4.5,10.5,5],"faces":{"east":{"uv":[12.96,0.96,15.04,3.04],"texture":"#0"}}},{"from":[4,10.5,4],"to":[4.5,11,4.5],"faces":{"north":{"uv":[4.96,4.96,7.04,7.04],"texture":"#0"}}},{"from":[4,10.5,5],"to":[4.5,11,5.5],"faces":{"south":{"uv":[0.96,4.96,3.04,7.04],"texture":"#0"}}},{"from":[4,11,4],"to":[4.5,11.5,5],"faces":{"north":{"uv":[0.96,4.96,3.04,7.04],"texture":"#0"},"west":{"uv":[0.96,4.96,3.04,7.04],"texture":"#0"},"up":{"uv":[0.96,4.96,3.04,7.04],"texture":"#0"}}},{"from":[4,11,5],"to":[4.5,11.5,5.5],"faces":{"south":{"uv":[4.96,4.96,7.04,7.04],"texture":"#0"},"west":{"uv":[4.96,4.96,7.04,7.04],"texture":"#0"},"up":{"uv":[4.96,4.96,7.04,7.04],"texture":"#0"}}},{"from":[4,4.4691,9.1683],"to":[4.5,4.9691,9.6683],"rotation":{"angle":-45,"axis":"x","origin":[2.5,4,6.5]},"faces":{"north":{"uv":[7.04,3.04,4.96,0.96],"texture":"#0"},"east":{"uv":[4.96,0.96,7.04,3.04],"rotation":180,"texture":"#0"},"south":{"uv":[7.04,3.04,4.96,0.96],"texture":"#0"},"up":{"uv":[4.96,0.96,7.04,3.04],"texture":"#0"},"down":{"uv":[4.96,0.96,7.04,3.04],"texture":"#0"}}},{"from":[4.5,0,2.5],"to":[5,0.5,3],"faces":{"north":{"uv":[8.96,8.96,11.04,11.04],"texture":"#0"},"west":{"uv":[8.96,8.96,11.04,11.04],"texture":"#0"},"down":{"uv":[8.96,8.96,11.04,11.04],"texture":"#0","cullface":"down"}}},{"from":[4.5,0,3],"to":[5,1,3.5],"faces":{"east":{"uv":[8.96,4.96,11.04,7.04],"texture":"#0"},"down":{"uv":[8.96,4.96,11.04,7.04],"texture":"#0","cullface":"down"}}},{"from":[4.5,0,3.5],"to":[5,1,4],"faces":{"east":{"uv":[12.96,0.96,15.04,3.04],"texture":"#0"},"down":{"uv":[12.96,0.96,15.04,3.04],"texture":"#0","cullface":"down"}}},{"from":[4.5,0,4],"to":[5,0.5,4.5],"faces":{"down":{"uv":[4.96,4.96,7.04,7.04],"texture":"#0","cullface":"down"}}},{"from":[4.5,0,4.5],"to":[5,0.5,5],"faces":{"down":{"uv":[12.96,0.96,15.04,3.04],"texture":"#0","cullface":"down"}}},{"from":[4.5,0,5.5],"to":[5,0.5,6],"faces":{"down":{"uv":[4.96,4.96,7.04,7.04],"texture":"#0","cullface":"down"}}},{"from":[4.5,0,6],"to":[5,0.5,6.5],"faces":{"down":{"uv":[0.96,4.96,3.04,7.04],"texture":"#0","cullface":"down"}}},{"from":[4.5,0,6.5],"to":[5,0.5,7],"faces":{"south":{"uv":[4.96,4.96,7.04,7.04],"texture":"#0"},"west":{"uv":[4.96,4.96,7.04,7.04],"texture":"#0"},"down":{"uv":[4.96,4.96,7.04,7.04],"texture":"#0","cullface":"down"}}},{"from":[4.5,0.5,2.5],"to":[7.5,1,3],"faces":{"north":{"uv":[8.96,4.96,11.04,7.04],"texture":"#0"},"south":{"uv":[8.96,4.96,11.04,7.04],"texture":"#0"},"west":{"uv":[8.96,4.96,11.04,7.04],"texture":"#0"},"up":{"uv":[8.96,4.96,11.04,7.04],"texture":"#0"}}},{"from":[4.5,0.5,6.5],"to":[5,1,7],"faces":{"south":{"uv":[12.96,0.96,15.04,3.04],"texture":"#0"},"west":{"uv":[12.96,0.96,15.04,3.04],"texture":"#0"},"up":{"uv":[12.96,0.96,15.04,3.04],"texture":"#0"}}},{"from":[4.5,1,3],"to":[5,1.5,3.5],"faces":{"north":{"uv":[4.96,4.96,7.04,7.04],"texture":"#0"},"west":{"uv":[4.96,4.96,7.04,7.04],"texture":"#0"},"up":{"uv":[4.96,4.96,7.04,7.04],"texture":"#0"}}},{"from":[4.5,1,3.5],"to":[7.5,1.5,4],"faces":{"north":{"uv":[12.96,4.96,15.04,7.04],"texture":"#0"},"south":{"uv":[12.96,4.96,15.04,7.04],"texture":"#0"},"west":{"uv":[12.96,4.96,15.04,7.04],"texture":"#0"},"up":{"uv":[12.96,4.96,15.04,7.04],"texture":"#0"},"down":{"uv":[12.96,4.96,15.04,7.04],"texture":"#0"}}},{"from":[4.5,1,5],"to":[5.5,2,5.5],"faces":{"east":{"uv":[4.96,0.96,7.04,3.04],"texture":"#0"},"south":{"uv":[4.96,0.96,7.04,3.04],"texture":"#0"},"west":{"uv":[4.96,0.96,7.04,3.04],"texture":"#0"},"up":{"uv":[4.96,0.96,7.04,3.04],"texture":"#0"}}},{"from":[4.5,1,6],"to":[5,1.5,6.5],"faces":{"south":{"uv":[8.96,4.96,11.04,7.04],"texture":"#0"},"up":{"uv":[8.96,4.96,11.04,7.04],"texture":"#0"}}},{"from":[4.5,1.5,3.5],"to":[5,2,4],"faces":{"north":{"uv":[4.96,0.96,7.04,3.04],"texture":"#0"},"west":{"uv":[4.96,0.96,7.04,3.04],"texture":"#0"},"up":{"uv":[4.96,0.96,7.04,3.04],"texture":"#0"}}},{"from":[4.5,1.5,4.5],"to":[5,2,5],"faces":{"up":{"uv":[12.96,0.96,15.04,3.04],"texture":"#0"}}},{"from":[4.5,1.5,5.5],"to":[5,2,6],"faces":{"south":{"uv":[4.96,4.96,7.04,7.04],"texture":"#0"},"west":{"uv":[4.96,4.96,7.04,7.04],"texture":"#0"},"up":{"uv":[4.96,4.96,7.04,7.04],"texture":"#0"}}},{"from":[4.5,3.5,3.5],"to":[8,7.5,6],"faces":{"north":{"uv":[0,0,16,4],"texture":"#1"},"east":{"uv":[0,0,16,4],"texture":"#1"},"south":{"uv":[0,0,16,4],"texture":"#1"},"west":{"uv":[0,0,16,4],"texture":"#1"},"up":{"uv":[0,0,16,4],"texture":"#1"},"down":{"uv":[0,0,16,4],"texture":"#1"}}},{"from":[4.5,7.5,4],"to":[5,8,5.5],"faces":{"north":{"uv":[0,0,16,4],"texture":"#1"},"east":{"uv":[0,0,16,4],"texture":"#1"},"south":{"uv":[0,0,16,4],"texture":"#1"},"west":{"uv":[0,0,16,4],"texture":"#1"},"up":{"uv":[0,0,16,4],"texture":"#1"}}},{"from":[4.5,10.5,4],"to":[7.5,11.5,4.5],"faces":{"north":{"uv":[8.96,4.96,11.04,7.04],"texture":"#0"},"south":{"uv":[8.96,4.96,11.04,7.04],"texture":"#0"},"up":{"uv":[8.96,4.96,11.04,7.04],"texture":"#0"},"down":{"uv":[8.96,4.96,11.04,7.04],"texture":"#0"}}},{"from":[4.5,10.5,4.5],"to":[5,11,5.5],"faces":{"east":{"uv":[4.96,0.96,7.04,3.04],"texture":"#0"},"south":{"uv":[4.96,0.96,7.04,3.04],"texture":"#0"},"down":{"uv":[4.96,0.96,7.04,3.04],"texture":"#0"}}},{"from":[4.5,11,3],"to":[5,11.5,3.5],"faces":{"north":{"uv":[8.96,8.96,11.04,11.04],"texture":"#0"},"west":{"uv":[8.96,8.96,11.04,11.04],"texture":"#0"},"up":{"uv":[8.96,8.96,11.04,11.04],"texture":"#0"},"down":{"uv":[8.96,8.96,11.04,11.04],"texture":"#0"}}},{"from":[4.5,11,3.5],"to":[5,11.5,4],"faces":{"west":{"uv":[0.96,4.96,3.04,7.04],"texture":"#0"},"up":{"uv":[0.96,4.96,3.04,7.04],"texture":"#0"},"down":{"uv":[0.96,4.96,3.04,7.04],"texture":"#0"}}},{"from":[4.5,11,4.5],"to":[5,11.5,5],"faces":{"up":{"uv":[0.96,4.96,3.04,7.04],"texture":"#0"}}},{"from":[4.5,11,5],"to":[8,11.5,5.5],"faces":{"north":{"uv":[4.96,0.96,7.04,3.04],"texture":"#0"},"south":{"uv":[4.96,0.96,7.04,3.04],"texture":"#0"},"up":{"uv":[4.96,0.96,7.04,3.04],"texture":"#0"},"down":{"uv":[4.96,0.96,7.04,3.04],"texture":"#0"}}},{"from":[4.5,11,5.5],"to":[5,11.5,6],"faces":{"west":{"uv":[12.96,4.96,15.04,7.04],"texture":"#0"},"up":{"uv":[12.96,4.96,15.04,7.04],"texture":"#0"},"down":{"uv":[12.96,4.96,15.04,7.04],"texture":"#0"}}},{"from":[4.5,11,6],"to":[5,11.5,6.5],"faces":{"south":{"uv":[8.96,8.96,11.04,11.04],"texture":"#0"},"west":{"uv":[8.96,8.96,11.04,11.04],"texture":"#0"},"up":{"uv":[8.96,8.96,11.04,11.04],"texture":"#0"},"down":{"uv":[8.96,8.96,11.04,11.04],"texture":"#0"}}},{"from":[4.5,3.9691,9.1683],"to":[5,4.4691,9.6683],"rotation":{"angle":-45,"axis":"x","origin":[2.5,4,6.5]},"faces":{"north":{"uv":[15.04,7.04,12.96,4.96],"texture":"#0"},"south":{"uv":[15.04,7.04,12.96,4.96],"texture":"#0"},"west":{"uv":[12.96,4.96,15.04,7.04],"rotation":180,"texture":"#0"},"up":{"uv":[12.96,4.96,15.04,7.04],"texture":"#0"},"down":{"uv":[12.96,4.96,15.04,7.04],"texture":"#0"}}},{"from":[5,0,2.5],"to":[5.5,0.5,3],"faces":{"north":{"uv":[12.96,4.96,15.04,7.04],"texture":"#0"},"down":{"uv":[12.96,4.96,15.04,7.04],"texture":"#0","cullface":"down"}}},{"from":[5,0,3],"to":[6,0.5,3.5],"faces":{"up":{"uv":[0.96,4.96,3.04,7.04],"texture":"#0"},"down":{"uv":[0.96,4.96,3.04,7.04],"texture":"#0","cullface":"down"}}},{"from":[5,0,3.5],"to":[5.5,0.5,4],"faces":{"down":{"uv":[12.96,4.96,15.04,7.04],"texture":"#0","cullface":"down"}}},{"from":[5,0,4],"to":[5.5,0.5,4.5],"faces":{"down":{"uv":[8.96,4.96,11.04,7.04],"texture":"#0","cullface":"down"}}},{"from":[5,0,4.5],"to":[6.5,0.5,5],"faces":{"up":{"uv":[0.96,4.96,3.04,7.04],"texture":"#0"},"down":{"uv":[0.96,4.96,3.04,7.04],"texture":"#0","cullface":"down"}}},{"from":[5,0,5],"to":[5.5,0.5,5.5],"faces":{"down":{"uv":[4.96,4.96,7.04,7.04],"texture":"#0","cullface":"down"}}},{"from":[5,0,5.5],"to":[5.5,1,6],"faces":{"east":{"uv":[12.96,4.96,15.04,7.04],"texture":"#0"},"west":{"uv":[12.96,4.96,15.04,7.04],"texture":"#0"},"down":{"uv":[12.96,4.96,15.04,7.04],"texture":"#0","cullface":"down"}}},{"from":[5,0,6],"to":[5.5,0.5,6.5],"faces":{"down":{"uv":[12.96,4.96,15.04,7.04],"texture":"#0","cullface":"down"}}},{"from":[5,0,6.5],"to":[5.5,0.5,7],"faces":{"south":{"uv":[8.96,4.96,11.04,7.04],"texture":"#0"},"down":{"uv":[8.96,4.96,11.04,7.04],"texture":"#0","cullface":"down"}}},{"from":[5,0.5,5],"to":[8.5,1,5.5],"faces":{"north":{"uv":[12.96,4.96,15.04,7.04],"texture":"#0"},"south":{"uv":[12.96,4.96,15.04,7.04],"texture":"#0"},"up":{"uv":[12.96,4.96,15.04,7.04],"texture":"#0"}}},{"from":[5,0.5,6.5],"to":[5.5,1,7],"faces":{"south":{"uv":[4.96,0.96,7.04,3.04],"texture":"#0"},"up":{"uv":[4.96,0.96,7.04,3.04],"texture":"#0"}}},{"from":[5,1,3],"to":[5.5,1.5,3.5],"faces":{"north":{"uv":[12.96,4.96,15.04,7.04],"texture":"#0"}}},{"from":[5,1,5.5],"to":[7.5,1.5,6],"faces":{"north":{"uv":[0.96,4.96,3.04,7.04],"texture":"#0"},"south":{"uv":[0.96,4.96,3.04,7.04],"texture":"#0"},"up":{"uv":[0.96,4.96,3.04,7.04],"texture":"#0"},"down":{"uv":[0.96,4.96,3.04,7.04],"texture":"#0"}}},{"from":[5,1,6],"to":[5.5,1.5,6.5],"faces":{"south":{"uv":[12.96,4.96,15.04,7.04],"texture":"#0"}}},{"from":[5,1.5,3],"to":[5.5,2,3.5],"faces":{"north":{"uv":[8.96,4.96,11.04,7.04],"texture":"#0"},"west":{"uv":[8.96,4.96,11.04,7.04],"texture":"#0"},"up":{"uv":[8.96,4.96,11.04,7.04],"texture":"#0"}}},{"from":[5,1.5,4.5],"to":[6,2,5],"faces":{"south":{"uv":[8.96,8.96,11.04,11.04],"texture":"#0"}}},{"from":[5,1.5,5.5],"to":[5.5,2.5,6],"faces":{"south":{"uv":[4.96,0.96,7.04,3.04],"texture":"#0"},"west":{"uv":[4.96,0.96,7.04,3.04],"texture":"#0"},"up":{"uv":[4.96,0.96,7.04,3.04],"texture":"#0"}}},{"from":[5,1.5,6],"to":[6,2,6.5],"faces":{"south":{"uv":[8.96,4.96,11.04,7.04],"texture":"#0"},"west":{"uv":[8.96,4.96,11.04,7.04],"texture":"#0"},"up":{"uv":[8.96,4.96,11.04,7.04],"texture":"#0"},"down":{"uv":[8.96,4.96,11.04,7.04],"texture":"#0"}}},{"from":[5,2,3.5],"to":[5.5,2.5,5.5],"faces":{"north":{"uv":[12.96,0.96,15.04,3.04],"texture":"#0"},"east":{"uv":[12.96,0.96,15.04,3.04],"texture":"#0"},"west":{"uv":[12.96,0.96,15.04,3.04],"texture":"#0"},"up":{"uv":[12.96,0.96,15.04,3.04],"texture":"#0"},"down":{"uv":[12.96,0.96,15.04,3.04],"texture":"#0"}}},{"from":[5,3,3.5],"to":[7.5,3.5,4],"faces":{"north":{"uv":[0,0,16,4],"texture":"#1"},"east":{"uv":[0,0,16,4],"texture":"#1"},"south":{"uv":[0,0,16,4],"texture":"#1"},"west":{"uv":[0,0,16,4],"texture":"#1"},"down":{"uv":[0,0,16,4],"texture":"#1"}}},{"from":[5,3,4],"to":[5.5,3.5,6],"faces":{"east":{"uv":[0,0,16,4],"texture":"#1"},"south":{"uv":[0,0,16,4],"texture":"#1"},"west":{"uv":[0,0,16,4],"texture":"#1"},"down":{"uv":[0,0,16,4],"texture":"#1"}}},{"from":[5,3.5,3],"to":[7.5,7.5,3.5],"faces":{"north":{"uv":[0,0,16,4],"texture":"#1"},"east":{"uv":[0,0,16,4],"texture":"#1"},"west":{"uv":[0,0,16,4],"texture":"#1"},"up":{"uv":[0,0,16,4],"texture":"#1"},"down":{"uv":[0,0,16,4],"texture":"#1"}}},{"from":[5,3.5,6],"to":[7.5,7.5,6.5],"faces":{"east":{"uv":[0,0,16,4],"texture":"#1"},"south":{"uv":[0,0,16,4],"texture":"#1"},"west":{"uv":[0,0,16,4],"texture":"#1"},"up":{"uv":[0,0,16,4],"texture":"#1"},"down":{"uv":[0,0,16,4],"texture":"#1"}}},{"from":[5,7.5,3.5],"to":[5.5,8.5,4],"faces":{"north":{"uv":[0,0,16,4],"texture":"#1"},"east":{"uv":[0,0,16,4],"texture":"#1"},"south":{"uv":[0,0,16,4],"texture":"#1"},"west":{"uv":[0,0,16,4],"texture":"#1"},"up":{"uv":[0,0,16,4],"texture":"#1"}}},{"from":[5,7.5,5.5],"to":[5.5,8.5,6],"faces":{"north":{"uv":[0,0,16,4],"texture":"#1"},"east":{"uv":[0,0,16,4],"texture":"#1"},"south":{"uv":[0,0,16,4],"texture":"#1"},"west":{"uv":[0,0,16,4],"texture":"#1"},"up":{"uv":[0,0,16,4],"texture":"#1"}}},{"from":[5,8,4],"to":[5.5,8.5,5.5],"faces":{"east":{"uv":[0,0,16,4],"texture":"#1"},"west":{"uv":[0,0,16,4],"texture":"#1"},"up":{"uv":[0,0,16,4],"texture":"#1"},"down":{"uv":[0,0,16,4],"texture":"#1"}}},{"from":[5,9,4],"to":[7,9.5,4.5],"faces":{"north":{"uv":[4.96,4.96,7.04,7.04],"texture":"#0"},"south":{"uv":[4.96,4.96,7.04,7.04],"texture":"#0"},"west":{"uv":[4.96,4.96,7.04,7.04],"texture":"#0"},"up":{"uv":[4.96,4.96,7.04,7.04],"texture":"#0"},"down":{"uv":[4.96,4.96,7.04,7.04],"texture":"#0"}}},{"from":[5,9,4.5],"to":[5.5,9.5,5],"faces":{"west":{"uv":[0.96,4.96,3.04,7.04],"texture":"#0"}}},{"from":[5,9,5],"to":[7,9.5,5.5],"faces":{"north":{"uv":[12.96,4.96,15.04,7.04],"texture":"#0"},"south":{"uv":[12.96,4.96,15.04,7.04],"texture":"#0"},"west":{"uv":[12.96,4.96,15.04,7.04],"texture":"#0"},"up":{"uv":[12.96,4.96,15.04,7.04],"texture":"#0"},"down":{"uv":[12.96,4.96,15.04,7.04],"texture":"#0"}}},{"from":[5,9.5,4],"to":[5.5,10,4.5],"faces":{"north":{"uv":[8.96,4.96,11.04,7.04],"texture":"#0"},"west":{"uv":[8.96,4.96,11.04,7.04],"texture":"#0"}}},{"from":[5,9.5,4.5],"to":[7,10,5],"faces":{"north":{"uv":[12.96,0.96,15.04,3.04],"texture":"#0"},"south":{"uv":[12.96,0.96,15.04,3.04],"texture":"#0"},"west":{"uv":[12.96,0.96,15.04,3.04],"texture":"#0"},"up":{"uv":[12.96,0.96,15.04,3.04],"texture":"#0"},"down":{"uv":[12.96,0.96,15.04,3.04],"texture":"#0"}}},{"from":[5,9.5,5],"to":[5.5,10,5.5],"faces":{"south":{"uv":[8.96,8.96,11.04,11.04],"texture":"#0"},"west":{"uv":[8.96,8.96,11.04,11.04],"texture":"#0"}}},{"from":[5,10,3.5],"to":[5.5,10.5,4.5],"faces":{"north":{"uv":[8.96,8.96,11.04,11.04],"texture":"#0"},"west":{"uv":[8.96,8.96,11.04,11.04],"texture":"#0"},"down":{"uv":[8.96,8.96,11.04,11.04],"texture":"#0"}}},{"from":[5,10,4.5],"to":[5.5,10.5,5],"faces":{"west":{"uv":[12.96,4.96,15.04,7.04],"texture":"#0"}}},{"from":[5,10,5],"to":[7,10.5,5.5],"faces":{"north":{"uv":[4.96,0.96,7.04,3.04],"texture":"#0"},"west":{"uv":[4.96,0.96,7.04,3.04],"texture":"#0"},"up":{"uv":[4.96,0.96,7.04,3.04],"texture":"#0"},"down":{"uv":[4.96,0.96,7.04,3.04],"texture":"#0"}}},{"from":[5,10,5.5],"to":[5.5,10.5,6],"faces":{"south":{"uv":[12.96,0.96,15.04,3.04],"texture":"#0"},"west":{"uv":[12.96,0.96,15.04,3.04],"texture":"#0"},"down":{"uv":[12.96,0.96,15.04,3.04],"texture":"#0"}}},{"from":[5,10.5,3.5],"to":[6,11,4],"faces":{"north":{"uv":[4.96,0.96,7.04,3.04],"texture":"#0"},"west":{"uv":[4.96,0.96,7.04,3.04],"texture":"#0"},"up":{"uv":[4.96,0.96,7.04,3.04],"texture":"#0"}}},{"from":[5,10.5,5.5],"to":[5.5,11,6],"faces":{"south":{"uv":[0.96,4.96,3.04,7.04],"texture":"#0"},"west":{"uv":[0.96,4.96,3.04,7.04],"texture":"#0"}}},{"from":[5,11,3],"to":[5.5,11.5,3.5],"faces":{"north":{"uv":[4.96,0.96,7.04,3.04],"texture":"#0"},"up":{"uv":[4.96,0.96,7.04,3.04],"texture":"#0"},"down":{"uv":[4.96,0.96,7.04,3.04],"texture":"#0"}}},{"from":[5,11,6],"to":[5.5,11.5,6.5],"faces":{"south":{"uv":[12.96,4.96,15.04,7.04],"texture":"#0"},"up":{"uv":[12.96,4.96,15.04,7.04],"texture":"#0"},"down":{"uv":[12.96,4.96,15.04,7.04],"texture":"#0"}}},{"from":[5,11.5,3.5],"to":[5.5,12,4],"faces":{"north":{"uv":[8.96,8.96,11.04,11.04],"texture":"#0"},"west":{"uv":[8.96,8.96,11.04,11.04],"texture":"#0"},"up":{"uv":[8.96,8.96,11.04,11.04],"texture":"#0"}}},{"from":[5,11.5,4],"to":[5.5,12,4.5],"faces":{"west":{"uv":[12.96,0.96,15.04,3.04],"texture":"#0"},"up":{"uv":[12.96,0.96,15.04,3.04],"texture":"#0"}}},{"from":[5,11.5,4.5],"to":[5.5,12,5],"faces":{"west":{"uv":[4.96,4.96,7.04,7.04],"texture":"#0"},"up":{"uv":[4.96,4.96,7.04,7.04],"texture":"#0"}}},{"from":[5,11.5,5],"to":[5.5,12,6],"faces":{"south":{"uv":[0.96,4.96,3.04,7.04],"texture":"#0"},"west":{"uv":[0.96,4.96,3.04,7.04],"texture":"#0"},"up":{"uv":[0.96,4.96,3.04,7.04],"texture":"#0"},"down":{"uv":[0.96,4.96,3.04,7.04],"texture":"#0"}}},{"from":[5,3.9691,9.1683],"to":[5.5,4.4691,9.6683],"rotation":{"angle":-45,"axis":"x","origin":[2.5,4,6.5]},"faces":{"north":{"uv":[10,10.50743,10.5,11.00743],"texture":"#0"},"south":{"uv":[3.04,7.04,0.96,4.96],"texture":"#0"},"up":{"uv":[0.96,4.96,3.04,7.04],"texture":"#0"},"down":{"uv":[0.96,4.96,3.04,7.04],"texture":"#0"}}},{"from":[5.5,0,2],"to":[6,0.5,2.5],"faces":{"north":{"uv":[8.96,4.96,11.04,7.04],"texture":"#0"},"west":{"uv":[8.96,4.96,11.04,7.04],"texture":"#0"},"down":{"uv":[8.96,4.96,11.04,7.04],"texture":"#0","cullface":"down"}}},{"from":[5.5,0,2.5],"to":[6,0.5,3],"faces":{"down":{"uv":[12.96,0.96,15.04,3.04],"texture":"#0","cullface":"down"}}},{"from":[5.5,0,3.5],"to":[6,1,4],"faces":{"north":{"uv":[0.96,4.96,3.04,7.04],"texture":"#0"},"east":{"uv":[0.96,4.96,3.04,7.04],"texture":"#0"},"west":{"uv":[0.96,4.96,3.04,7.04],"texture":"#0"},"down":{"uv":[0.96,4.96,3.04,7.04],"texture":"#0","cullface":"down"}}},{"from":[5.5,0,4],"to":[6,0.5,4.5],"faces":{"down":{"uv":[12.96,4.96,15.04,7.04],"texture":"#0","cullface":"down"}}},{"from":[5.5,0,5],"to":[6,0.5,5.5],"faces":{"down":{"uv":[0.96,4.96,3.04,7.04],"texture":"#0","cullface":"down"}}},{"from":[5.5,0,5.5],"to":[6,0.5,6],"faces":{"down":{"uv":[8.96,4.96,11.04,7.04],"texture":"#0","cullface":"down"}}},{"from":[5.5,0,6],"to":[6,0.5,6.5],"faces":{"down":{"uv":[0.96,4.96,3.04,7.04],"texture":"#0","cullface":"down"}}},{"from":[5.5,0,6.5],"to":[6,0.5,7.5],"faces":{"south":{"uv":[4.96,0.96,7.04,3.04],"texture":"#0"},"west":{"uv":[4.96,0.96,7.04,3.04],"texture":"#0"},"down":{"uv":[4.96,0.96,7.04,3.04],"texture":"#0","cullface":"down"}}},{"from":[5.5,0.5,2],"to":[6.5,1,2.5],"faces":{"north":{"uv":[12.96,4.96,15.04,7.04],"texture":"#0"},"west":{"uv":[12.96,4.96,15.04,7.04],"texture":"#0"},"up":{"uv":[12.96,4.96,15.04,7.04],"texture":"#0"}}},{"from":[5.5,0.5,6.5],"to":[6,1.5,7],"faces":{"north":{"uv":[8.96,4.96,11.04,7.04],"texture":"#0"},"south":{"uv":[8.96,4.96,11.04,7.04],"texture":"#0"},"west":{"uv":[8.96,4.96,11.04,7.04],"texture":"#0"},"up":{"uv":[8.96,4.96,11.04,7.04],"texture":"#0"}}},{"from":[5.5,0.5,7],"to":[6,1,7.5],"faces":{"south":{"uv":[4.96,4.96,7.04,7.04],"texture":"#0"},"west":{"uv":[4.96,4.96,7.04,7.04],"texture":"#0"},"up":{"uv":[4.96,4.96,7.04,7.04],"texture":"#0"}}},{"from":[5.5,1,2.5],"to":[6,1.5,3.5],"faces":{"north":{"uv":[4.96,0.96,7.04,3.04],"texture":"#0"},"east":{"uv":[4.96,0.96,7.04,3.04],"texture":"#0"},"west":{"uv":[4.96,0.96,7.04,3.04],"texture":"#0"},"up":{"uv":[4.96,0.96,7.04,3.04],"texture":"#0"},"down":{"uv":[4.96,0.96,7.04,3.04],"texture":"#0"}}},{"from":[5.5,1,5],"to":[6.5,1.5,5.5],"faces":{"up":{"uv":[8.96,4.96,11.04,7.04],"texture":"#0"}}},{"from":[5.5,1.5,3],"to":[6,2,3.5],"faces":{"north":{"uv":[12.96,4.96,15.04,7.04],"texture":"#0"},"up":{"uv":[12.96,4.96,15.04,7.04],"texture":"#0"}}},{"from":[5.5,1.5,5.5],"to":[6.5,2,6],"faces":{"north":{"uv":[8.96,4.96,11.04,7.04],"texture":"#0"}}},{"from":[5.5,2,3.5],"to":[6,2.5,4],"faces":{"north":{"uv":[4.96,0.96,7.04,3.04],"texture":"#0"}}},{"from":[5.5,2,4.5],"to":[7,2.5,5],"faces":{"north":{"uv":[8.96,4.96,11.04,7.04],"texture":"#0"},"south":{"uv":[8.96,4.96,11.04,7.04],"texture":"#0"},"up":{"uv":[8.96,4.96,11.04,7.04],"texture":"#0"},"down":{"uv":[8.96,4.96,11.04,7.04],"texture":"#0"}}},{"from":[5.5,2,5.5],"to":[6,2.5,6],"faces":{"south":{"uv":[0.96,4.96,3.04,7.04],"texture":"#0"}}},{"from":[5.5,2.5,4.5],"to":[6,3,5],"faces":{"west":{"uv":[0.96,4.96,3.04,7.04],"texture":"#0"}}},{"from":[5.5,2.5,5],"to":[6.5,3,5.5],"faces":{"north":{"uv":[12.96,0.96,15.04,3.04],"texture":"#0"},"south":{"uv":[12.96,0.96,15.04,3.04],"texture":"#0"},"down":{"uv":[12.96,0.96,15.04,3.04],"texture":"#0"}}},{"from":[5.5,3,5.5],"to":[7.5,3.5,6],"faces":{"north":{"uv":[0,0,16,4],"texture":"#1"},"east":{"uv":[0,0,16,4],"texture":"#1"},"south":{"uv":[0,0,16,4],"texture":"#1"},"down":{"uv":[0,0,16,4],"texture":"#1"}}},{"from":[5.5,7.5,3],"to":[7,8,3.5],"faces":{"north":{"uv":[0,0,16,4],"texture":"#1"},"east":{"uv":[0,0,16,4],"texture":"#1"},"south":{"uv":[0,0,16,4],"texture":"#1"},"west":{"uv":[0,0,16,4],"texture":"#1"},"up":{"uv":[0,0,16,4],"texture":"#1"}}},{"from":[5.5,7.5,6],"to":[7,8,6.5],"faces":{"north":{"uv":[0,0,16,4],"texture":"#1"},"east":{"uv":[0,0,16,4],"texture":"#1"},"south":{"uv":[0,0,16,4],"texture":"#1"},"west":{"uv":[0,0,16,4],"texture":"#1"},"up":{"uv":[0,0,16,4],"texture":"#1"}}},{"from":[5.5,8,3.5],"to":[7.5,8.5,4],"faces":{"north":{"uv":[0,0,16,4],"texture":"#1"},"east":{"uv":[0,0,16,4],"texture":"#1"},"south":{"uv":[0,0,16,4],"texture":"#1"},"up":{"uv":[0,0,16,4],"texture":"#1"},"down":{"uv":[0,0,16,4],"texture":"#1"}}},{"from":[5.5,8,5.5],"to":[7.5,8.5,6],"faces":{"north":{"uv":[0,0,16,4],"texture":"#1"},"east":{"uv":[0,0,16,4],"texture":"#1"},"south":{"uv":[0,0,16,4],"texture":"#1"},"up":{"uv":[0,0,16,4],"texture":"#1"},"down":{"uv":[0,0,16,4],"texture":"#1"}}},{"from":[5.5,8.5,4],"to":[7,9,4.5],"faces":{"north":{"uv":[0,0,16,4],"texture":"#1"},"east":{"uv":[0,0,16,4],"texture":"#1"},"south":{"uv":[0,0,16,4],"texture":"#1"},"west":{"uv":[0,0,16,4],"texture":"#1"}}},{"from":[5.5,8.5,4.5],"to":[6,9,5.5],"faces":{"east":{"uv":[0,0,16,4],"texture":"#1"},"south":{"uv":[0,0,16,4],"texture":"#1"},"west":{"uv":[0,0,16,4],"texture":"#1"},"up":{"uv":[0,0,16,4],"texture":"#1"},"down":{"uv":[0,0,16,4],"texture":"#1"}}},{"from":[5.5,9,3.5],"to":[6,10,4],"faces":{"north":{"uv":[8.96,8.96,11.04,11.04],"texture":"#0"},"west":{"uv":[8.96,8.96,11.04,11.04],"texture":"#0"},"down":{"uv":[8.96,8.96,11.04,11.04],"texture":"#0"}}},{"from":[5.5,9,5.5],"to":[6,9.5,6],"faces":{"south":{"uv":[8.96,4.96,11.04,7.04],"texture":"#0"},"west":{"uv":[8.96,4.96,11.04,7.04],"texture":"#0"},"down":{"uv":[8.96,4.96,11.04,7.04],"texture":"#0"}}},{"from":[5.5,9.5,4],"to":[6,10.5,4.5],"faces":{"east":{"uv":[12.96,4.96,15.04,7.04],"texture":"#0"},"south":{"uv":[12.96,4.96,15.04,7.04],"texture":"#0"}}},{"from":[5.5,9.5,5.5],"to":[6,10,6],"faces":{"south":{"uv":[4.96,4.96,7.04,7.04],"texture":"#0"},"west":{"uv":[4.96,4.96,7.04,7.04],"texture":"#0"}}},{"from":[5.5,10,3.5],"to":[6,10.5,4],"faces":{"north":{"uv":[8.96,4.96,11.04,7.04],"texture":"#0"}}},{"from":[5.5,10,5.5],"to":[6.5,10.5,6],"faces":{"south":{"uv":[12.96,4.96,15.04,7.04],"texture":"#0"}}},{"from":[5.5,10.5,5],"to":[6,11,6],"faces":{"south":{"uv":[12.96,0.96,15.04,3.04],"texture":"#0"},"west":{"uv":[12.96,0.96,15.04,3.04],"texture":"#0"},"up":{"uv":[12.96,0.96,15.04,3.04],"texture":"#0"}}},{"from":[5.5,11,3],"to":[6.5,11.5,3.5],"faces":{"north":{"uv":[12.96,4.96,15.04,7.04],"texture":"#0"},"south":{"uv":[12.96,4.96,15.04,7.04],"texture":"#0"},"up":{"uv":[12.96,4.96,15.04,7.04],"texture":"#0"},"down":{"uv":[12.96,4.96,15.04,7.04],"texture":"#0"}}},{"from":[5.5,11,6],"to":[6,11.5,6.5],"faces":{"south":{"uv":[0.96,4.96,3.04,7.04],"texture":"#0"},"up":{"uv":[0.96,4.96,3.04,7.04],"texture":"#0"},"down":{"uv":[0.96,4.96,3.04,7.04],"texture":"#0"}}},{"from":[5.5,11.5,3.5],"to":[6,12,4],"faces":{"north":{"uv":[0.96,4.96,3.04,7.04],"texture":"#0"},"up":{"uv":[0.96,4.96,3.04,7.04],"texture":"#0"}}},{"from":[5.5,11.5,4],"to":[6,12,4.5],"faces":{"up":{"uv":[8.96,8.96,11.04,11.04],"texture":"#0"}}},{"from":[5.5,11.5,4.5],"to":[6.5,12,5],"faces":{"up":{"uv":[12.96,4.96,15.04,7.04],"texture":"#0"},"down":{"uv":[12.96,4.96,15.04,7.04],"texture":"#0"}}},{"from":[5.5,11.5,5],"to":[6,12,5.5],"faces":{"up":{"uv":[4.96,4.96,7.04,7.04],"texture":"#0"}}},{"from":[5.5,11.5,5.5],"to":[6.5,12,6],"faces":{"south":{"uv":[0.96,4.96,3.04,7.04],"texture":"#0"},"up":{"uv":[0.96,4.96,3.04,7.04],"texture":"#0"},"down":{"uv":[0.96,4.96,3.04,7.04],"texture":"#0"}}},{"from":[5.5,3.9691,9.1683],"to":[6,4.4691,9.6683],"rotation":{"angle":-45,"axis":"x","origin":[2.5,4,6.5]},"faces":{"north":{"uv":[9.5,10.50743,10,11.00743],"texture":"#0"},"south":{"uv":[7.04,7.04,4.96,4.96],"texture":"#0"},"up":{"uv":[4.96,4.96,7.04,7.04],"texture":"#0"},"down":{"uv":[4.96,4.96,7.04,7.04],"texture":"#0"}}},{"from":[6,0,2],"to":[6.5,0.5,2.5],"faces":{"north":{"uv":[12.96,4.96,15.04,7.04],"texture":"#0"},"down":{"uv":[12.96,4.96,15.04,7.04],"texture":"#0","cullface":"down"}}},{"from":[6,0,2.5],"to":[6.5,0.5,3],"faces":{"down":{"uv":[8.96,8.96,11.04,11.04],"texture":"#0","cullface":"down"}}},{"from":[6,0,3],"to":[6.5,0.5,3.5],"faces":{"down":{"uv":[4.96,0.96,7.04,3.04],"texture":"#0","cullface":"down"}}},{"from":[6,0,3.5],"to":[6.5,0.5,4],"faces":{"down":{"uv":[8.96,4.96,11.04,7.04],"texture":"#0","cullface":"down"}}},{"from":[6,0,4],"to":[6.5,0.5,4.5],"faces":{"down":{"uv":[8.96,8.96,11.04,11.04],"texture":"#0","cullface":"down"}}},{"from":[6,0,5],"to":[6.5,0.5,6],"faces":{"down":{"uv":[12.96,0.96,15.04,3.04],"texture":"#0","cullface":"down"}}},{"from":[6,0,6],"to":[6.5,0.5,6.5],"faces":{"down":{"uv":[8.96,8.96,11.04,11.04],"texture":"#0","cullface":"down"}}},{"from":[6,0,6.5],"to":[6.5,0.5,7],"faces":{"down":{"uv":[0.96,4.96,3.04,7.04],"texture":"#0","cullface":"down"}}},{"from":[6,0,7],"to":[6.5,0.5,7.5],"faces":{"south":{"uv":[4.96,0.96,7.04,3.04],"texture":"#0"},"down":{"uv":[4.96,0.96,7.04,3.04],"texture":"#0","cullface":"down"}}},{"from":[6,0.5,6.5],"to":[6.5,1.5,7],"faces":{"north":{"uv":[8.96,8.96,11.04,11.04],"texture":"#0"},"east":{"uv":[8.96,8.96,11.04,11.04],"texture":"#0"},"south":{"uv":[8.96,8.96,11.04,11.04],"texture":"#0"},"up":{"uv":[8.96,8.96,11.04,11.04],"texture":"#0"}}},{"from":[6,0.5,7],"to":[6.5,1,7.5],"faces":{"south":{"uv":[0.96,4.96,3.04,7.04],"texture":"#0"},"up":{"uv":[0.96,4.96,3.04,7.04],"texture":"#0"}}},{"from":[6,1,2.5],"to":[6.5,1.5,3],"faces":{"north":{"uv":[12.96,0.96,15.04,3.04],"texture":"#0"},"up":{"uv":[12.96,0.96,15.04,3.04],"texture":"#0"}}},{"from":[6,1.5,3],"to":[7,2,4],"faces":{"north":{"uv":[4.96,0.96,7.04,3.04],"texture":"#0"},"east":{"uv":[4.96,0.96,7.04,3.04],"texture":"#0"},"west":{"uv":[4.96,0.96,7.04,3.04],"texture":"#0"},"up":{"uv":[4.96,0.96,7.04,3.04],"texture":"#0"},"down":{"uv":[4.96,0.96,7.04,3.04],"texture":"#0"}}},{"from":[6,1.5,5],"to":[7.5,2,5.5],"faces":{"north":{"uv":[4.96,0.96,7.04,3.04],"texture":"#0"},"south":{"uv":[4.96,0.96,7.04,3.04],"texture":"#0"},"up":{"uv":[4.96,0.96,7.04,3.04],"texture":"#0"},"down":{"uv":[4.96,0.96,7.04,3.04],"texture":"#0"}}},{"from":[6,1.5,6],"to":[6.5,2,6.5],"faces":{"south":{"uv":[0.96,4.96,3.04,7.04],"texture":"#0"},"up":{"uv":[0.96,4.96,3.04,7.04],"texture":"#0"}}},{"from":[6,2,3.5],"to":[7,2.5,4],"faces":{"north":{"uv":[12.96,0.96,15.04,3.04],"texture":"#0"},"south":{"uv":[12.96,0.96,15.04,3.04],"texture":"#0"},"up":{"uv":[12.96,0.96,15.04,3.04],"texture":"#0"}}},{"from":[6,2,5.5],"to":[7,2.5,6],"faces":{"north":{"uv":[8.96,4.96,11.04,7.04],"texture":"#0"},"south":{"uv":[8.96,4.96,11.04,7.04],"texture":"#0"},"up":{"uv":[8.96,4.96,11.04,7.04],"texture":"#0"},"down":{"uv":[8.96,4.96,11.04,7.04],"texture":"#0"}}},{"from":[6,2.5,4],"to":[6.5,3,4.5],"faces":{"north":{"uv":[12.96,0.96,15.04,3.04],"texture":"#0"}}},{"from":[6,3,4.5],"to":[6.5,3.5,5.5],"faces":{"east":{"uv":[0.96,4.96,3.04,7.04],"texture":"#0"},"down":{"uv":[0.96,4.96,3.04,7.04],"texture":"#0"}}},{"from":[6,8.5,5],"to":[7,9,5.5],"faces":{"north":{"uv":[0,0,16,4],"texture":"#1"},"east":{"uv":[0,0,16,4],"texture":"#1"},"south":{"uv":[0,0,16,4],"texture":"#1"}}},{"from":[6,9,3.5],"to":[6.5,9.5,4],"faces":{"north":{"uv":[4.96,0.96,7.04,3.04],"texture":"#0"}}},{"from":[6,9,5.5],"to":[6.5,9.5,6],"faces":{"south":{"uv":[0.96,4.96,3.04,7.04],"texture":"#0"}}},{"from":[6,9.5,3.5],"to":[6.5,10,4],"faces":{"north":{"uv":[12.96,4.96,15.04,7.04],"texture":"#0"}}},{"from":[6,9.5,5.5],"to":[6.5,10,6],"faces":{"south":{"uv":[8.96,8.96,11.04,11.04],"texture":"#0"}}},{"from":[6,10,3.5],"to":[7,10.5,4],"faces":{"north":{"uv":[8.96,8.96,11.04,11.04],"texture":"#0"},"south":{"uv":[8.96,8.96,11.04,11.04],"texture":"#0"}}},{"from":[6,10,4.5],"to":[7.5,10.5,5],"faces":{"north":{"uv":[12.96,4.96,15.04,7.04],"texture":"#0"},"east":{"uv":[12.96,4.96,15.04,7.04],"texture":"#0"},"up":{"uv":[12.96,4.96,15.04,7.04],"texture":"#0"}}},{"from":[6,10.5,3.5],"to":[7,11,4],"faces":{"north":{"uv":[0.96,4.96,3.04,7.04],"texture":"#0"},"up":{"uv":[0.96,4.96,3.04,7.04],"texture":"#0"}}},{"from":[6,10.5,5],"to":[6.5,11,6],"faces":{"east":{"uv":[0.96,4.96,3.04,7.04],"texture":"#0"},"south":{"uv":[0.96,4.96,3.04,7.04],"texture":"#0"},"up":{"uv":[0.96,4.96,3.04,7.04],"texture":"#0"}}},{"from":[6,11,4.5],"to":[7,11.5,5],"faces":{"down":{"uv":[12.96,4.96,15.04,7.04],"texture":"#0"}}},{"from":[6,11,6],"to":[6.5,11.5,6.5],"faces":{"south":{"uv":[12.96,0.96,15.04,3.04],"texture":"#0"},"up":{"uv":[12.96,0.96,15.04,3.04],"texture":"#0"},"down":{"uv":[12.96,0.96,15.04,3.04],"texture":"#0"}}},{"from":[6,11.5,3.5],"to":[6.5,12,4],"faces":{"north":{"uv":[4.96,4.96,7.04,7.04],"texture":"#0"},"up":{"uv":[4.96,4.96,7.04,7.04],"texture":"#0"}}},{"from":[6,11.5,4],"to":[6.5,12,4.5],"faces":{"up":{"uv":[4.96,0.96,7.04,3.04],"texture":"#0"}}},{"from":[6,11.5,5],"to":[6.5,12,5.5],"faces":{"up":{"uv":[8.96,8.96,11.04,11.04],"texture":"#0"}}},{"from":[6,3.9691,9.1683],"to":[6.5,4.4691,9.6683],"rotation":{"angle":-45,"axis":"x","origin":[2.5,4,6.5]},"faces":{"north":{"uv":[9,10.50743,9.5,11.00743],"texture":"#0"},"south":{"uv":[11.04,11.04,8.96,8.96],"texture":"#0"},"up":{"uv":[8.96,8.96,11.04,11.04],"texture":"#0"},"down":{"uv":[8.96,8.96,11.04,11.04],"texture":"#0"}}},{"from":[6.5,0,2],"to":[7,0.5,2.5],"faces":{"north":{"uv":[4.96,0.96,7.04,3.04],"texture":"#0"},"east":{"uv":[4.96,0.96,7.04,3.04],"texture":"#0"},"down":{"uv":[4.96,0.96,7.04,3.04],"texture":"#0","cullface":"down"}}},{"from":[6.5,0,2.5],"to":[7,0.5,3.5],"faces":{"down":{"uv":[4.96,4.96,7.04,7.04],"texture":"#0","cullface":"down"}}},{"from":[6.5,0,3.5],"to":[7,0.5,4],"faces":{"down":{"uv":[4.96,0.96,7.04,3.04],"texture":"#0","cullface":"down"}}},{"from":[6.5,0,4],"to":[7,0.5,4.5],"faces":{"down":{"uv":[12.96,4.96,15.04,7.04],"texture":"#0","cullface":"down"}}},{"from":[6.5,0,4.5],"to":[7,0.5,5.5],"faces":{"up":{"uv":[8.96,4.96,11.04,7.04],"texture":"#0"},"down":{"uv":[8.96,4.96,11.04,7.04],"texture":"#0","cullface":"down"}}},{"from":[6.5,0,5.5],"to":[7,0.5,6.5],"faces":{"down":{"uv":[0.96,4.96,3.04,7.04],"texture":"#0","cullface":"down"}}},{"from":[6.5,0,6.5],"to":[7,0.5,7],"faces":{"down":{"uv":[12.96,4.96,15.04,7.04],"texture":"#0","cullface":"down"}}},{"from":[6.5,0,7],"to":[7,1,7.5],"faces":{"north":{"uv":[8.96,8.96,11.04,11.04],"texture":"#0"},"east":{"uv":[8.96,8.96,11.04,11.04],"texture":"#0"},"south":{"uv":[8.96,8.96,11.04,11.04],"texture":"#0"},"up":{"uv":[8.96,8.96,11.04,11.04],"texture":"#0"},"down":{"uv":[8.96,8.96,11.04,11.04],"texture":"#0","cullface":"down"}}},{"from":[6.5,0.5,2],"to":[7,1,2.5],"faces":{"north":{"uv":[0.96,4.96,3.04,7.04],"texture":"#0"},"east":{"uv":[0.96,4.96,3.04,7.04],"texture":"#0"},"up":{"uv":[0.96,4.96,3.04,7.04],"texture":"#0"}}},{"from":[6.5,0.5,3],"to":[7,1,4],"faces":{"east":{"uv":[8.96,4.96,11.04,7.04],"texture":"#0"},"west":{"uv":[8.96,4.96,11.04,7.04],"texture":"#0"}}},{"from":[6.5,1,2.5],"to":[7,1.5,3.5],"faces":{"north":{"uv":[0.96,4.96,3.04,7.04],"texture":"#0"},"east":{"uv":[0.96,4.96,3.04,7.04],"texture":"#0"},"west":{"uv":[0.96,4.96,3.04,7.04],"texture":"#0"},"up":{"uv":[0.96,4.96,3.04,7.04],"texture":"#0"}}},{"from":[6.5,1,6],"to":[7.5,1.5,6.5],"faces":{"south":{"uv":[8.96,8.96,11.04,11.04],"texture":"#0"}}},{"from":[6.5,1,6.5],"to":[7,1.5,7],"faces":{"east":{"uv":[12.96,0.96,15.04,3.04],"texture":"#0"},"south":{"uv":[12.96,0.96,15.04,3.04],"texture":"#0"},"up":{"uv":[12.96,0.96,15.04,3.04],"texture":"#0"}}},{"from":[6.5,1.5,6],"to":[7.5,2,6.5],"faces":{"north":{"uv":[12.96,4.96,15.04,7.04],"texture":"#0"},"east":{"uv":[12.96,4.96,15.04,7.04],"texture":"#0"},"south":{"uv":[12.96,4.96,15.04,7.04],"texture":"#0"},"up":{"uv":[12.96,4.96,15.04,7.04],"texture":"#0"}}},{"from":[6.5,2.5,4.5],"to":[7,3,5],"faces":{"east":{"uv":[4.96,4.96,7.04,7.04],"texture":"#0"}}},{"from":[6.5,9,3.5],"to":[7,10,4],"faces":{"north":{"uv":[12.96,0.96,15.04,3.04],"texture":"#0"},"east":{"uv":[12.96,0.96,15.04,3.04],"texture":"#0"},"south":{"uv":[12.96,0.96,15.04,3.04],"texture":"#0"},"down":{"uv":[12.96,0.96,15.04,3.04],"texture":"#0"}}},{"from":[6.5,9,5.5],"to":[7,10,6],"faces":{"north":{"uv":[4.96,0.96,7.04,3.04],"texture":"#0"},"east":{"uv":[4.96,0.96,7.04,3.04],"texture":"#0"},"south":{"uv":[4.96,0.96,7.04,3.04],"texture":"#0"},"down":{"uv":[4.96,0.96,7.04,3.04],"texture":"#0"}}},{"from":[6.5,10,4],"to":[7.5,10.5,4.5],"faces":{"east":{"uv":[4.96,0.96,7.04,3.04],"texture":"#0"},"down":{"uv":[4.96,0.96,7.04,3.04],"texture":"#0"}}},{"from":[6.5,10,5.5],"to":[7,10.5,6],"faces":{"south":{"uv":[4.96,4.96,7.04,7.04],"texture":"#0"}}},{"from":[6.5,10.5,4.5],"to":[7.5,11,5],"faces":{"south":{"uv":[12.96,0.96,15.04,3.04],"texture":"#0"},"up":{"uv":[12.96,0.96,15.04,3.04],"texture":"#0"}}},{"from":[6.5,10.5,5.5],"to":[7,11,6],"faces":{"south":{"uv":[8.96,4.96,11.04,7.04],"texture":"#0"}}},{"from":[6.5,11,3],"to":[7,11.5,4],"faces":{"north":{"uv":[8.96,8.96,11.04,11.04],"texture":"#0"},"west":{"uv":[8.96,8.96,11.04,11.04],"texture":"#0"},"up":{"uv":[8.96,8.96,11.04,11.04],"texture":"#0"},"down":{"uv":[8.96,8.96,11.04,11.04],"texture":"#0"}}},{"from":[6.5,11,6],"to":[7,11.5,6.5],"faces":{"south":{"uv":[0.96,4.96,3.04,7.04],"texture":"#0"},"up":{"uv":[0.96,4.96,3.04,7.04],"texture":"#0"},"down":{"uv":[0.96,4.96,3.04,7.04],"texture":"#0"}}},{"from":[6.5,11.5,3.5],"to":[7,12,4],"faces":{"north":{"uv":[12.96,0.96,15.04,3.04],"texture":"#0"},"up":{"uv":[12.96,0.96,15.04,3.04],"texture":"#0"}}},{"from":[6.5,11.5,4],"to":[7,12,4.5],"faces":{"up":{"uv":[4.96,4.96,7.04,7.04],"texture":"#0"}}},{"from":[6.5,11.5,4.5],"to":[7,12,5.5],"faces":{"up":{"uv":[8.96,4.96,11.04,7.04],"texture":"#0"}}},{"from":[6.5,11.5,5.5],"to":[7,12,6],"faces":{"south":{"uv":[12.96,0.96,15.04,3.04],"texture":"#0"},"up":{"uv":[12.96,0.96,15.04,3.04],"texture":"#0"}}},{"from":[6.5,3.9691,9.1683],"to":[7,4.4691,9.6683],"rotation":{"angle":-45,"axis":"x","origin":[2.5,4,6.5]},"faces":{"north":{"uv":[8.5,10.50743,9,11.00743],"texture":"#0"},"south":{"uv":[7.04,3.04,4.96,0.96],"texture":"#0"},"up":{"uv":[4.96,0.96,7.04,3.04],"texture":"#0"},"down":{"uv":[4.96,0.96,7.04,3.04],"texture":"#0"}}},{"from":[7,0,2.5],"to":[7.5,0.5,3],"faces":{"north":{"uv":[8.96,4.96,11.04,7.04],"texture":"#0"},"down":{"uv":[8.96,4.96,11.04,7.04],"texture":"#0","cullface":"down"}}},{"from":[7,0,3],"to":[7.5,0.5,3.5],"faces":{"down":{"uv":[4.96,0.96,7.04,3.04],"texture":"#0","cullface":"down"}}},{"from":[7,0,3.5],"to":[7.5,0.5,4],"faces":{"down":{"uv":[0.96,4.96,3.04,7.04],"texture":"#0","cullface":"down"}}},{"from":[7,0,4],"to":[7.5,0.5,4.5],"faces":{"down":{"uv":[4.96,0.96,7.04,3.04],"texture":"#0","cullface":"down"}}},{"from":[7,0,4.5],"to":[7.5,0.5,5],"faces":{"down":{"uv":[12.96,0.96,15.04,3.04],"texture":"#0","cullface":"down"}}},{"from":[7,0,5],"to":[7.5,0.5,5.5],"faces":{"down":{"uv":[12.96,4.96,15.04,7.04],"texture":"#0","cullface":"down"}}},{"from":[7,0,5.5],"to":[7.5,0.5,6],"faces":{"down":{"uv":[4.96,0.96,7.04,3.04],"texture":"#0","cullface":"down"}}},{"from":[7,0,6],"to":[7.5,0.5,6.5],"faces":{"down":{"uv":[12.96,4.96,15.04,7.04],"texture":"#0","cullface":"down"}}},{"from":[7,0,6.5],"to":[7.5,0.5,7],"faces":{"south":{"uv":[4.96,4.96,7.04,7.04],"texture":"#0"},"down":{"uv":[4.96,4.96,7.04,7.04],"texture":"#0","cullface":"down"}}},{"from":[7,0.5,3],"to":[8,1,3.5],"faces":{"south":{"uv":[8.96,8.96,11.04,11.04],"texture":"#0"}}},{"from":[7,0.5,6.5],"to":[7.5,1,7],"faces":{"south":{"uv":[0.96,4.96,3.04,7.04],"texture":"#0"},"up":{"uv":[0.96,4.96,3.04,7.04],"texture":"#0"}}},{"from":[7,1,3],"to":[7.5,1.5,3.5],"faces":{"north":{"uv":[0.96,4.96,3.04,7.04],"texture":"#0"}}},{"from":[7,1.5,3],"to":[7.5,2,3.5],"faces":{"north":{"uv":[4.96,4.96,7.04,7.04],"texture":"#0"},"east":{"uv":[4.96,4.96,7.04,7.04],"texture":"#0"},"up":{"uv":[4.96,4.96,7.04,7.04],"texture":"#0"}}},{"from":[7,1.5,5.5],"to":[8,2,6],"faces":{"east":{"uv":[8.96,4.96,11.04,7.04],"texture":"#0"},"south":{"uv":[8.96,4.96,11.04,7.04],"texture":"#0"},"up":{"uv":[8.96,4.96,11.04,7.04],"texture":"#0"}}},{"from":[7,2,3.5],"to":[7.5,2.5,4],"faces":{"north":{"uv":[4.96,0.96,7.04,3.04],"texture":"#0"},"east":{"uv":[4.96,0.96,7.04,3.04],"texture":"#0"},"up":{"uv":[4.96,0.96,7.04,3.04],"texture":"#0"}}},{"from":[7,2,4],"to":[7.5,2.5,4.5],"faces":{"east":{"uv":[8.96,8.96,11.04,11.04],"texture":"#0"}}},{"from":[7,2,4.5],"to":[7.5,2.5,5],"faces":{"east":{"uv":[4.96,4.96,7.04,7.04],"texture":"#0"},"up":{"uv":[4.96,4.96,7.04,7.04],"texture":"#0"}}},{"from":[7,2,5],"to":[7.5,2.5,6],"faces":{"east":{"uv":[4.96,0.96,7.04,3.04],"texture":"#0"},"south":{"uv":[4.96,0.96,7.04,3.04],"texture":"#0"},"west":{"uv":[4.96,0.96,7.04,3.04],"texture":"#0"},"up":{"uv":[4.96,0.96,7.04,3.04],"texture":"#0"}}},{"from":[7,3,4],"to":[7.5,3.5,5.5],"faces":{"east":{"uv":[0,0,16,4],"texture":"#1"},"west":{"uv":[0,0,16,4],"texture":"#1"},"down":{"uv":[0,0,16,4],"texture":"#1"}}},{"from":[7,7.5,3.5],"to":[7.5,8,4],"faces":{"north":{"uv":[0,0,16,4],"texture":"#1"},"east":{"uv":[0,0,16,4],"texture":"#1"}}},{"from":[7,7.5,5.5],"to":[7.5,8,6],"faces":{"east":{"uv":[0,0,16,4],"texture":"#1"},"south":{"uv":[0,0,16,4],"texture":"#1"}}},{"from":[7,8,4],"to":[7.5,8.5,5.5],"faces":{"east":{"uv":[0,0,16,4],"texture":"#1"},"west":{"uv":[0,0,16,4],"texture":"#1"},"up":{"uv":[0,0,16,4],"texture":"#1"},"down":{"uv":[0,0,16,4],"texture":"#1"}}},{"from":[7,9,4],"to":[7.5,9.5,4.5],"faces":{"north":{"uv":[0.96,4.96,3.04,7.04],"texture":"#0"},"east":{"uv":[0.96,4.96,3.04,7.04],"texture":"#0"},"down":{"uv":[0.96,4.96,3.04,7.04],"texture":"#0"}}},{"from":[7,9,4.5],"to":[7.5,9.5,5],"faces":{"east":{"uv":[12.96,4.96,15.04,7.04],"texture":"#0"}}},{"from":[7,9,5],"to":[7.5,9.5,5.5],"faces":{"east":{"uv":[4.96,4.96,7.04,7.04],"texture":"#0"},"south":{"uv":[4.96,4.96,7.04,7.04],"texture":"#0"},"down":{"uv":[4.96,4.96,7.04,7.04],"texture":"#0"}}},{"from":[7,9.5,4],"to":[7.5,10,5],"faces":{"north":{"uv":[4.96,0.96,7.04,3.04],"texture":"#0"},"east":{"uv":[4.96,0.96,7.04,3.04],"texture":"#0"},"west":{"uv":[4.96,0.96,7.04,3.04],"texture":"#0"}}},{"from":[7,9.5,5],"to":[7.5,11,5.5],"faces":{"east":{"uv":[8.96,8.96,11.04,11.04],"texture":"#0"},"south":{"uv":[8.96,8.96,11.04,11.04],"texture":"#0"},"west":{"uv":[8.96,8.96,11.04,11.04],"texture":"#0"}}},{"from":[7,10,3.5],"to":[7.5,10.5,4],"faces":{"north":{"uv":[12.96,4.96,15.04,7.04],"texture":"#0"},"east":{"uv":[12.96,4.96,15.04,7.04],"texture":"#0"},"down":{"uv":[12.96,4.96,15.04,7.04],"texture":"#0"}}},{"from":[7,10,5.5],"to":[7.5,10.5,6],"faces":{"east":{"uv":[12.96,0.96,15.04,3.04],"texture":"#0"},"south":{"uv":[12.96,0.96,15.04,3.04],"texture":"#0"},"down":{"uv":[12.96,0.96,15.04,3.04],"texture":"#0"}}},{"from":[7,10.5,3.5],"to":[7.5,11,4],"faces":{"north":{"uv":[8.96,8.96,11.04,11.04],"texture":"#0"},"east":{"uv":[8.96,8.96,11.04,11.04],"texture":"#0"}}},{"from":[7,10.5,5.5],"to":[7.5,11,6],"faces":{"east":{"uv":[12.96,4.96,15.04,7.04],"texture":"#0"},"south":{"uv":[12.96,4.96,15.04,7.04],"texture":"#0"}}},{"from":[7,11,3],"to":[7.5,11.5,4],"faces":{"north":{"uv":[8.96,4.96,11.04,7.04],"texture":"#0"},"up":{"uv":[8.96,4.96,11.04,7.04],"texture":"#0"},"down":{"uv":[8.96,4.96,11.04,7.04],"texture":"#0"}}},{"from":[7,11,6],"to":[7.5,11.5,6.5],"faces":{"south":{"uv":[12.96,0.96,15.04,3.04],"texture":"#0"},"up":{"uv":[12.96,0.96,15.04,3.04],"texture":"#0"},"down":{"uv":[12.96,0.96,15.04,3.04],"texture":"#0"}}},{"from":[7,11.5,3.5],"to":[7.5,12,4],"faces":{"north":{"uv":[4.96,4.96,7.04,7.04],"texture":"#0"},"east":{"uv":[4.96,4.96,7.04,7.04],"texture":"#0"},"up":{"uv":[4.96,4.96,7.04,7.04],"texture":"#0"}}},{"from":[7,11.5,4],"to":[7.5,12,4.5],"faces":{"east":{"uv":[8.96,4.96,11.04,7.04],"texture":"#0"},"up":{"uv":[8.96,4.96,11.04,7.04],"texture":"#0"}}},{"from":[7,11.5,4.5],"to":[7.5,12,5],"faces":{"east":{"uv":[4.96,0.96,7.04,3.04],"texture":"#0"},"up":{"uv":[4.96,0.96,7.04,3.04],"texture":"#0"}}},{"from":[7,11.5,5],"to":[7.5,12,5.5],"faces":{"east":{"uv":[12.96,0.96,15.04,3.04],"texture":"#0"},"up":{"uv":[12.96,0.96,15.04,3.04],"texture":"#0"}}},{"from":[7,11.5,5.5],"to":[7.5,12,6],"faces":{"east":{"uv":[8.96,4.96,11.04,7.04],"texture":"#0"},"south":{"uv":[8.96,4.96,11.04,7.04],"texture":"#0"},"up":{"uv":[8.96,4.96,11.04,7.04],"texture":"#0"}}},{"from":[7,3.9691,9.1683],"to":[7.5,4.4691,9.6683],"rotation":{"angle":-45,"axis":"x","origin":[2.5,4,6.5]},"faces":{"north":{"uv":[8,10.50743,8.5,11.00743],"texture":"#0"},"south":{"uv":[11.04,3.04,8.96,0.96],"texture":"#0"},"up":{"uv":[8.96,0.96,11.04,3.04],"texture":"#0"},"down":{"uv":[8.96,0.96,11.04,3.04],"texture":"#0"}}},{"from":[7.5,0,2.5],"to":[8,0.5,3],"faces":{"north":{"uv":[0.96,4.96,3.04,7.04],"texture":"#0"},"east":{"uv":[0.96,4.96,3.04,7.04],"texture":"#0"},"down":{"uv":[0.96,4.96,3.04,7.04],"texture":"#0","cullface":"down"}}},{"from":[7.5,0,3],"to":[8,0.5,3.5],"faces":{"down":{"uv":[12.96,4.96,15.04,7.04],"texture":"#0","cullface":"down"}}},{"from":[7.5,0,3.5],"to":[8,0.5,4],"faces":{"down":{"uv":[4.96,4.96,7.04,7.04],"texture":"#0","cullface":"down"}}},{"from":[7.5,0,4],"to":[8,0.5,4.5],"faces":{"down":{"uv":[8.96,8.96,11.04,11.04],"texture":"#0","cullface":"down"}}},{"from":[7.5,0,4.5],"to":[8.5,0.5,5],"faces":{"up":{"uv":[12.96,4.96,15.04,7.04],"texture":"#0"},"down":{"uv":[12.96,4.96,15.04,7.04],"texture":"#0","cullface":"down"}}},{"from":[7.5,0,5],"to":[8,0.5,6],"faces":{"up":{"uv":[4.96,4.96,7.04,7.04],"texture":"#0"},"down":{"uv":[4.96,4.96,7.04,7.04],"texture":"#0","cullface":"down"}}},{"from":[7.5,0,6],"to":[8.5,0.5,6.5],"faces":{"east":{"uv":[12.96,0.96,15.04,3.04],"texture":"#0"},"south":{"uv":[12.96,0.96,15.04,3.04],"texture":"#0"},"down":{"uv":[12.96,0.96,15.04,3.04],"texture":"#0","cullface":"down"}}},{"from":[7.5,0,6.5],"to":[8,0.5,7],"faces":{"east":{"uv":[0.96,4.96,3.04,7.04],"texture":"#0"},"south":{"uv":[0.96,4.96,3.04,7.04],"texture":"#0"},"down":{"uv":[0.96,4.96,3.04,7.04],"texture":"#0","cullface":"down"}}},{"from":[7.5,0.5,2.5],"to":[8,1,3],"faces":{"north":{"uv":[4.96,4.96,7.04,7.04],"texture":"#0"},"east":{"uv":[4.96,4.96,7.04,7.04],"texture":"#0"},"up":{"uv":[4.96,4.96,7.04,7.04],"texture":"#0"}}},{"from":[7.5,0.5,6.5],"to":[8,1,7],"faces":{"east":{"uv":[4.96,0.96,7.04,3.04],"texture":"#0"},"south":{"uv":[4.96,0.96,7.04,3.04],"texture":"#0"},"up":{"uv":[4.96,0.96,7.04,3.04],"texture":"#0"}}},{"from":[7.5,1,3],"to":[8,1.5,3.5],"faces":{"north":{"uv":[12.96,4.96,15.04,7.04],"texture":"#0"},"east":{"uv":[12.96,4.96,15.04,7.04],"texture":"#0"},"up":{"uv":[12.96,4.96,15.04,7.04],"texture":"#0"}}},{"from":[7.5,1,3.5],"to":[8,1.5,4.5],"faces":{"east":{"uv":[0.96,4.96,3.04,7.04],"texture":"#0"},"west":{"uv":[0.96,4.96,3.04,7.04],"texture":"#0"},"down":{"uv":[0.96,4.96,3.04,7.04],"texture":"#0"}}},{"from":[7.5,1,5],"to":[8.5,1.5,5.5],"faces":{"south":{"uv":[12.96,4.96,15.04,7.04],"texture":"#0"}}},{"from":[7.5,1,5.5],"to":[8,1.5,6],"faces":{"east":{"uv":[12.96,4.96,15.04,7.04],"texture":"#0"}}},{"from":[7.5,1,6],"to":[8,1.5,6.5],"faces":{"east":{"uv":[8.96,4.96,11.04,7.04],"texture":"#0"},"south":{"uv":[8.96,4.96,11.04,7.04],"texture":"#0"},"up":{"uv":[8.96,4.96,11.04,7.04],"texture":"#0"}}},{"from":[7.5,1.5,3.5],"to":[8,2,4],"faces":{"north":{"uv":[8.96,4.96,11.04,7.04],"texture":"#0"},"east":{"uv":[8.96,4.96,11.04,7.04],"texture":"#0"},"up":{"uv":[8.96,4.96,11.04,7.04],"texture":"#0"}}},{"from":[7.5,1.5,4],"to":[8,2,4.5],"faces":{"up":{"uv":[0.96,4.96,3.04,7.04],"texture":"#0"}}},{"from":[7.5,1.5,4.5],"to":[8.5,2,5],"faces":{"up":{"uv":[12.96,4.96,15.04,7.04],"texture":"#0"}}},{"from":[7.5,1.5,5],"to":[8,2,5.5],"faces":{"up":{"uv":[0.96,4.96,3.04,7.04],"texture":"#0"}}},{"from":[7.5,7.5,4],"to":[8,8,5.5],"faces":{"north":{"uv":[0,0,16,4],"texture":"#1"},"east":{"uv":[0,0,16,4],"texture":"#1"},"south":{"uv":[0,0,16,4],"texture":"#1"},"west":{"uv":[0,0,16,4],"texture":"#1"},"up":{"uv":[0,0,16,4],"texture":"#1"}}},{"from":[7.5,10.5,4],"to":[8.5,11,4.5],"faces":{"north":{"uv":[4.96,0.96,7.04,3.04],"texture":"#0"},"down":{"uv":[4.96,0.96,7.04,3.04],"texture":"#0"}}},{"from":[7.5,10.5,4.5],"to":[8.5,11,5],"faces":{"down":{"uv":[0.96,4.96,3.04,7.04],"texture":"#0"}}},{"from":[7.5,10.5,5],"to":[8,11,5.5],"faces":{"south":{"uv":[8.96,8.96,11.04,11.04],"texture":"#0"},"down":{"uv":[8.96,8.96,11.04,11.04],"texture":"#0"}}},{"from":[7.5,11,3],"to":[8,11.5,3.5],"faces":{"north":{"uv":[12.96,4.96,15.04,7.04],"texture":"#0"},"east":{"uv":[12.96,4.96,15.04,7.04],"texture":"#0"},"up":{"uv":[12.96,4.96,15.04,7.04],"texture":"#0"},"down":{"uv":[12.96,4.96,15.04,7.04],"texture":"#0"}}},{"from":[7.5,11,3.5],"to":[8,11.5,4],"faces":{"east":{"uv":[12.96,0.96,15.04,3.04],"texture":"#0"},"up":{"uv":[12.96,0.96,15.04,3.04],"texture":"#0"},"down":{"uv":[12.96,0.96,15.04,3.04],"texture":"#0"}}},{"from":[7.5,11,4],"to":[8,11.5,4.5],"faces":{"up":{"uv":[0.96,4.96,3.04,7.04],"texture":"#0"}}},{"from":[7.5,11,4.5],"to":[8,11.5,5],"faces":{"up":{"uv":[8.96,8.96,11.04,11.04],"texture":"#0"}}},{"from":[7.5,11,5.5],"to":[8,11.5,6],"faces":{"east":{"uv":[8.96,8.96,11.04,11.04],"texture":"#0"},"up":{"uv":[8.96,8.96,11.04,11.04],"texture":"#0"},"down":{"uv":[8.96,8.96,11.04,11.04],"texture":"#0"}}},{"from":[7.5,11,6],"to":[8,11.5,6.5],"faces":{"east":{"uv":[0.96,4.96,3.04,7.04],"texture":"#0"},"south":{"uv":[0.96,4.96,3.04,7.04],"texture":"#0"},"up":{"uv":[0.96,4.96,3.04,7.04],"texture":"#0"},"down":{"uv":[0.96,4.96,3.04,7.04],"texture":"#0"}}},{"from":[7.5,3.9691,9.1683],"to":[8,4.4691,9.6683],"rotation":{"angle":-45,"axis":"x","origin":[2.5,4,6.5]},"faces":{"north":{"uv":[7.04,7.04,4.96,4.96],"texture":"#0"},"east":{"uv":[4.96,4.96,7.04,7.04],"rotation":180,"texture":"#0"},"south":{"uv":[7.04,7.04,4.96,4.96],"texture":"#0"},"up":{"uv":[4.96,4.96,7.04,7.04],"texture":"#0"},"down":{"uv":[4.96,4.96,7.04,7.04],"texture":"#0"}}},{"from":[8,0,3],"to":[8.5,1,3.5],"faces":{"north":{"uv":[4.96,0.96,7.04,3.04],"texture":"#0"},"east":{"uv":[4.96,0.96,7.04,3.04],"texture":"#0"},"up":{"uv":[4.96,0.96,7.04,3.04],"texture":"#0"},"down":{"uv":[4.96,0.96,7.04,3.04],"texture":"#0","cullface":"down"}}},{"from":[8,0,3.5],"to":[8.5,0.5,4],"faces":{"east":{"uv":[12.96,0.96,15.04,3.04],"texture":"#0"},"down":{"uv":[12.96,0.96,15.04,3.04],"texture":"#0","cullface":"down"}}},{"from":[8,0,4],"to":[9,0.5,4.5],"faces":{"north":{"uv":[8.96,4.96,11.04,7.04],"texture":"#0"},"east":{"uv":[8.96,4.96,11.04,7.04],"texture":"#0"},"down":{"uv":[8.96,4.96,11.04,7.04],"texture":"#0","cullface":"down"}}},{"from":[8,0,5],"to":[8.5,0.5,5.5],"faces":{"down":{"uv":[0.96,4.96,3.04,7.04],"texture":"#0","cullface":"down"}}},{"from":[8,0,5.5],"to":[8.5,0.5,6],"faces":{"east":{"uv":[8.96,8.96,11.04,11.04],"texture":"#0"},"down":{"uv":[8.96,8.96,11.04,11.04],"texture":"#0","cullface":"down"}}},{"from":[8,0.5,3.5],"to":[8.5,1,4],"faces":{"east":{"uv":[8.96,8.96,11.04,11.04],"texture":"#0"},"up":{"uv":[8.96,8.96,11.04,11.04],"texture":"#0"}}},{"from":[8,0.5,4.5],"to":[9,1,5],"faces":{"east":{"uv":[4.96,0.96,7.04,3.04],"texture":"#0"}}},{"from":[8,0.5,5.5],"to":[8.5,1,6],"faces":{"east":{"uv":[4.96,4.96,7.04,7.04],"texture":"#0"},"up":{"uv":[4.96,4.96,7.04,7.04],"texture":"#0"}}},{"from":[8,0.5,6],"to":[8.5,1,6.5],"faces":{"east":{"uv":[8.96,4.96,11.04,7.04],"texture":"#0"},"south":{"uv":[8.96,4.96,11.04,7.04],"texture":"#0"},"up":{"uv":[8.96,4.96,11.04,7.04],"texture":"#0"}}},{"from":[8,1,4],"to":[9,1.5,4.5],"faces":{"north":{"uv":[8.96,8.96,11.04,11.04],"texture":"#0"},"east":{"uv":[8.96,8.96,11.04,11.04],"texture":"#0"}}},{"from":[8,1.5,4],"to":[8.5,2,4.5],"faces":{"north":{"uv":[12.96,0.96,15.04,3.04],"texture":"#0"}}},{"from":[8,1.5,5],"to":[8.5,2,5.5],"faces":{"south":{"uv":[12.96,4.96,15.04,7.04],"texture":"#0"}}},{"from":[8,2,4],"to":[8.5,2.5,5],"faces":{"north":{"uv":[8.96,8.96,11.04,11.04],"texture":"#0"},"east":{"uv":[8.96,8.96,11.04,11.04],"texture":"#0"},"west":{"uv":[8.96,8.96,11.04,11.04],"texture":"#0"},"up":{"uv":[8.96,8.96,11.04,11.04],"texture":"#0"}}},{"from":[8,2,5],"to":[8.5,2.5,5.5],"faces":{"south":{"uv":[12.96,0.96,15.04,3.04],"texture":"#0"},"west":{"uv":[12.96,0.96,15.04,3.04],"texture":"#0"},"up":{"uv":[12.96,0.96,15.04,3.04],"texture":"#0"}}},{"from":[8,9,4],"to":[8.5,9.5,4.5],"faces":{"north":{"uv":[12.96,0.96,15.04,3.04],"texture":"#0"},"west":{"uv":[12.96,0.96,15.04,3.04],"texture":"#0"},"down":{"uv":[12.96,0.96,15.04,3.04],"texture":"#0"}}},{"from":[8,9,4.5],"to":[9.5,9.5,5],"faces":{"east":{"uv":[8.96,4.96,11.04,7.04],"texture":"#0"},"west":{"uv":[8.96,4.96,11.04,7.04],"texture":"#0"},"up":{"uv":[8.96,4.96,11.04,7.04],"texture":"#0"},"down":{"uv":[8.96,4.96,11.04,7.04],"texture":"#0"}}},{"from":[8,9,5],"to":[8.5,9.5,5.5],"faces":{"south":{"uv":[8.96,8.96,11.04,11.04],"texture":"#0"},"west":{"uv":[8.96,8.96,11.04,11.04],"texture":"#0"},"down":{"uv":[8.96,8.96,11.04,11.04],"texture":"#0"}}},{"from":[8,9.5,4],"to":[9,10,4.5],"faces":{"north":{"uv":[0.96,4.96,3.04,7.04],"texture":"#0"},"east":{"uv":[0.96,4.96,3.04,7.04],"texture":"#0"},"west":{"uv":[0.96,4.96,3.04,7.04],"texture":"#0"}}},{"from":[8,9.5,4.5],"to":[8.5,10,5],"faces":{"west":{"uv":[4.96,0.96,7.04,3.04],"texture":"#0"}}},{"from":[8,9.5,5],"to":[8.5,10,5.5],"faces":{"south":{"uv":[8.96,4.96,11.04,7.04],"texture":"#0"},"west":{"uv":[8.96,4.96,11.04,7.04],"texture":"#0"}}},{"from":[8,10,4],"to":[8.5,10.5,4.5],"faces":{"north":{"uv":[0.96,4.96,3.04,7.04],"texture":"#0"},"west":{"uv":[0.96,4.96,3.04,7.04],"texture":"#0"}}},{"from":[8,10,4.5],"to":[9,10.5,5],"faces":{"east":{"uv":[8.96,4.96,11.04,7.04],"texture":"#0"},"west":{"uv":[8.96,4.96,11.04,7.04],"texture":"#0"}}},{"from":[8,10,5],"to":[8.5,10.5,5.5],"faces":{"south":{"uv":[0.96,4.96,3.04,7.04],"texture":"#0"},"west":{"uv":[0.96,4.96,3.04,7.04],"texture":"#0"}}},{"from":[8,10.5,5],"to":[8.5,11,5.5],"faces":{"south":{"uv":[4.96,4.96,7.04,7.04],"texture":"#0"}}},{"from":[8,11,4],"to":[8.5,11.5,4.5],"faces":{"north":{"uv":[4.96,4.96,7.04,7.04],"texture":"#0"},"east":{"uv":[4.96,4.96,7.04,7.04],"texture":"#0"},"up":{"uv":[4.96,4.96,7.04,7.04],"texture":"#0"}}},{"from":[8,11,4.5],"to":[8.5,11.5,5.5],"faces":{"east":{"uv":[0.96,4.96,3.04,7.04],"texture":"#0"},"south":{"uv":[0.96,4.96,3.04,7.04],"texture":"#0"},"up":{"uv":[0.96,4.96,3.04,7.04],"texture":"#0"}}},{"from":[8,4.4691,9.1683],"to":[8.5,4.9691,9.6683],"rotation":{"angle":-45,"axis":"x","origin":[2.5,4,6.5]},"faces":{"north":{"uv":[3.04,7.04,0.96,4.96],"texture":"#0"},"south":{"uv":[3.04,7.04,0.96,4.96],"texture":"#0"},"west":{"uv":[0.96,4.96,3.04,7.04],"rotation":180,"texture":"#0"},"up":{"uv":[0.96,4.96,3.04,7.04],"texture":"#0"},"down":{"uv":[0.96,4.96,3.04,7.04],"texture":"#0"}}},{"from":[8.5,0,4.5],"to":[9,0.5,5.5],"faces":{"east":{"uv":[4.96,4.96,7.04,7.04],"texture":"#0"},"south":{"uv":[4.96,4.96,7.04,7.04],"texture":"#0"},"down":{"uv":[4.96,4.96,7.04,7.04],"texture":"#0","cullface":"down"}}},{"from":[8.5,0.5,4],"to":[9,1,4.5],"faces":{"north":{"uv":[8.96,8.96,11.04,11.04],"texture":"#0"},"east":{"uv":[8.96,8.96,11.04,11.04],"texture":"#0"}}},{"from":[8.5,0.5,5],"to":[9,1.5,5.5],"faces":{"east":{"uv":[8.96,8.96,11.04,11.04],"texture":"#0"},"south":{"uv":[8.96,8.96,11.04,11.04],"texture":"#0"}}},{"from":[8.5,1,4.5],"to":[9,1.5,5],"faces":{"east":{"uv":[4.96,0.96,7.04,3.04],"texture":"#0"}}},{"from":[8.5,1.5,4],"to":[9,2,4.5],"faces":{"north":{"uv":[12.96,4.96,15.04,7.04],"texture":"#0"},"east":{"uv":[12.96,4.96,15.04,7.04],"texture":"#0"}}},{"from":[8.5,1.5,4.5],"to":[9,2,5.5],"faces":{"east":{"uv":[0.96,4.96,3.04,7.04],"texture":"#0"},"south":{"uv":[0.96,4.96,3.04,7.04],"texture":"#0"},"up":{"uv":[0.96,4.96,3.04,7.04],"texture":"#0"}}},{"from":[8.5,2,4],"to":[9,2.5,4.5],"faces":{"north":{"uv":[4.96,0.96,7.04,3.04],"texture":"#0"}}},{"from":[8.5,2,5],"to":[9,2.5,5.5],"faces":{"south":{"uv":[4.96,0.96,7.04,3.04],"texture":"#0"}}},{"from":[8.5,2.5,4],"to":[9,3,4.5],"faces":{"north":{"uv":[8.96,4.96,11.04,7.04],"texture":"#0"},"west":{"uv":[8.96,4.96,11.04,7.04],"texture":"#0"},"up":{"uv":[8.96,4.96,11.04,7.04],"texture":"#0"}}},{"from":[8.5,2.5,4.5],"to":[9.5,3,5],"faces":{"west":{"uv":[8.96,8.96,11.04,11.04],"texture":"#0"},"up":{"uv":[8.96,8.96,11.04,11.04],"texture":"#0"},"down":{"uv":[8.96,8.96,11.04,11.04],"texture":"#0"}}},{"from":[8.5,2.5,5],"to":[9.5,3,5.5],"faces":{"south":{"uv":[0.96,4.96,3.04,7.04],"texture":"#0"},"west":{"uv":[0.96,4.96,3.04,7.04],"texture":"#0"},"up":{"uv":[0.96,4.96,3.04,7.04],"texture":"#0"}}},{"from":[8.5,6.5,4],"to":[9,7,4.5],"faces":{"north":{"uv":[12.96,4.96,15.04,7.04],"texture":"#0"},"down":{"uv":[12.96,4.96,15.04,7.04],"texture":"#0"}}},{"from":[8.5,6.5,4.5],"to":[9,7,5],"faces":{"west":{"uv":[4.96,4.96,7.04,7.04],"texture":"#0"},"down":{"uv":[4.96,4.96,7.04,7.04],"texture":"#0"}}},{"from":[8.5,6.5,5],"to":[9,7,5.5],"faces":{"south":{"uv":[4.96,0.96,7.04,3.04],"texture":"#0"},"down":{"uv":[4.96,0.96,7.04,3.04],"texture":"#0"}}},{"from":[8.5,7,4],"to":[9,8.5,4.5],"faces":{"north":{"uv":[8.96,4.96,11.04,7.04],"texture":"#0"},"west":{"uv":[8.96,4.96,11.04,7.04],"texture":"#0"}}},{"from":[8.5,7,4.5],"to":[9,7.5,5.5],"faces":{"south":{"uv":[0.96,4.96,3.04,7.04],"texture":"#0"},"west":{"uv":[0.96,4.96,3.04,7.04],"texture":"#0"}}},{"from":[8.5,7.5,4.5],"to":[9.5,8,5],"faces":{"east":{"uv":[12.96,4.96,15.04,7.04],"texture":"#0"}}},{"from":[8.5,7.5,5],"to":[9.5,8,5.5],"faces":{"east":{"uv":[8.96,8.96,11.04,11.04],"texture":"#0"},"south":{"uv":[8.96,8.96,11.04,11.04],"texture":"#0"},"west":{"uv":[8.96,8.96,11.04,11.04],"texture":"#0"}}},{"from":[8.5,8,4.5],"to":[9,8.5,5],"faces":{"west":{"uv":[4.96,0.96,7.04,3.04],"texture":"#0"}}},{"from":[8.5,8,5],"to":[9,8.5,5.5],"faces":{"south":{"uv":[12.96,4.96,15.04,7.04],"texture":"#0"},"west":{"uv":[12.96,4.96,15.04,7.04],"texture":"#0"}}},{"from":[8.5,8.5,4],"to":[9,9,4.5],"faces":{"north":{"uv":[4.96,0.96,7.04,3.04],"texture":"#0"},"west":{"uv":[4.96,0.96,7.04,3.04],"texture":"#0"}}},{"from":[8.5,8.5,4.5],"to":[9,9,5],"faces":{"west":{"uv":[12.96,0.96,15.04,3.04],"texture":"#0"}}},{"from":[8.5,8.5,5],"to":[9.5,9,5.5],"faces":{"east":{"uv":[4.96,0.96,7.04,3.04],"texture":"#0"},"south":{"uv":[4.96,0.96,7.04,3.04],"texture":"#0"},"west":{"uv":[4.96,0.96,7.04,3.04],"texture":"#0"}}},{"from":[8.5,9,4],"to":[9,9.5,4.5],"faces":{"north":{"uv":[4.96,4.96,7.04,7.04],"texture":"#0"}}},{"from":[8.5,9,5],"to":[9,10,5.5],"faces":{"east":{"uv":[0.96,4.96,3.04,7.04],"texture":"#0"},"south":{"uv":[0.96,4.96,3.04,7.04],"texture":"#0"}}},{"from":[8.5,9.5,4.5],"to":[9,10,5],"faces":{"east":{"uv":[12.96,4.96,15.04,7.04],"texture":"#0"}}},{"from":[8.5,10,4],"to":[9,10.5,4.5],"faces":{"north":{"uv":[8.96,8.96,11.04,11.04],"texture":"#0"},"east":{"uv":[8.96,8.96,11.04,11.04],"texture":"#0"}}},{"from":[8.5,10,5],"to":[9,10.5,5.5],"faces":{"east":{"uv":[8.96,4.96,11.04,7.04],"texture":"#0"},"south":{"uv":[8.96,4.96,11.04,7.04],"texture":"#0"}}},{"from":[8.5,10.5,4],"to":[9,11,4.5],"faces":{"north":{"uv":[12.96,0.96,15.04,3.04],"texture":"#0"},"east":{"uv":[12.96,0.96,15.04,3.04],"texture":"#0"},"up":{"uv":[12.96,0.96,15.04,3.04],"texture":"#0"}}},{"from":[8.5,10.5,4.5],"to":[9,11,5],"faces":{"east":{"uv":[12.96,4.96,15.04,7.04],"texture":"#0"},"up":{"uv":[12.96,4.96,15.04,7.04],"texture":"#0"}}},{"from":[8.5,10.5,5],"to":[9,11,5.5],"faces":{"east":{"uv":[4.96,0.96,7.04,3.04],"texture":"#0"},"south":{"uv":[4.96,0.96,7.04,3.04],"texture":"#0"},"up":{"uv":[4.96,0.96,7.04,3.04],"texture":"#0"}}},{"from":[8.5,4.4691,9.1683],"to":[9,4.9691,9.6683],"rotation":{"angle":-45,"axis":"x","origin":[2.5,4,6.5]},"faces":{"north":{"uv":[15.04,3.04,12.96,0.96],"texture":"#0"},"east":{"uv":[12.96,0.96,15.04,3.04],"rotation":180,"texture":"#0"},"south":{"uv":[15.04,3.04,12.96,0.96],"texture":"#0"},"up":{"uv":[12.96,0.96,15.04,3.04],"texture":"#0"},"down":{"uv":[12.96,0.96,15.04,3.04],"texture":"#0"}}},{"from":[9,2,4],"to":[9.5,2.5,4.5],"faces":{"north":{"uv":[8.96,4.96,11.04,7.04],"texture":"#0"},"east":{"uv":[8.96,4.96,11.04,7.04],"texture":"#0"},"down":{"uv":[8.96,4.96,11.04,7.04],"texture":"#0"}}},{"from":[9,2,4.5],"to":[9.5,2.5,5],"faces":{"east":{"uv":[12.96,0.96,15.04,3.04],"texture":"#0"},"down":{"uv":[12.96,0.96,15.04,3.04],"texture":"#0"}}},{"from":[9,2,5],"to":[9.5,2.5,5.5],"faces":{"east":{"uv":[8.96,4.96,11.04,7.04],"texture":"#0"},"south":{"uv":[8.96,4.96,11.04,7.04],"texture":"#0"},"down":{"uv":[8.96,4.96,11.04,7.04],"texture":"#0"}}},{"from":[9,2.5,4],"to":[9.5,3,4.5],"faces":{"north":{"uv":[12.96,4.96,15.04,7.04],"texture":"#0"}}},{"from":[9,3,4],"to":[9.5,3.5,4.5],"faces":{"north":{"uv":[4.96,0.96,7.04,3.04],"texture":"#0"},"west":{"uv":[4.96,0.96,7.04,3.04],"texture":"#0"}}},{"from":[9,3,4.5],"to":[9.5,3.5,5.5],"faces":{"south":{"uv":[8.96,4.96,11.04,7.04],"texture":"#0"},"west":{"uv":[8.96,4.96,11.04,7.04],"texture":"#0"}}},{"from":[9,3.5,4],"to":[9.5,4,4.5],"faces":{"north":{"uv":[0.96,4.96,3.04,7.04],"texture":"#0"},"west":{"uv":[0.96,4.96,3.04,7.04],"texture":"#0"}}},{"from":[9,3.5,4.5],"to":[10,4,5],"faces":{"east":{"uv":[12.96,4.96,15.04,7.04],"texture":"#0"},"west":{"uv":[12.96,4.96,15.04,7.04],"texture":"#0"}}},{"from":[9,3.5,5],"to":[9.5,4,5.5],"faces":{"south":{"uv":[12.96,0.96,15.04,3.04],"texture":"#0"},"west":{"uv":[12.96,0.96,15.04,3.04],"texture":"#0"}}},{"from":[9,4,4],"to":[9.5,4.5,4.5],"faces":{"north":{"uv":[12.96,0.96,15.04,3.04],"texture":"#0"},"west":{"uv":[12.96,0.96,15.04,3.04],"texture":"#0"}}},{"from":[9,4,4.5],"to":[9.5,4.5,5],"faces":{"west":{"uv":[12.96,4.96,15.04,7.04],"texture":"#0"}}},{"from":[9,4,5],"to":[9.5,4.5,5.5],"faces":{"south":{"uv":[8.96,8.96,11.04,11.04],"texture":"#0"},"west":{"uv":[8.96,8.96,11.04,11.04],"texture":"#0"}}},{"from":[9,4.5,4],"to":[9.5,5,5],"faces":{"north":{"uv":[8.96,8.96,11.04,11.04],"texture":"#0"},"west":{"uv":[8.96,8.96,11.04,11.04],"texture":"#0"}}},{"from":[9,4.5,5],"to":[9.5,5.5,5.5],"faces":{"south":{"uv":[12.96,0.96,15.04,3.04],"texture":"#0"},"west":{"uv":[12.96,0.96,15.04,3.04],"texture":"#0"}}},{"from":[9,5,4],"to":[9.5,5.5,4.5],"faces":{"north":{"uv":[12.96,4.96,15.04,7.04],"texture":"#0"},"west":{"uv":[12.96,4.96,15.04,7.04],"texture":"#0"}}},{"from":[9,5,4.5],"to":[9.5,5.5,5],"faces":{"west":{"uv":[0.96,4.96,3.04,7.04],"texture":"#0"}}},{"from":[9,5.5,4],"to":[9.5,6,4.5],"faces":{"north":{"uv":[0.96,4.96,3.04,7.04],"texture":"#0"},"west":{"uv":[0.96,4.96,3.04,7.04],"texture":"#0"}}},{"from":[9,5.5,4.5],"to":[9.5,6,5],"faces":{"west":{"uv":[8.96,8.96,11.04,11.04],"texture":"#0"}}},{"from":[9,5.5,5],"to":[9.5,6,5.5],"faces":{"south":{"uv":[0.96,4.96,3.04,7.04],"texture":"#0"},"west":{"uv":[0.96,4.96,3.04,7.04],"texture":"#0"}}},{"from":[9,6,4],"to":[10,6.5,4.5],"faces":{"north":{"uv":[8.96,8.96,11.04,11.04],"texture":"#0"},"east":{"uv":[8.96,8.96,11.04,11.04],"texture":"#0"},"west":{"uv":[8.96,8.96,11.04,11.04],"texture":"#0"},"up":{"uv":[8.96,8.96,11.04,11.04],"texture":"#0"}}},{"from":[9,6,4.5],"to":[9.5,6.5,5.5],"faces":{"south":{"uv":[12.96,4.96,15.04,7.04],"texture":"#0"},"west":{"uv":[12.96,4.96,15.04,7.04],"texture":"#0"}}},{"from":[9,6.5,4],"to":[9.5,7,4.5],"faces":{"north":{"uv":[8.96,4.96,11.04,7.04],"texture":"#0"},"east":{"uv":[8.96,4.96,11.04,7.04],"texture":"#0"}}},{"from":[9,6.5,4.5],"to":[9.5,7,5],"faces":{"east":{"uv":[4.96,0.96,7.04,3.04],"texture":"#0"}}},{"from":[9,6.5,5],"to":[9.5,7,5.5],"faces":{"east":{"uv":[12.96,0.96,15.04,3.04],"texture":"#0"},"south":{"uv":[12.96,0.96,15.04,3.04],"texture":"#0"}}},{"from":[9,7,4],"to":[9.5,9,4.5],"faces":{"north":{"uv":[0.96,4.96,3.04,7.04],"texture":"#0"},"east":{"uv":[0.96,4.96,3.04,7.04],"texture":"#0"}}},{"from":[9,7,4.5],"to":[9.5,7.5,5],"faces":{"east":{"uv":[12.96,4.96,15.04,7.04],"texture":"#2"}}},{"from":[9,7,5],"to":[9.5,7.5,5.5],"faces":{"east":{"uv":[4.96,0.96,7.04,3.04],"texture":"#0"},"south":{"uv":[4.96,0.96,7.04,3.04],"texture":"#0"}}},{"from":[9,8,4.5],"to":[9.5,8.5,5.5],"faces":{"east":{"uv":[0.96,4.96,3.04,7.04],"texture":"#0"},"south":{"uv":[0.96,4.96,3.04,7.04],"texture":"#0"}}},{"from":[9,8.5,4.5],"to":[9.5,9,5],"faces":{"east":{"uv":[8.96,4.96,11.04,7.04],"texture":"#2"}}},{"from":[9,9,4],"to":[9.5,9.5,4.5],"faces":{"north":{"uv":[12.96,4.96,15.04,7.04],"texture":"#0"},"east":{"uv":[12.96,4.96,15.04,7.04],"texture":"#0"},"up":{"uv":[12.96,4.96,15.04,7.04],"texture":"#0"}}},{"from":[9,9,5],"to":[9.5,9.5,5.5],"faces":{"east":{"uv":[12.96,4.96,15.04,7.04],"texture":"#0"},"south":{"uv":[12.96,4.96,15.04,7.04],"texture":"#0"},"up":{"uv":[12.96,4.96,15.04,7.04],"texture":"#0"}}},{"from":[9,8.9692,9.1683],"to":[9.5,9.4692,9.6683],"rotation":{"angle":-45,"axis":"x","origin":[2.5,4,6.5]},"faces":{"north":{"uv":[3.04,11.04,0.96,8.96],"texture":"#0"},"east":{"uv":[0.96,8.96,3.04,11.04],"rotation":180,"texture":"#0"},"south":{"uv":[3.04,11.04,0.96,8.96],"texture":"#0"},"west":{"uv":[0.96,8.96,3.04,11.04],"rotation":180,"texture":"#0"},"up":{"uv":[0.96,8.96,3.04,11.04],"texture":"#0"},"down":{"uv":[0.96,8.96,3.04,11.04],"texture":"#0"}}},{"from":[9,4.9691,9.1683],"to":[9.5,5.4691,9.6683],"rotation":{"angle":-45,"axis":"x","origin":[2.5,4,6.5]},"faces":{"north":{"uv":[7.04,11.04,4.96,8.96],"texture":"#0"},"east":{"uv":[4.96,8.96,7.04,11.04],"rotation":180,"texture":"#0"},"south":{"uv":[7.04,11.04,4.96,8.96],"texture":"#0"},"west":{"uv":[4.96,8.96,7.04,11.04],"rotation":180,"texture":"#0"},"up":{"uv":[4.96,8.96,7.04,11.04],"texture":"#0"},"down":{"uv":[4.96,8.96,7.04,11.04],"texture":"#0"}}},{"from":[9.5,2.5,4],"to":[10,3.5,4.5],"faces":{"north":{"uv":[8.96,4.96,11.04,7.04],"texture":"#0"},"east":{"uv":[8.96,4.96,11.04,7.04],"texture":"#0"},"down":{"uv":[8.96,4.96,11.04,7.04],"texture":"#0"}}},{"from":[9.5,2.5,4.5],"to":[10,3,5],"faces":{"east":{"uv":[4.96,0.96,7.04,3.04],"texture":"#0"},"down":{"uv":[4.96,0.96,7.04,3.04],"texture":"#0"}}},{"from":[9.5,2.5,5],"to":[10,3,5.5],"faces":{"east":{"uv":[4.96,4.96,7.04,7.04],"texture":"#0"},"south":{"uv":[4.96,4.96,7.04,7.04],"texture":"#0"},"down":{"uv":[4.96,4.96,7.04,7.04],"texture":"#0"}}},{"from":[9.5,3,4.5],"to":[10,3.5,5],"faces":{"east":{"uv":[12.96,0.96,15.04,3.04],"texture":"#0"}}},{"from":[9.5,3,5],"to":[10,3.5,5.5],"faces":{"east":{"uv":[8.96,4.96,11.04,7.04],"texture":"#0"},"south":{"uv":[8.96,4.96,11.04,7.04],"texture":"#0"}}},{"from":[9.5,3.5,4],"to":[10,4.5,4.5],"faces":{"north":{"uv":[12.96,4.96,15.04,7.04],"texture":"#0"},"east":{"uv":[12.96,4.96,15.04,7.04],"texture":"#0"}}},{"from":[9.5,3.5,5],"to":[10,4,5.5],"faces":{"east":{"uv":[4.96,0.96,7.04,3.04],"texture":"#0"},"south":{"uv":[4.96,0.96,7.04,3.04],"texture":"#0"}}},{"from":[9.5,4,4.5],"to":[10,4.5,5],"faces":{"east":{"uv":[8.96,8.96,11.04,11.04],"texture":"#0"}}},{"from":[9.5,4,5],"to":[10,4.5,5.5],"faces":{"east":{"uv":[0.96,4.96,3.04,7.04],"texture":"#0"},"south":{"uv":[0.96,4.96,3.04,7.04],"texture":"#0"}}},{"from":[9.5,4.5,4],"to":[10,5,4.5],"faces":{"north":{"uv":[4.96,0.96,7.04,3.04],"texture":"#0"},"east":{"uv":[4.96,0.96,7.04,3.04],"texture":"#0"}}},{"from":[9.5,4.5,4.5],"to":[10,5,5],"faces":{"east":{"uv":[0.96,4.96,3.04,7.04],"texture":"#2"}}},{"from":[9.5,4.5,5],"to":[10,5,5.5],"faces":{"east":{"uv":[8.96,4.96,11.04,7.04],"texture":"#0"},"south":{"uv":[8.96,4.96,11.04,7.04],"texture":"#0"}}},{"from":[9.5,5,4],"to":[10,5.5,4.5],"faces":{"north":{"uv":[4.96,4.96,7.04,7.04],"texture":"#0"},"east":{"uv":[4.96,4.96,7.04,7.04],"texture":"#0"}}},{"from":[9.5,5,4.5],"to":[10,5.5,5.5],"faces":{"east":{"uv":[4.96,0.96,7.04,3.04],"texture":"#0"},"south":{"uv":[4.96,0.96,7.04,3.04],"texture":"#0"}}},{"from":[9.5,5.5,4],"to":[10,6,4.5],"faces":{"north":{"uv":[12.96,4.96,15.04,7.04],"texture":"#0"},"east":{"uv":[12.96,4.96,15.04,7.04],"texture":"#0"}}},{"from":[9.5,5.5,4.5],"to":[10,6.5,5],"faces":{"east":{"uv":[8.96,4.96,11.04,7.04],"texture":"#0"},"up":{"uv":[8.96,4.96,11.04,7.04],"texture":"#0"}}},{"from":[9.5,5.5,5],"to":[10,6,5.5],"faces":{"east":{"uv":[8.96,4.96,11.04,7.04],"texture":"#0"},"south":{"uv":[8.96,4.96,11.04,7.04],"texture":"#0"}}},{"from":[9.5,6,5],"to":[10,6.5,5.5],"faces":{"east":{"uv":[4.96,0.96,7.04,3.04],"texture":"#0"},"south":{"uv":[4.96,0.96,7.04,3.04],"texture":"#0"},"up":{"uv":[4.96,0.96,7.04,3.04],"texture":"#0"}}},{"from":[9.5,8.4692,9.1683],"to":[10,8.9692,9.6683],"rotation":{"angle":-45,"axis":"x","origin":[2.5,4,6.5]},"faces":{"north":{"uv":[11.04,7.04,8.96,4.96],"texture":"#0"},"east":{"uv":[8.96,4.96,11.04,7.04],"rotation":180,"texture":"#0"},"south":{"uv":[11.04,7.04,8.96,4.96],"texture":"#0"},"west":{"uv":[8.96,4.96,11.04,7.04],"rotation":180,"texture":"#0"},"up":{"uv":[8.96,4.96,11.04,7.04],"texture":"#0"}}},{"from":[9.5,7.4692,9.1683],"to":[10,8.4692,9.6683],"rotation":{"angle":-45,"axis":"x","origin":[2.5,4,6.5]},"faces":{"north":{"uv":[7.04,3.04,4.96,0.96],"texture":"#0"},"east":{"uv":[4.96,0.96,7.04,3.04],"rotation":180,"texture":"#0"},"south":{"uv":[7.04,3.04,4.96,0.96],"texture":"#0"},"west":{"uv":[4.96,0.96,7.04,3.04],"rotation":180,"texture":"#0"},"down":{"uv":[4.96,0.96,7.04,3.04],"texture":"#0"}}},{"from":[9.5,6.9691,9.1683],"to":[10,7.4691,9.6683],"rotation":{"angle":-45,"axis":"x","origin":[2.5,4,6.5]},"faces":{"north":{"uv":[11.04,11.04,8.96,8.96],"texture":"#0"},"east":{"uv":[8.96,8.96,11.04,11.04],"rotation":180,"texture":"#0"},"south":{"uv":[11.04,11.04,8.96,8.96],"texture":"#0"},"west":{"uv":[8.96,8.96,11.04,11.04],"rotation":180,"texture":"#0"},"up":{"uv":[8.96,8.96,11.04,11.04],"texture":"#0"}}},{"from":[9.5,6.4691,9.1683],"to":[10,6.9691,9.6683],"rotation":{"angle":-45,"axis":"x","origin":[2.5,4,6.5]},"faces":{"north":{"uv":[15.04,7.04,12.96,4.96],"texture":"#0"},"east":{"uv":[12.96,4.96,15.04,7.04],"rotation":180,"texture":"#0"},"south":{"uv":[15.04,7.04,12.96,4.96],"texture":"#0"},"west":{"uv":[12.96,4.96,15.04,7.04],"rotation":180,"texture":"#0"}}},{"from":[9.5,5.9691,9.1683],"to":[10,6.4691,9.6683],"rotation":{"angle":-45,"axis":"x","origin":[2.5,4,6.5]},"faces":{"north":{"uv":[3.04,7.04,0.96,4.96],"texture":"#0"},"east":{"uv":[0.96,4.96,3.04,7.04],"rotation":180,"texture":"#0"},"south":{"uv":[3.04,7.04,0.96,4.96],"texture":"#0"},"west":{"uv":[0.96,4.96,3.04,7.04],"rotation":180,"texture":"#0"}}},{"from":[9.5,5.4691,9.1683],"to":[10,5.9691,9.6683],"rotation":{"angle":-45,"axis":"x","origin":[2.5,4,6.5]},"faces":{"north":{"uv":[7.04,3.04,4.96,0.96],"texture":"#0"},"east":{"uv":[4.96,0.96,7.04,3.04],"rotation":180,"texture":"#0"},"south":{"uv":[7.04,3.04,4.96,0.96],"texture":"#0"},"west":{"uv":[4.96,0.96,7.04,3.04],"rotation":180,"texture":"#0"},"down":{"uv":[4.96,0.96,7.04,3.04],"texture":"#0"}}},{"from":[3.5,10,4.5],"to":[4,10.5,5],"faces":{"west":{"uv":[0.96,8.96,3.04,11.04],"texture":"#0"}}},{"from":[3,8.9692,9.1683],"to":[3.5,9.4692,9.6683],"rotation":{"angle":-45,"axis":"x","origin":[2.5,4,6.5]},"faces":{"north":{"uv":[3.04,11.04,0.96,8.96],"texture":"#0"},"east":{"uv":[0.96,8.96,3.04,11.04],"rotation":180,"texture":"#0"},"south":{"uv":[3.04,11.04,0.96,8.96],"texture":"#0"},"west":{"uv":[0.96,8.96,3.04,11.04],"rotation":180,"texture":"#0"},"up":{"uv":[0.96,8.96,3.04,11.04],"texture":"#0"},"down":{"uv":[0.96,8.96,3.04,11.04],"texture":"#0"}}},{"from":[4,3.5,3.5],"to":[4.5,5.5,4],"faces":{"north":{"uv":[0.5,10,0,12],"texture":"#2"},"south":{"uv":[0,8,0.5,10],"texture":"#2"},"west":{"uv":[0,6,0.5,8],"texture":"#2"},"up":{"uv":[7,12.5,7.5,12],"texture":"#2"},"down":{"uv":[10,12.5,10.5,13],"texture":"#2"}}},{"from":[4,3.5,5.5],"to":[4.5,5.5,6],"faces":{"north":{"uv":[1,14,0.5,16],"texture":"#2"},"south":{"uv":[0.5,12,1,14],"texture":"#2"},"west":{"uv":[0.5,10,1,12],"texture":"#2"},"up":{"uv":[8,12.5,8.5,12],"texture":"#2"},"down":{"uv":[7.5,12,8,12.5],"texture":"#2"}}},{"from":[4,4,4],"to":[4.5,4.5,5.5],"faces":{"west":{"uv":[3.5,15,5,15.5],"texture":"#2"},"up":{"uv":[1.5,13.5,2,12],"texture":"#2"},"down":{"uv":[1.5,13.5,2,15],"texture":"#2"}}},{"from":[4,5.5,4],"to":[4.5,7,4.5],"faces":{"north":{"uv":[2,6,1.5,7.5],"texture":"#2"},"south":{"uv":[1.5,4.5,2,6],"texture":"#2"},"west":{"uv":[1.5,3,2,4.5],"texture":"#2"},"up":{"uv":[11,12.5,11.5,12],"texture":"#2"},"down":{"uv":[10.5,12,11,12.5],"texture":"#2"}}},{"from":[4,5.5,5],"to":[4.5,7,5.5],"faces":{"north":{"uv":[2.5,13.5,2,15],"texture":"#2"},"south":{"uv":[2.5,13.5,3,15],"texture":"#2"},"west":{"uv":[3,13.5,3.5,15],"texture":"#2"},"up":{"uv":[3.5,3,4,2.5],"texture":"#2"},"down":{"uv":[11.5,12,12,12.5],"texture":"#2"}}},{"from":[4,7,4.5],"to":[4.5,8,5],"faces":{"north":{"uv":[2.5,8.5,2,9.5],"texture":"#2"},"south":{"uv":[2,9.5,2.5,10.5],"texture":"#2"},"up":{"uv":[3.5,2,4,1.5],"texture":"#2"},"down":{"uv":[3.5,2,4,2.5],"texture":"#2"}}},{"from":[4.5,3,4],"to":[5,3.5,4.5],"faces":{"north":{"uv":[5,11.5,4.5,12],"texture":"#2"},"south":{"uv":[5,11.5,5.5,12],"texture":"#2"},"west":{"uv":[15.5,13.5,16,14],"texture":"#2"},"down":{"uv":[3.5,1,4,1.5],"texture":"#2"}}},{"from":[4.5,3,5],"to":[5,3.5,5.5],"faces":{"north":{"uv":[4.5,1,4,1.5],"texture":"#2"},"south":{"uv":[4,0.5,4.5,1],"texture":"#2"},"west":{"uv":[5,11,5.5,11.5],"texture":"#2"},"down":{"uv":[4,2,4.5,2.5],"texture":"#2"}}},{"from":[4.5,4,3],"to":[5,4.5,3.5],"faces":{"north":{"uv":[7.5,11,7,11.5],"texture":"#2"},"west":{"uv":[9,11,9.5,11.5],"texture":"#2"},"up":{"uv":[6.5,11.5,7,11],"texture":"#2"},"down":{"uv":[6,11,6.5,11.5],"texture":"#2"}}},{"from":[4.5,4,6],"to":[5,4.5,6.5],"faces":{"south":{"uv":[12.5,11,13,11.5],"texture":"#2"},"west":{"uv":[14,11,14.5,11.5],"texture":"#2"},"up":{"uv":[11.5,11.5,12,11],"texture":"#2"},"down":{"uv":[11,11,11.5,11.5],"texture":"#2"}}},{"from":[4.5,8,4.5],"to":[5,8.5,5],"faces":{"north":{"uv":[5,9.5,4.5,10],"texture":"#2"},"south":{"uv":[4.5,9,5,9.5],"texture":"#2"},"west":{"uv":[4.5,8.5,5,9],"texture":"#2"},"up":{"uv":[15.5,11.5,16,11],"texture":"#2"}}},{"from":[5,2.5,4],"to":[5.5,3,4.5],"faces":{"north":{"uv":[11,15,10.5,15.5],"texture":"#2"},"south":{"uv":[11,15,11.5,15.5],"texture":"#2"},"west":{"uv":[11.5,15,12,15.5],"texture":"#2"}}},{"from":[5,2.5,5],"to":[5.5,3,5.5],"faces":{"north":{"uv":[14,15,13.5,15.5],"texture":"#2"},"south":{"uv":[14,15,14.5,15.5],"texture":"#2"},"west":{"uv":[14.5,15,15,15.5],"texture":"#2"}}},{"from":[5,3.5,2.5],"to":[5.5,5.5,3],"faces":{"north":{"uv":[0.5,14,0,16],"texture":"#2"},"east":{"uv":[1.5,4,1,6],"texture":"#2"},"west":{"uv":[1,2,1.5,4],"texture":"#2"},"up":{"uv":[15,14,15.5,13.5],"texture":"#2"},"down":{"uv":[15.5,15,16,15.5],"texture":"#2"}}},{"from":[5,3.5,6.5],"to":[5.5,5.5,7],"faces":{"east":{"uv":[0.5,2,0,4],"texture":"#2"},"south":{"uv":[1,8,1.5,10],"texture":"#2"},"west":{"uv":[0,12,0.5,14],"texture":"#2"},"up":{"uv":[2.5,4.5,3,4],"texture":"#2"},"down":{"uv":[2,0,2.5,0.5],"texture":"#2"}}},{"from":[5,8.5,4.5],"to":[5.5,9,5],"faces":{"north":{"uv":[3,2.5,2.5,3],"texture":"#2"},"south":{"uv":[2.5,2,3,2.5],"texture":"#2"},"west":{"uv":[2.5,1.5,3,2],"texture":"#2"}}},{"from":[5.5,2.5,3.5],"to":[6,3,4],"faces":{"north":{"uv":[3.5,13,3,13.5],"texture":"#2"},"east":{"uv":[5,13,4.5,13.5],"texture":"#2"},"west":{"uv":[4,13,4.5,13.5],"texture":"#2"}}},{"from":[5.5,2.5,5.5],"to":[6,3,6],"faces":{"east":{"uv":[8,13,7.5,13.5],"texture":"#2"},"south":{"uv":[6.5,13,7,13.5],"texture":"#2"},"west":{"uv":[7,13,7.5,13.5],"texture":"#2"}}},{"from":[5.5,3,3],"to":[6,3.5,3.5],"faces":{"north":{"uv":[9.5,13,9,13.5],"texture":"#2"},"east":{"uv":[11,13,10.5,13.5],"texture":"#2"},"west":{"uv":[10,13,10.5,13.5],"texture":"#2"},"down":{"uv":[8,13,8.5,13.5],"texture":"#2"}}},{"from":[5.5,3,6],"to":[6,3.5,6.5],"faces":{"east":{"uv":[14,13,13.5,13.5],"texture":"#2"},"south":{"uv":[12.5,13,13,13.5],"texture":"#2"},"west":{"uv":[13,13,13.5,13.5],"texture":"#2"},"down":{"uv":[11,13,11.5,13.5],"texture":"#2"}}},{"from":[5.5,4,2.5],"to":[7.5,4.5,3],"faces":{"north":{"uv":[3.5,15,1.5,15.5],"texture":"#2"},"east":{"uv":[15,13,14.5,13.5],"texture":"#2"},"up":{"uv":[13.5,16,15.5,15.5],"texture":"#2"},"down":{"uv":[11.5,15.5,13.5,16],"texture":"#2"}}},{"from":[5.5,4,6.5],"to":[7.5,4.5,7],"faces":{"east":{"uv":[16,13,15.5,13.5],"texture":"#2"},"south":{"uv":[9.5,15.5,11.5,16],"texture":"#2"},"up":{"uv":[5.5,16,7.5,15.5],"texture":"#2"},"down":{"uv":[3.5,15.5,5.5,16],"texture":"#2"}}},{"from":[5.5,5.5,2.5],"to":[6,7,3],"faces":{"north":{"uv":[4.5,13.5,4,15],"texture":"#2"},"east":{"uv":[6,13.5,5.5,15],"texture":"#2"},"west":{"uv":[5,13.5,5.5,15],"texture":"#2"},"up":{"uv":[3.5,13,4,12.5],"texture":"#2"},"down":{"uv":[3,12.5,3.5,13],"texture":"#2"}}},{"from":[5.5,5.5,6.5],"to":[6,7,7],"faces":{"east":{"uv":[2,0,1.5,1.5],"texture":"#2"},"south":{"uv":[1.5,9,2,10.5],"texture":"#2"},"west":{"uv":[1.5,7.5,2,9],"texture":"#2"},"up":{"uv":[4.5,13,5,12.5],"texture":"#2"},"down":{"uv":[4,12.5,4.5,13],"texture":"#2"}}},{"from":[6,7,2.5],"to":[6.5,8,3],"faces":{"north":{"uv":[3,7.5,2.5,8.5],"texture":"#2"},"east":{"uv":[2.5,2.5,2,3.5],"texture":"#2"},"west":{"uv":[2,1.5,2.5,2.5],"texture":"#2"},"up":{"uv":[5.5,13,6,12.5],"texture":"#2"},"down":{"uv":[5,12.5,5.5,13],"texture":"#2"}}},{"from":[6,7,6.5],"to":[6.5,8,7],"faces":{"east":{"uv":[2.5,7.5,2,8.5],"texture":"#2"},"south":{"uv":[15.5,14,16,15],"texture":"#2"},"west":{"uv":[2,6.5,2.5,7.5],"texture":"#2"},"up":{"uv":[6.5,13,7,12.5],"texture":"#2"},"down":{"uv":[6,12.5,6.5,13],"texture":"#2"}}},{"from":[6,8,3],"to":[6.5,8.5,3.5],"faces":{"north":{"uv":[8.5,12.5,8,13],"texture":"#2"},"east":{"uv":[10,12.5,9.5,13],"texture":"#2"},"west":{"uv":[9,12.5,9.5,13],"texture":"#2"},"up":{"uv":[7.5,13,8,12.5],"texture":"#2"}}},{"from":[6,8,6],"to":[6.5,8.5,6.5],"faces":{"east":{"uv":[13,12.5,12.5,13],"texture":"#2"},"south":{"uv":[11.5,12.5,12,13],"texture":"#2"},"west":{"uv":[12,12.5,12.5,13],"texture":"#2"},"up":{"uv":[10.5,13,11,12.5],"texture":"#2"}}},{"from":[6,8.5,3.5],"to":[6.5,9,4],"faces":{"north":{"uv":[14.5,12.5,14,13],"texture":"#2"},"east":{"uv":[16,12.5,15.5,13],"texture":"#2"},"west":{"uv":[15,12.5,15.5,13],"texture":"#2"}}},{"from":[6,8.5,5.5],"to":[6.5,9,6],"faces":{"east":{"uv":[3.5,9.5,3,10],"texture":"#2"},"south":{"uv":[3,10.5,3.5,11],"texture":"#2"},"west":{"uv":[3,10,3.5,10.5],"texture":"#2"}}},{"from":[6.5,2.5,3.5],"to":[7,3,4],"faces":{"north":{"uv":[3.5,8,3,8.5],"texture":"#2"},"east":{"uv":[3.5,6.5,3,7],"texture":"#2"},"west":{"uv":[3,7,3.5,7.5],"texture":"#2"}}},{"from":[6.5,2.5,5.5],"to":[7,3,6],"faces":{"east":{"uv":[3.5,3.5,3,4],"texture":"#2"},"south":{"uv":[3,4.5,3.5,5],"texture":"#2"},"west":{"uv":[3,4,3.5,4.5],"texture":"#2"}}},{"from":[6.5,3,3],"to":[7,3.5,3.5],"faces":{"north":{"uv":[3.5,2,3,2.5],"texture":"#2"},"east":{"uv":[3.5,0.5,3,1],"texture":"#2"},"west":{"uv":[3,1,3.5,1.5],"texture":"#2"},"down":{"uv":[3,3,3.5,3.5],"texture":"#2"}}},{"from":[6.5,3,6],"to":[7,3.5,6.5],"faces":{"east":{"uv":[6,12,5.5,12.5],"texture":"#2"},"south":{"uv":[4.5,12,5,12.5],"texture":"#2"},"west":{"uv":[5,12,5.5,12.5],"texture":"#2"},"down":{"uv":[3,0,3.5,0.5],"texture":"#2"}}},{"from":[6.5,5.5,2.5],"to":[7,7,3],"faces":{"north":{"uv":[6.5,13.5,6,15],"texture":"#2"},"east":{"uv":[8,13.5,7.5,15],"texture":"#2"},"west":{"uv":[7,13.5,7.5,15],"texture":"#2"},"up":{"uv":[6.5,12.5,7,12],"texture":"#2"},"down":{"uv":[6,12,6.5,12.5],"texture":"#2"}}},{"from":[6.5,5.5,6.5],"to":[7,7,7],"faces":{"east":{"uv":[10,13.5,9.5,15],"texture":"#2"},"south":{"uv":[8.5,13.5,9,15],"texture":"#2"},"west":{"uv":[9,13.5,9.5,15],"texture":"#2"},"up":{"uv":[9.5,12.5,10,12],"texture":"#2"},"down":{"uv":[9,12,9.5,12.5],"texture":"#2"}}},{"from":[7,2.5,4],"to":[7.5,3,4.5],"faces":{"north":{"uv":[13.5,12,13,12.5],"texture":"#2"},"east":{"uv":[15,12,14.5,12.5],"texture":"#2"},"south":{"uv":[13.5,12,14,12.5],"texture":"#2"}}},{"from":[7,2.5,5],"to":[7.5,3,5.5],"faces":{"north":{"uv":[4,11.5,3.5,12],"texture":"#2"},"east":{"uv":[4,10,3.5,10.5],"texture":"#2"},"south":{"uv":[3.5,11,4,11.5],"texture":"#2"}}},{"from":[7,3.5,2.5],"to":[7.5,4,3],"faces":{"north":{"uv":[4,8.5,3.5,9],"texture":"#2"},"east":{"uv":[4,7,3.5,7.5],"texture":"#2"},"west":{"uv":[3.5,7.5,4,8],"texture":"#2"},"down":{"uv":[3.5,9.5,4,10],"texture":"#2"}}},{"from":[7,3.5,6.5],"to":[7.5,4,7],"faces":{"east":{"uv":[4,4,3.5,4.5],"texture":"#2"},"south":{"uv":[3.5,5,4,5.5],"texture":"#2"},"west":{"uv":[3.5,4.5,4,5],"texture":"#2"},"down":{"uv":[3.5,6.5,4,7],"texture":"#2"}}},{"from":[7,4.5,2.5],"to":[7.5,5.5,3],"faces":{"north":{"uv":[2.5,0.5,2,1.5],"texture":"#2"},"east":{"uv":[3,10.5,2.5,11.5],"texture":"#2"},"west":{"uv":[2.5,11.5,3,12.5],"texture":"#2"},"up":{"uv":[3.5,3.5,4,3],"texture":"#2"}}},{"from":[7,4.5,6.5],"to":[7.5,5.5,7],"faces":{"east":{"uv":[15.5,14,15,15],"texture":"#2"},"south":{"uv":[2.5,8.5,3,9.5],"texture":"#2"},"west":{"uv":[2,3.5,2.5,4.5],"texture":"#2"},"up":{"uv":[3.5,0.5,4,0],"texture":"#2"}}},{"from":[7,8.5,4.5],"to":[7.5,9,5],"faces":{"north":{"uv":[7.5,11.5,7,12],"texture":"#2"},"east":{"uv":[9,11.5,8.5,12],"texture":"#2"},"south":{"uv":[7.5,11.5,8,12],"texture":"#2"}}},{"from":[7.5,3,4],"to":[8,3.5,4.5],"faces":{"north":{"uv":[10.5,11.5,10,12],"texture":"#2"},"east":{"uv":[12,11.5,11.5,12],"texture":"#2"},"south":{"uv":[10.5,11.5,11,12],"texture":"#2"},"down":{"uv":[9,11.5,9.5,12],"texture":"#2"}}},{"from":[7.5,3,5],"to":[8,3.5,5.5],"faces":{"north":{"uv":[13.5,11.5,13,12],"texture":"#2"},"east":{"uv":[15,11.5,14.5,12],"texture":"#2"},"south":{"uv":[13.5,11.5,14,12],"texture":"#2"},"down":{"uv":[12,11.5,12.5,12],"texture":"#2"}}},{"from":[7.5,4,3],"to":[8,4.5,3.5],"faces":{"north":{"uv":[4.5,11,4,11.5],"texture":"#2"},"east":{"uv":[4.5,9.5,4,10],"texture":"#2"},"up":{"uv":[15.5,12,16,11.5],"texture":"#2"},"down":{"uv":[15,11.5,15.5,12],"texture":"#2"}}},{"from":[7.5,4,6],"to":[8,4.5,6.5],"faces":{"east":{"uv":[4.5,6.5,4,7],"texture":"#2"},"south":{"uv":[4,7.5,4.5,8],"texture":"#2"},"up":{"uv":[4,9,4.5,8.5],"texture":"#2"},"down":{"uv":[4,9,4.5,9.5],"texture":"#2"}}},{"from":[7.5,8,4.5],"to":[8,8.5,5],"faces":{"north":{"uv":[4.5,5,4,5.5],"texture":"#2"},"east":{"uv":[4.5,3.5,4,4],"texture":"#2"},"south":{"uv":[4,4.5,4.5,5],"texture":"#2"},"up":{"uv":[4.5,8.5,5,8],"texture":"#2"}}},{"from":[8,3.5,3.5],"to":[8.5,5.5,4],"faces":{"north":{"uv":[1.5,10,1,12],"texture":"#2"},"east":{"uv":[1,0,0.5,2],"texture":"#2"},"south":{"uv":[1,12,1.5,14],"texture":"#2"},"up":{"uv":[4,3,4.5,2.5],"texture":"#2"},"down":{"uv":[4,3,4.5,3.5],"texture":"#2"}}},{"from":[8,3.5,5.5],"to":[8.5,5.5,6],"faces":{"north":{"uv":[1,4,0.5,6],"texture":"#2"},"east":{"uv":[0.5,0,0,2],"texture":"#2"},"south":{"uv":[0.5,6,1,8],"texture":"#2"},"up":{"uv":[4.5,11.5,5,11],"texture":"#2"},"down":{"uv":[4,0,4.5,0.5],"texture":"#2"}}},{"from":[8,4,4],"to":[8.5,4.5,5.5],"faces":{"east":{"uv":[9.5,15,8,15.5],"texture":"#2"},"up":{"uv":[10.5,15,11,13.5],"texture":"#2"},"down":{"uv":[10,13.5,10.5,15],"texture":"#2"}}},{"from":[8,5.5,4],"to":[8.5,7,4.5],"faces":{"north":{"uv":[11.5,13.5,11,15],"texture":"#2"},"east":{"uv":[13,13.5,12.5,15],"texture":"#2"},"south":{"uv":[11.5,13.5,12,15],"texture":"#2"},"up":{"uv":[10.5,11.5,11,11],"texture":"#2"},"down":{"uv":[10,11,10.5,11.5],"texture":"#2"}}},{"from":[8,5.5,5],"to":[8.5,7,5.5],"faces":{"north":{"uv":[13.5,13.5,13,15],"texture":"#2"},"east":{"uv":[15,13.5,14.5,15],"texture":"#2"},"south":{"uv":[13.5,13.5,14,15],"texture":"#2"},"up":{"uv":[13.5,11.5,14,11],"texture":"#2"},"down":{"uv":[13,11,13.5,11.5],"texture":"#2"}}},{"from":[8,7,4.5],"to":[8.5,8,5],"faces":{"north":{"uv":[3,6.5,2.5,7.5],"texture":"#2"},"south":{"uv":[2.5,5.5,3,6.5],"texture":"#2"},"up":{"uv":[4.5,10.5,5,10],"texture":"#2"},"down":{"uv":[4.5,10.5,5,11],"texture":"#2"}}},{"from":[3,7,4.5],"to":[3.5,7.5,5],"faces":{"west":{"uv":[12.96,0.96,15.04,3.04],"texture":"#2"}}}]}
