{"textures":{"0":"dungoen/pempty","particle":"block/bookshelf"},"elements":[{"from":[9.5,0,1],"to":[17.5,0.2,10.5],"rotation":{"angle":-45,"axis":"y","origin":[9.5,0,1]},"faces":{"north":{"uv":[5,15.75,13,16],"texture":"#0"},"east":{"uv":[2.75,15.75,13.75,16],"texture":"#0"},"south":{"uv":[3,15.75,11,16],"texture":"#0"},"west":{"uv":[2.25,15.75,13.25,16],"texture":"#0"},"up":{"uv":[1,1,10.5,12.5],"texture":"#0"},"down":{"uv":[11,0,16,8.5],"texture":"#0"}}},{"from":[12,0,10.5],"to":[17.5,0.2,12],"rotation":{"angle":-45,"axis":"y","origin":[9.5,0,1]},"faces":{"east":{"uv":[2.75,15.75,13.75,16],"texture":"#0"},"south":{"uv":[3,15.75,11,16],"texture":"#0"},"west":{"uv":[2.25,15.75,13.25,16],"texture":"#0"},"up":{"uv":[0,0,6,1.5],"texture":"#0"},"down":{"uv":[11,0,16,8.5],"texture":"#0"}}},{"from":[11,0,10.5],"to":[12,0.2,11.5],"rotation":{"angle":-45,"axis":"y","origin":[9.5,0,1]},"faces":{"south":{"uv":[3,15.75,11,16],"texture":"#0"},"west":{"uv":[2.25,15.75,13.25,16],"texture":"#0"},"up":{"uv":[1.5,1,2.5,2],"texture":"#0"},"down":{"uv":[11,0,16,8.5],"texture":"#0"}}},{"from":[-0.5834,0,4.0943],"to":[0.4166,0.2,5.5943],"rotation":{"angle":22.5,"axis":"y","origin":[9.5,0,1]},"faces":{"north":{"uv":[2.25,15.75,13.25,16],"texture":"#0"},"east":{"uv":[5,15.75,13,16],"texture":"#0"},"south":{"uv":[2.75,15.75,13.75,16],"texture":"#0"},"up":{"uv":[1,1,3,2.5],"rotation":90,"texture":"#0"},"down":{"uv":[11,0,16,8.5],"rotation":270,"texture":"#0"}}},{"from":[-1.0834,0,4.0943],"to":[-0.5834,0.2,6.5943],"rotation":{"angle":22.5,"axis":"y","origin":[9.5,0,1]},"faces":{"north":{"uv":[2.25,15.75,13.25,16],"texture":"#0"},"east":{"uv":[5,15.75,13,16],"texture":"#0"},"south":{"uv":[2.75,15.75,13.75,16],"texture":"#0"},"west":{"uv":[3,15.75,11,16],"texture":"#0"},"up":{"uv":[3,1.5,7,2.5],"rotation":90,"texture":"#0"},"down":{"uv":[11,0,16,8.5],"rotation":270,"texture":"#0"}}}]}
