{"textures":{"0":"block/green_terracotta","1":"block/brown_concrete","2":"block/cyan_terracotta","3":"block/brown_terracotta","4":"block/white_concrete","5":"dungoen/pedestel","6":"block/glass","7":"dungoen/cc","particle":"block/bookshelf"},"elements":[{"from":[5.8,9.68,6.24],"to":[11.08,9.68,6.68],"rotation":{"angle":-22.5,"axis":"y","origin":[11,6.5,11]},"faces":{"up":{"uv":[3,4,15,5],"texture":"#2"}}},{"from":[5.8,9.68,6.68],"to":[7.12,9.68,9.76],"rotation":{"angle":-22.5,"axis":"y","origin":[11,6.5,11]},"faces":{"up":{"uv":[3,5,6,12],"texture":"#2"}}},{"from":[6.24,9.68,9.76],"to":[6.68,9.68,10.2],"rotation":{"angle":-22.5,"axis":"y","origin":[11,6.5,11]},"faces":{"up":{"uv":[4,12,5,13],"texture":"#2"}}},{"from":[4.48,7.92,4.92],"to":[4.48,8.36,9.76],"rotation":{"angle":-22.5,"axis":"y","origin":[11,6.5,11]},"faces":{"west":{"uv":[1,3,12,4],"texture":"#2"}}},{"from":[4.92,7.92,5.36],"to":[4.92,8.36,9.32],"rotation":{"angle":-22.5,"axis":"y","origin":[11,6.5,11]},"faces":{"east":{"uv":[5,3,14,4],"texture":"#2"}}},{"from":[5.36,4.4,5.8],"to":[5.36,6.16,6.24],"rotation":{"angle":-22.5,"axis":"y","origin":[11,6.5,11]},"faces":{"east":{"uv":[12,8,13,12],"texture":"#2"}}},{"from":[5.36,8.36,5.8],"to":[5.36,8.8,9.32],"rotation":{"angle":-22.5,"axis":"y","origin":[11,6.5,11]},"faces":{"east":{"uv":[5,2,13,3],"texture":"#2"}}},{"from":[5.36,4.4,6.24],"to":[5.36,4.84,7.12],"rotation":{"angle":-22.5,"axis":"y","origin":[11,6.5,11]},"faces":{"east":{"uv":[10,11,12,12],"texture":"#2"}}},{"from":[5.36,5.72,6.24],"to":[5.36,6.16,8],"rotation":{"angle":-22.5,"axis":"y","origin":[11,6.5,11]},"faces":{"east":{"uv":[8,8,12,9],"texture":"#2"}}},{"from":[5.36,7.92,9.32],"to":[5.36,8.36,9.76],"rotation":{"angle":-22.5,"axis":"y","origin":[11,6.5,11]},"faces":{"east":{"uv":[4,3,5,4],"texture":"#2"}}},{"from":[5.36,4.4,8],"to":[5.36,6.16,8.44],"rotation":{"angle":-22.5,"axis":"y","origin":[11,6.5,11]},"faces":{"east":{"uv":[7,8,8,12],"texture":"#2"}}},{"from":[5.36,4.4,7.56],"to":[5.36,4.84,8],"rotation":{"angle":-22.5,"axis":"y","origin":[11,6.5,11]},"faces":{"east":{"uv":[8,11,9,12],"texture":"#2"}}},{"from":[5.8,4.84,5.36],"to":[5.8,5.72,5.8],"rotation":{"angle":-22.5,"axis":"y","origin":[11,6.5,11]},"faces":{"east":{"uv":[13,9,14,11],"texture":"#2"}}},{"from":[5.8,8.8,6.24],"to":[5.8,9.24,9.32],"rotation":{"angle":-22.5,"axis":"y","origin":[11,6.5,11]},"faces":{"east":{"uv":[5,1,12,2],"texture":"#2"}}},{"from":[5.8,8.36,9.32],"to":[5.8,8.8,9.76],"rotation":{"angle":-22.5,"axis":"y","origin":[11,6.5,11]},"faces":{"east":{"uv":[4,2,5,3],"texture":"#2"}}},{"from":[5.8,4.84,8.44],"to":[5.8,5.72,8.88],"rotation":{"angle":-22.5,"axis":"y","origin":[11,6.5,11]},"faces":{"east":{"uv":[6,9,7,11],"texture":"#2"}}},{"from":[6.24,8.8,9.32],"to":[6.24,9.24,9.76],"rotation":{"angle":-22.5,"axis":"y","origin":[11,6.5,11]},"faces":{"east":{"uv":[4,1,5,2],"texture":"#2"}}},{"from":[6.68,9.24,9.76],"to":[6.68,9.68,10.2],"rotation":{"angle":-22.5,"axis":"y","origin":[11,6.5,11]},"faces":{"east":{"uv":[3,0,4,1],"texture":"#2"}}},{"from":[7.12,9.24,6.68],"to":[7.12,9.68,9.76],"rotation":{"angle":-22.5,"axis":"y","origin":[11,6.5,11]},"faces":{"east":{"uv":[4,0,11,1],"texture":"#2"}}},{"from":[7.56,8.8,7.12],"to":[7.56,9.24,9.76],"rotation":{"angle":-22.5,"axis":"y","origin":[11,6.5,11]},"faces":{"east":{"uv":[4,1,10,2],"texture":"#2"}}},{"from":[8,4.4,7.56],"to":[8,6.16,8.44],"rotation":{"angle":-22.5,"axis":"y","origin":[11,6.5,11]},"faces":{"east":{"uv":[7,8,9,12],"texture":"#2"}}},{"from":[8,8.36,7.56],"to":[8,8.8,9.76],"rotation":{"angle":-22.5,"axis":"y","origin":[11,6.5,11]},"faces":{"east":{"uv":[4,2,9,3],"texture":"#2"}}},{"from":[8.44,4.84,5.36],"to":[8.44,5.72,5.8],"rotation":{"angle":-22.5,"axis":"y","origin":[11,6.5,11]},"faces":{"east":{"uv":[13,9,14,11],"texture":"#2"}}},{"from":[8.44,4.4,7.12],"to":[8.44,5.28,7.56],"rotation":{"angle":-22.5,"axis":"y","origin":[11,6.5,11]},"faces":{"east":{"uv":[9,10,10,12],"texture":"#2"}}},{"from":[8.44,7.92,8],"to":[8.44,8.36,9.76],"rotation":{"angle":-22.5,"axis":"y","origin":[11,6.5,11]},"faces":{"east":{"uv":[4,3,8,4],"texture":"#2"}}},{"from":[10.2,4.4,5.8],"to":[10.2,6.16,7.12],"rotation":{"angle":-22.5,"axis":"y","origin":[11,6.5,11]},"faces":{"east":{"uv":[10,8,13,12],"texture":"#2"}}},{"from":[11.08,7.92,4.92],"to":[11.08,8.36,5.36],"rotation":{"angle":-22.5,"axis":"y","origin":[11,6.5,11]},"faces":{"east":{"uv":[14,3,15,4],"texture":"#2"}}},{"from":[11.08,7.92,5.36],"to":[11.08,8.8,5.8],"rotation":{"angle":-22.5,"axis":"y","origin":[11,6.5,11]},"faces":{"east":{"uv":[13,2,14,4],"texture":"#2"}}},{"from":[11.08,8.36,5.8],"to":[11.08,9.24,6.24],"rotation":{"angle":-22.5,"axis":"y","origin":[11,6.5,11]},"faces":{"east":{"uv":[12,1,13,3],"texture":"#2"}}},{"from":[11.08,8.8,6.24],"to":[11.08,9.68,6.68],"rotation":{"angle":-22.5,"axis":"y","origin":[11,6.5,11]},"faces":{"east":{"uv":[11,0,12,2],"texture":"#2"}}},{"from":[11.08,8.36,6.68],"to":[11.08,9.24,7.12],"rotation":{"angle":-22.5,"axis":"y","origin":[11,6.5,11]},"faces":{"east":{"uv":[10,1,11,3],"texture":"#2"}}},{"from":[11.08,7.92,7.12],"to":[11.08,8.8,7.56],"rotation":{"angle":-22.5,"axis":"y","origin":[11,6.5,11]},"faces":{"east":{"uv":[9,2,10,4],"texture":"#2"}}},{"from":[11.08,7.92,7.56],"to":[11.08,8.36,8],"rotation":{"angle":-22.5,"axis":"y","origin":[11,6.5,11]},"faces":{"east":{"uv":[8,3,9,4],"texture":"#2"}}},{"from":[4.92,8.36,5.36],"to":[4.92,8.8,9.76],"rotation":{"angle":-22.5,"axis":"y","origin":[11,6.5,11]},"faces":{"west":{"uv":[2,2,12,3],"texture":"#2"}}},{"from":[4.92,4.4,5.8],"to":[4.92,6.16,6.24],"rotation":{"angle":-22.5,"axis":"y","origin":[11,6.5,11]},"faces":{"west":{"uv":[3,8,4,12],"texture":"#2"}}},{"from":[4.92,5.72,6.24],"to":[4.92,6.16,8],"rotation":{"angle":-22.5,"axis":"y","origin":[11,6.5,11]},"faces":{"west":{"uv":[4,8,8,9],"texture":"#2"}}},{"from":[4.92,4.4,6.24],"to":[4.92,4.84,8],"rotation":{"angle":-22.5,"axis":"y","origin":[11,6.5,11]},"faces":{"west":{"uv":[4,11,8,12],"texture":"#2"}}},{"from":[4.92,4.4,8],"to":[4.92,6.16,8.44],"rotation":{"angle":-22.5,"axis":"y","origin":[11,6.5,11]},"faces":{"west":{"uv":[8,8,9,12],"texture":"#2"}}},{"from":[5.36,8.8,5.8],"to":[5.36,9.24,9.76],"rotation":{"angle":-22.5,"axis":"y","origin":[11,6.5,11]},"faces":{"west":{"uv":[3,1,12,2],"texture":"#2"}}},{"from":[5.8,9.24,6.24],"to":[5.8,9.68,9.76],"rotation":{"angle":-22.5,"axis":"y","origin":[11,6.5,11]},"faces":{"west":{"uv":[4,0,12,1],"texture":"#2"}}},{"from":[6.24,9.24,9.76],"to":[6.24,9.68,10.2],"rotation":{"angle":-22.5,"axis":"y","origin":[11,6.5,11]},"faces":{"west":{"uv":[12,0,13,1],"texture":"#2"}}},{"from":[6.68,8.8,9.32],"to":[6.68,9.24,9.76],"rotation":{"angle":-22.5,"axis":"y","origin":[11,6.5,11]},"faces":{"west":{"uv":[11,1,12,2],"texture":"#2"}}},{"from":[7.12,4.84,5.36],"to":[7.12,5.72,5.8],"rotation":{"angle":-22.5,"axis":"y","origin":[11,6.5,11]},"faces":{"west":{"uv":[2,9,3,11],"texture":"#2"}}},{"from":[7.12,8.8,6.68],"to":[7.12,9.24,9.32],"rotation":{"angle":-22.5,"axis":"y","origin":[11,6.5,11]},"faces":{"west":{"uv":[5,1,11,2],"texture":"#2"}}},{"from":[7.12,8.36,9.32],"to":[7.12,8.8,9.76],"rotation":{"angle":-22.5,"axis":"y","origin":[11,6.5,11]},"faces":{"west":{"uv":[11,2,12,3],"texture":"#2"}}},{"from":[7.12,4.84,8.44],"to":[7.12,5.72,8.88],"rotation":{"angle":-22.5,"axis":"y","origin":[11,6.5,11]},"faces":{"west":{"uv":[9,9,10,11],"texture":"#2"}}},{"from":[7.56,8.36,7.12],"to":[7.56,8.8,9.32],"rotation":{"angle":-22.5,"axis":"y","origin":[11,6.5,11]},"faces":{"west":{"uv":[6,2,11,3],"texture":"#2"}}},{"from":[7.56,4.4,7.56],"to":[7.56,6.16,8.44],"rotation":{"angle":-22.5,"axis":"y","origin":[11,6.5,11]},"faces":{"west":{"uv":[7,8,9,12],"texture":"#2"}}},{"from":[7.56,7.92,9.32],"to":[7.56,8.36,9.76],"rotation":{"angle":-22.5,"axis":"y","origin":[11,6.5,11]},"faces":{"west":{"uv":[11,3,12,4],"texture":"#2"}}},{"from":[8,4.84,7.12],"to":[8,6.16,7.56],"rotation":{"angle":-22.5,"axis":"y","origin":[11,6.5,11]},"faces":{"west":{"uv":[6,8,7,11],"texture":"#2"}}},{"from":[8,7.92,7.56],"to":[8,8.36,9.32],"rotation":{"angle":-22.5,"axis":"y","origin":[11,6.5,11]},"faces":{"west":{"uv":[7,3,11,4],"texture":"#2"}}},{"from":[8.88,4.4,7.12],"to":[8.88,5.28,7.56],"rotation":{"angle":-22.5,"axis":"y","origin":[11,6.5,11]},"faces":{"west":{"uv":[6,10,7,12],"texture":"#2"}}},{"from":[9.32,4.84,5.36],"to":[9.32,5.72,5.8],"rotation":{"angle":-22.5,"axis":"y","origin":[11,6.5,11]},"faces":{"west":{"uv":[2,9,3,11],"texture":"#2"}}},{"from":[9.76,4.4,5.8],"to":[9.76,6.16,7.12],"rotation":{"angle":-22.5,"axis":"y","origin":[11,6.5,11]},"faces":{"west":{"uv":[3,8,6,12],"texture":"#2"}}},{"from":[10.64,7.92,5.36],"to":[10.64,8.36,5.8],"rotation":{"angle":-22.5,"axis":"y","origin":[11,6.5,11]},"faces":{"west":{"uv":[2,3,3,4],"texture":"#2"}}},{"from":[10.64,8.36,5.8],"to":[10.64,8.8,6.24],"rotation":{"angle":-22.5,"axis":"y","origin":[11,6.5,11]},"faces":{"west":{"uv":[3,2,4,3],"texture":"#2"}}},{"from":[10.64,8.8,6.24],"to":[10.64,9.24,6.68],"rotation":{"angle":-22.5,"axis":"y","origin":[11,6.5,11]},"faces":{"west":{"uv":[4,1,5,2],"texture":"#2"}}},{"from":[10.64,8.36,6.68],"to":[10.64,8.8,7.12],"rotation":{"angle":-22.5,"axis":"y","origin":[11,6.5,11]},"faces":{"west":{"uv":[5,2,6,3],"texture":"#2"}}},{"from":[10.64,7.92,7.12],"to":[10.64,8.36,7.56],"rotation":{"angle":-22.5,"axis":"y","origin":[11,6.5,11]},"faces":{"west":{"uv":[6,3,7,4],"texture":"#2"}}},{"from":[5.36,4.4,5.8],"to":[9.76,4.4,6.24],"rotation":{"angle":-22.5,"axis":"y","origin":[11,6.5,11]},"faces":{"up":{"uv":[2,3,12,4],"texture":"#2"}}},{"from":[5.36,4.4,6.24],"to":[5.8,4.4,6.68],"rotation":{"angle":-22.5,"axis":"y","origin":[11,6.5,11]},"faces":{"up":{"uv":[2,4,3,5],"texture":"#2"}}},{"from":[6.24,4.4,6.24],"to":[7.12,4.4,6.68],"rotation":{"angle":-22.5,"axis":"y","origin":[11,6.5,11]},"faces":{"up":{"uv":[4,4,6,5],"texture":"#2"}}},{"from":[7.56,4.4,6.24],"to":[8.44,4.4,6.68],"rotation":{"angle":-22.5,"axis":"y","origin":[11,6.5,11]},"faces":{"up":{"uv":[7,4,9,5],"texture":"#2"}}},{"from":[8.88,4.4,6.24],"to":[9.76,4.4,6.68],"rotation":{"angle":-22.5,"axis":"y","origin":[11,6.5,11]},"faces":{"up":{"uv":[10,4,12,5],"texture":"#2"}}},{"from":[5.36,4.4,10.2],"to":[5.8,4.4,10.64],"rotation":{"angle":-22.5,"axis":"y","origin":[11,6.5,11]},"faces":{"up":{"uv":[2,13,3,14],"texture":"#2"}}},{"from":[9.32,4.4,9.76],"to":[9.76,4.4,10.2],"rotation":{"angle":-22.5,"axis":"y","origin":[11,6.5,11]},"faces":{"up":{"uv":[11,12,12,13],"texture":"#2"}}},{"from":[5.36,4.4,6.68],"to":[9.76,4.4,7.12],"rotation":{"angle":-22.5,"axis":"y","origin":[11,6.5,11]},"faces":{"up":{"uv":[2,5,12,6],"texture":"#2"}}},{"from":[8.44,4.4,7.12],"to":[8.88,4.4,7.56],"rotation":{"angle":-22.5,"axis":"y","origin":[11,6.5,11]},"faces":{"up":{"uv":[9,6,10,7],"texture":"#2"}}},{"from":[7.56,4.4,10.2],"to":[8.44,4.4,10.64],"rotation":{"angle":-22.5,"axis":"y","origin":[11,6.5,11]},"faces":{"up":{"uv":[7,13,9,14],"texture":"#2"}}},{"from":[5.36,4.4,7.56],"to":[7.56,4.4,8.44],"rotation":{"angle":-22.5,"axis":"y","origin":[11,6.5,11]},"faces":{"up":{"uv":[2,7,7,9],"texture":"#2"}}},{"from":[8.88,4.4,8],"to":[9.32,4.4,8.44],"rotation":{"angle":-22.5,"axis":"y","origin":[11,6.5,11]},"faces":{"up":{"uv":[10,8,11,9],"texture":"#2"}}},{"from":[6.68,4.4,10.2],"to":[7.12,4.4,10.64],"rotation":{"angle":-22.5,"axis":"y","origin":[11,6.5,11]},"faces":{"up":{"uv":[5,13,6,14],"texture":"#2"}}},{"from":[7.56,4.4,9.76],"to":[8.88,4.4,10.2],"rotation":{"angle":-22.5,"axis":"y","origin":[11,6.5,11]},"faces":{"up":{"uv":[7,12,10,13],"texture":"#2"}}},{"from":[8.88,4.4,8.44],"to":[9.76,4.4,8.88],"rotation":{"angle":-22.5,"axis":"y","origin":[11,6.5,11]},"faces":{"up":{"uv":[10,9,12,10],"texture":"#2"}}},{"from":[8.44,4.4,8.88],"to":[9.76,4.4,9.32],"rotation":{"angle":-22.5,"axis":"y","origin":[11,6.5,11]},"faces":{"up":{"uv":[9,10,12,11],"texture":"#2"}}},{"from":[10.2,4.4,8.88],"to":[10.64,4.4,9.32],"rotation":{"angle":-22.5,"axis":"y","origin":[11,6.5,11]},"faces":{"up":{"uv":[13,10,14,11],"texture":"#2"}}},{"from":[6.68,4.4,9.32],"to":[7.56,4.4,9.76],"rotation":{"angle":-22.5,"axis":"y","origin":[11,6.5,11]},"faces":{"up":{"uv":[5,11,7,12],"texture":"#2"}}},{"from":[8,4.4,9.32],"to":[9.32,4.4,9.76],"rotation":{"angle":-22.5,"axis":"y","origin":[11,6.5,11]},"faces":{"up":{"uv":[8,11,11,12],"texture":"#2"}}},{"from":[5.8,4.4,9.76],"to":[7.12,4.4,10.2],"rotation":{"angle":-22.5,"axis":"y","origin":[11,6.5,11]},"faces":{"up":{"uv":[3,12,6,13],"texture":"#2"}}},{"from":[5.8,4.84,5.36],"to":[7.12,4.84,5.8],"rotation":{"angle":-22.5,"axis":"y","origin":[11,6.5,11]},"faces":{"up":{"uv":[3,2,6,3],"texture":"#2"}}},{"from":[8.44,4.84,5.36],"to":[9.32,4.84,5.8],"rotation":{"angle":-22.5,"axis":"y","origin":[11,6.5,11]},"faces":{"up":{"uv":[9,2,11,3],"texture":"#2"}}},{"from":[4.92,4.84,6.24],"to":[5.36,4.84,8],"rotation":{"angle":-22.5,"axis":"y","origin":[11,6.5,11]},"faces":{"up":{"uv":[1,4,2,8],"texture":"#2"}}},{"from":[5.8,4.84,8.44],"to":[7.12,4.84,8.88],"rotation":{"angle":-22.5,"axis":"y","origin":[11,6.5,11]},"faces":{"up":{"uv":[3,9,6,10],"texture":"#2"}}},{"from":[9.76,6.16,5.8],"to":[10.2,6.16,7.12],"rotation":{"angle":-22.5,"axis":"y","origin":[11,6.5,11]},"faces":{"up":{"uv":[12,3,13,6],"texture":"#2"}}},{"from":[5.36,6.16,8.44],"to":[7.56,6.16,8.88],"rotation":{"angle":-22.5,"axis":"y","origin":[11,6.5,11]},"faces":{"up":{"uv":[2,9,7,10],"texture":"#2"}}},{"from":[4.48,8.36,4.92],"to":[11.08,8.36,5.36],"rotation":{"angle":-22.5,"axis":"y","origin":[11,6.5,11]},"faces":{"up":{"uv":[0,1,15,2],"texture":"#2"}}},{"from":[4.48,8.36,5.36],"to":[4.92,8.36,9.76],"rotation":{"angle":-22.5,"axis":"y","origin":[11,6.5,11]},"faces":{"up":{"uv":[0,2,1,12],"texture":"#2"}}},{"from":[8,8.36,8],"to":[8.44,8.36,9.76],"rotation":{"angle":-22.5,"axis":"y","origin":[11,6.5,11]},"faces":{"up":{"uv":[8,8,9,12],"texture":"#2"}}},{"from":[8,8.36,7.56],"to":[11.08,8.36,8],"rotation":{"angle":-22.5,"axis":"y","origin":[11,6.5,11]},"faces":{"up":{"uv":[8,7,15,8],"texture":"#2"}}},{"from":[4.92,8.8,5.36],"to":[11.08,8.8,5.8],"rotation":{"angle":-22.5,"axis":"y","origin":[11,6.5,11]},"faces":{"up":{"uv":[1,2,15,3],"texture":"#2"}}},{"from":[4.92,8.8,5.8],"to":[5.36,8.8,9.76],"rotation":{"angle":-22.5,"axis":"y","origin":[11,6.5,11]},"faces":{"up":{"uv":[1,3,2,12],"texture":"#2"}}},{"from":[7.56,8.8,7.56],"to":[8,8.8,9.76],"rotation":{"angle":-22.5,"axis":"y","origin":[11,6.5,11]},"faces":{"up":{"uv":[7,7,8,12],"texture":"#2"}}},{"from":[7.56,8.8,7.12],"to":[11.08,8.8,7.56],"rotation":{"angle":-22.5,"axis":"y","origin":[11,6.5,11]},"faces":{"up":{"uv":[7,6,15,7],"texture":"#2"}}},{"from":[5.36,9.24,5.8],"to":[11.08,9.24,6.24],"rotation":{"angle":-22.5,"axis":"y","origin":[11,6.5,11]},"faces":{"up":{"uv":[2,3,15,4],"texture":"#2"}}},{"from":[5.36,9.24,6.24],"to":[5.8,9.24,9.76],"rotation":{"angle":-22.5,"axis":"y","origin":[11,6.5,11]},"faces":{"up":{"uv":[2,4,3,12],"texture":"#2"}}},{"from":[7.12,9.24,7.12],"to":[7.56,9.24,9.76],"rotation":{"angle":-22.5,"axis":"y","origin":[11,6.5,11]},"faces":{"up":{"uv":[6,6,7,12],"texture":"#2"}}},{"from":[7.12,9.24,6.68],"to":[11.08,9.24,7.12],"rotation":{"angle":-22.5,"axis":"y","origin":[11,6.5,11]},"faces":{"up":{"uv":[6,5,15,6],"texture":"#2"}}},{"from":[8.44,5.28,7.12],"to":[8.88,5.28,7.56],"rotation":{"angle":-22.5,"axis":"y","origin":[11,6.5,11]},"faces":{"down":{"uv":[9,9,10,10],"texture":"#2"}}},{"from":[5.8,5.72,5.36],"to":[7.12,5.72,5.8],"rotation":{"angle":-22.5,"axis":"y","origin":[11,6.5,11]},"faces":{"down":{"uv":[3,13,6,14],"texture":"#2"}}},{"from":[8.44,5.72,5.36],"to":[9.32,5.72,5.8],"rotation":{"angle":-22.5,"axis":"y","origin":[11,6.5,11]},"faces":{"down":{"uv":[9,13,11,14],"texture":"#2"}}},{"from":[4.92,5.72,6.24],"to":[5.36,5.72,8],"rotation":{"angle":-22.5,"axis":"y","origin":[11,6.5,11]},"faces":{"down":{"uv":[1,8,2,12],"texture":"#2"}}},{"from":[5.8,5.72,8.44],"to":[7.12,5.72,8.88],"rotation":{"angle":-22.5,"axis":"y","origin":[11,6.5,11]},"faces":{"down":{"uv":[3,6,6,7],"texture":"#2"}}},{"from":[4.48,7.92,4.92],"to":[11.08,7.92,5.36],"rotation":{"angle":-22.5,"axis":"y","origin":[11,6.5,11]},"faces":{"down":{"uv":[0,14,15,15],"texture":"#2"}}},{"from":[4.48,7.92,5.36],"to":[4.92,7.92,9.32],"rotation":{"angle":-22.5,"axis":"y","origin":[11,6.5,11]},"faces":{"down":{"uv":[0,5,1,14],"texture":"#2"}}},{"from":[10.64,7.92,5.36],"to":[11.08,7.92,5.8],"rotation":{"angle":-22.5,"axis":"y","origin":[11,6.5,11]},"faces":{"down":{"uv":[14,13,15,14],"texture":"#2"}}},{"from":[7.56,7.92,9.32],"to":[8.44,7.92,9.76],"rotation":{"angle":-22.5,"axis":"y","origin":[11,6.5,11]},"faces":{"down":{"uv":[7,4,9,5],"texture":"#2"}}},{"from":[4.48,7.92,9.32],"to":[5.36,7.92,9.76],"rotation":{"angle":-22.5,"axis":"y","origin":[11,6.5,11]},"faces":{"down":{"uv":[0,4,2,5],"texture":"#2"}}},{"from":[8,7.92,8],"to":[8.44,7.92,9.32],"rotation":{"angle":-22.5,"axis":"y","origin":[11,6.5,11]},"faces":{"down":{"uv":[8,5,9,8],"texture":"#2"}}},{"from":[8,7.92,7.56],"to":[11.08,7.92,8],"rotation":{"angle":-22.5,"axis":"y","origin":[11,6.5,11]},"faces":{"down":{"uv":[8,8,15,9],"texture":"#2"}}},{"from":[10.64,7.92,7.12],"to":[11.08,7.92,7.56],"rotation":{"angle":-22.5,"axis":"y","origin":[11,6.5,11]},"faces":{"down":{"uv":[14,9,15,10],"texture":"#2"}}},{"from":[4.92,8.36,5.36],"to":[10.64,8.36,5.8],"rotation":{"angle":-22.5,"axis":"y","origin":[11,6.5,11]},"faces":{"down":{"uv":[1,13,14,14],"texture":"#2"}}},{"from":[4.92,8.36,5.8],"to":[5.36,8.36,9.32],"rotation":{"angle":-22.5,"axis":"y","origin":[11,6.5,11]},"faces":{"down":{"uv":[1,5,2,13],"texture":"#2"}}},{"from":[10.64,8.36,5.8],"to":[11.08,8.36,6.24],"rotation":{"angle":-22.5,"axis":"y","origin":[11,6.5,11]},"faces":{"down":{"uv":[14,12,15,13],"texture":"#2"}}},{"from":[7.12,8.36,9.32],"to":[7.56,8.36,9.76],"rotation":{"angle":-22.5,"axis":"y","origin":[11,6.5,11]},"faces":{"down":{"uv":[6,4,7,5],"texture":"#2"}}},{"from":[5.36,8.36,9.32],"to":[5.8,8.36,9.76],"rotation":{"angle":-22.5,"axis":"y","origin":[11,6.5,11]},"faces":{"down":{"uv":[2,4,3,5],"texture":"#2"}}},{"from":[10.64,8.36,6.68],"to":[11.08,8.36,7.12],"rotation":{"angle":-22.5,"axis":"y","origin":[11,6.5,11]},"faces":{"down":{"uv":[14,10,15,11],"texture":"#2"}}},{"from":[7.56,8.36,7.56],"to":[8,8.36,9.32],"rotation":{"angle":-22.5,"axis":"y","origin":[11,6.5,11]},"faces":{"down":{"uv":[7,5,8,9],"texture":"#2"}}},{"from":[7.56,8.36,7.12],"to":[10.64,8.36,7.56],"rotation":{"angle":-22.5,"axis":"y","origin":[11,6.5,11]},"faces":{"down":{"uv":[7,9,14,10],"texture":"#2"}}},{"from":[5.36,8.8,5.8],"to":[10.64,8.8,6.24],"rotation":{"angle":-22.5,"axis":"y","origin":[11,6.5,11]},"faces":{"down":{"uv":[2,12,14,13],"texture":"#2"}}},{"from":[5.36,8.8,6.24],"to":[5.8,8.8,9.32],"rotation":{"angle":-22.5,"axis":"y","origin":[11,6.5,11]},"faces":{"down":{"uv":[2,5,3,12],"texture":"#2"}}},{"from":[10.64,8.8,6.24],"to":[11.08,8.8,6.68],"rotation":{"angle":-22.5,"axis":"y","origin":[11,6.5,11]},"faces":{"down":{"uv":[14,11,15,12],"texture":"#2"}}},{"from":[6.68,8.8,9.32],"to":[7.12,8.8,9.76],"rotation":{"angle":-22.5,"axis":"y","origin":[11,6.5,11]},"faces":{"down":{"uv":[5,4,6,5],"texture":"#2"}}},{"from":[7.12,8.8,6.68],"to":[10.64,8.8,7.12],"rotation":{"angle":-22.5,"axis":"y","origin":[11,6.5,11]},"faces":{"down":{"uv":[6,10,14,11],"texture":"#2"}}},{"from":[5.8,8.8,9.32],"to":[6.24,8.8,9.76],"rotation":{"angle":-22.5,"axis":"y","origin":[11,6.5,11]},"faces":{"down":{"uv":[3,4,4,5],"texture":"#2"}}},{"from":[7.12,8.8,7.12],"to":[7.56,8.8,9.32],"rotation":{"angle":-22.5,"axis":"y","origin":[11,6.5,11]},"faces":{"down":{"uv":[6,5,7,10],"texture":"#2"}}},{"from":[5.8,9.24,6.24],"to":[10.64,9.24,6.68],"rotation":{"angle":-22.5,"axis":"y","origin":[11,6.5,11]},"faces":{"down":{"uv":[3,11,14,12],"texture":"#2"}}},{"from":[5.8,9.24,6.68],"to":[7.12,9.24,8.88],"rotation":{"angle":-22.5,"axis":"y","origin":[11,6.5,11]},"faces":{"down":{"uv":[3,6,6,11],"texture":"#2"}}},{"from":[6.24,9.24,9.32],"to":[6.68,9.24,10.2],"rotation":{"angle":-22.5,"axis":"y","origin":[11,6.5,11]},"faces":{"down":{"uv":[4,3,5,5],"texture":"#2"}}},{"from":[5.8,9.24,8.88],"to":[6.24,9.24,9.32],"rotation":{"angle":-22.5,"axis":"y","origin":[11,6.5,11]},"faces":{"down":{"uv":[3,5,4,6],"texture":"#2"}}},{"from":[6.68,9.24,8.88],"to":[7.12,9.24,9.32],"rotation":{"angle":-22.5,"axis":"y","origin":[11,6.5,11]},"faces":{"down":{"uv":[5,5,6,6],"texture":"#2"}}},{"from":[4.92,7.92,5.36],"to":[10.64,8.36,5.36],"rotation":{"angle":-22.5,"axis":"y","origin":[11,6.5,11]},"faces":{"south":{"uv":[1,3,14,4],"texture":"#2"}}},{"from":[5.36,4.4,5.8],"to":[7.56,4.84,5.8],"rotation":{"angle":-22.5,"axis":"y","origin":[11,6.5,11]},"faces":{"south":{"uv":[2,11,7,12],"texture":"#2"}}},{"from":[8,4.4,5.8],"to":[9.76,4.84,5.8],"rotation":{"angle":-22.5,"axis":"y","origin":[11,6.5,11]},"faces":{"south":{"uv":[8,11,12,12],"texture":"#2"}}},{"from":[5.36,4.84,5.8],"to":[5.8,5.72,5.8],"rotation":{"angle":-22.5,"axis":"y","origin":[11,6.5,11]},"faces":{"south":{"uv":[2,9,3,11],"texture":"#2"}}},{"from":[7.12,4.84,5.8],"to":[7.56,5.72,5.8],"rotation":{"angle":-22.5,"axis":"y","origin":[11,6.5,11]},"faces":{"south":{"uv":[6,9,7,11],"texture":"#2"}}},{"from":[5.36,8.36,5.8],"to":[10.64,8.8,5.8],"rotation":{"angle":-22.5,"axis":"y","origin":[11,6.5,11]},"faces":{"south":{"uv":[2,2,14,3],"texture":"#2"}}},{"from":[8,4.84,5.8],"to":[8.44,5.72,5.8],"rotation":{"angle":-22.5,"axis":"y","origin":[11,6.5,11]},"faces":{"south":{"uv":[8,9,9,11],"texture":"#2"}}},{"from":[9.32,4.84,5.8],"to":[9.76,5.72,5.8],"rotation":{"angle":-22.5,"axis":"y","origin":[11,6.5,11]},"faces":{"south":{"uv":[11,9,12,11],"texture":"#2"}}},{"from":[10.64,7.92,5.8],"to":[11.08,8.36,5.8],"rotation":{"angle":-22.5,"axis":"y","origin":[11,6.5,11]},"faces":{"south":{"uv":[14,3,15,4],"texture":"#2"}}},{"from":[5.36,5.72,5.8],"to":[7.56,6.16,5.8],"rotation":{"angle":-22.5,"axis":"y","origin":[11,6.5,11]},"faces":{"south":{"uv":[2,8,7,9],"texture":"#2"}}},{"from":[8,5.72,5.8],"to":[9.76,6.16,5.8],"rotation":{"angle":-22.5,"axis":"y","origin":[11,6.5,11]},"faces":{"south":{"uv":[8,8,12,9],"texture":"#2"}}},{"from":[4.92,4.84,6.24],"to":[5.36,5.72,6.24],"rotation":{"angle":-22.5,"axis":"y","origin":[11,6.5,11]},"faces":{"south":{"uv":[1,9,2,11],"texture":"#2"}}},{"from":[5.8,8.8,6.24],"to":[10.64,9.24,6.24],"rotation":{"angle":-22.5,"axis":"y","origin":[11,6.5,11]},"faces":{"south":{"uv":[3,1,14,2],"texture":"#2"}}},{"from":[10.64,8.36,6.24],"to":[11.08,8.8,6.24],"rotation":{"angle":-22.5,"axis":"y","origin":[11,6.5,11]},"faces":{"south":{"uv":[14,2,15,3],"texture":"#2"}}},{"from":[7.12,9.24,6.68],"to":[11.08,9.68,6.68],"rotation":{"angle":-22.5,"axis":"y","origin":[11,6.5,11]},"faces":{"south":{"uv":[6,0,15,1],"texture":"#2"}}},{"from":[7.56,8.8,7.12],"to":[11.08,9.24,7.12],"rotation":{"angle":-22.5,"axis":"y","origin":[11,6.5,11]},"faces":{"south":{"uv":[7,1,15,2],"texture":"#2"}}},{"from":[8,4.4,7.56],"to":[8.44,5.28,7.56],"rotation":{"angle":-22.5,"axis":"y","origin":[11,6.5,11]},"faces":{"south":{"uv":[8,10,9,12],"texture":"#2"}}},{"from":[8.88,4.4,7.56],"to":[9.76,5.28,7.56],"rotation":{"angle":-22.5,"axis":"y","origin":[11,6.5,11]},"faces":{"south":{"uv":[10,10,12,12],"texture":"#2"}}},{"from":[8,8.36,7.56],"to":[11.08,8.8,7.56],"rotation":{"angle":-22.5,"axis":"y","origin":[11,6.5,11]},"faces":{"south":{"uv":[8,2,15,3],"texture":"#2"}}},{"from":[8,5.28,7.56],"to":[9.76,6.16,7.56],"rotation":{"angle":-22.5,"axis":"y","origin":[11,6.5,11]},"faces":{"south":{"uv":[8,8,12,10],"texture":"#2"}}},{"from":[8.44,7.92,8],"to":[11.08,8.36,8],"rotation":{"angle":-22.5,"axis":"y","origin":[11,6.5,11]},"faces":{"south":{"uv":[9,3,15,4],"texture":"#2"}}},{"from":[5.36,4.4,8.88],"to":[7.56,4.84,8.88],"rotation":{"angle":-22.5,"axis":"y","origin":[11,6.5,11]},"faces":{"south":{"uv":[2,11,7,12],"texture":"#2"}}},{"from":[5.36,5.72,8.88],"to":[7.56,6.16,8.88],"rotation":{"angle":-22.5,"axis":"y","origin":[11,6.5,11]},"faces":{"south":{"uv":[2,8,7,9],"texture":"#2"}}},{"from":[5.36,4.84,8.88],"to":[5.8,5.72,8.88],"rotation":{"angle":-22.5,"axis":"y","origin":[11,6.5,11]},"faces":{"south":{"uv":[2,9,3,11],"texture":"#2"}}},{"from":[7.12,4.84,8.88],"to":[7.56,5.72,8.88],"rotation":{"angle":-22.5,"axis":"y","origin":[11,6.5,11]},"faces":{"south":{"uv":[6,9,7,11],"texture":"#2"}}},{"from":[4.48,7.92,9.76],"to":[5.36,8.36,9.76],"rotation":{"angle":-22.5,"axis":"y","origin":[11,6.5,11]},"faces":{"south":{"uv":[0,3,2,4],"texture":"#2"}}},{"from":[7.56,7.92,9.76],"to":[8.44,8.36,9.76],"rotation":{"angle":-22.5,"axis":"y","origin":[11,6.5,11]},"faces":{"south":{"uv":[7,3,9,4],"texture":"#2"}}},{"from":[4.92,8.36,9.76],"to":[5.8,8.8,9.76],"rotation":{"angle":-22.5,"axis":"y","origin":[11,6.5,11]},"faces":{"south":{"uv":[1,2,3,3],"texture":"#2"}}},{"from":[7.12,8.36,9.76],"to":[8,8.8,9.76],"rotation":{"angle":-22.5,"axis":"y","origin":[11,6.5,11]},"faces":{"south":{"uv":[6,2,8,3],"texture":"#2"}}},{"from":[5.36,8.8,9.76],"to":[6.24,9.24,9.76],"rotation":{"angle":-22.5,"axis":"y","origin":[11,6.5,11]},"faces":{"south":{"uv":[2,1,4,2],"texture":"#2"}}},{"from":[6.68,8.8,9.76],"to":[7.56,9.24,9.76],"rotation":{"angle":-22.5,"axis":"y","origin":[11,6.5,11]},"faces":{"south":{"uv":[5,1,7,2],"texture":"#2"}}},{"from":[5.8,9.24,9.76],"to":[6.24,9.68,9.76],"rotation":{"angle":-22.5,"axis":"y","origin":[11,6.5,11]},"faces":{"south":{"uv":[3,0,4,1],"texture":"#2"}}},{"from":[6.68,9.24,9.76],"to":[7.12,9.68,9.76],"rotation":{"angle":-22.5,"axis":"y","origin":[11,6.5,11]},"faces":{"south":{"uv":[5,0,6,1],"texture":"#2"}}},{"from":[6.24,9.24,10.2],"to":[6.68,9.68,10.2],"rotation":{"angle":-22.5,"axis":"y","origin":[11,6.5,11]},"faces":{"south":{"uv":[4,0,5,1],"texture":"#2"}}},{"from":[4.48,7.92,4.92],"to":[11.08,8.36,4.92],"rotation":{"angle":-22.5,"axis":"y","origin":[11,6.5,11]},"faces":{"north":{"uv":[1,3,16,4],"texture":"#2"}}},{"from":[5.36,4.4,5.36],"to":[7.56,4.84,5.36],"rotation":{"angle":-22.5,"axis":"y","origin":[11,6.5,11]},"faces":{"north":{"uv":[9,11,14,12],"texture":"#2"}}},{"from":[8,4.4,5.36],"to":[9.76,4.84,5.36],"rotation":{"angle":-22.5,"axis":"y","origin":[11,6.5,11]},"faces":{"north":{"uv":[4,11,8,12],"texture":"#2"}}},{"from":[4.92,8.36,5.36],"to":[11.08,8.8,5.36],"rotation":{"angle":-22.5,"axis":"y","origin":[11,6.5,11]},"faces":{"north":{"uv":[1,2,15,3],"texture":"#2"}}},{"from":[5.36,4.84,5.36],"to":[5.8,5.72,5.36],"rotation":{"angle":-22.5,"axis":"y","origin":[11,6.5,11]},"faces":{"north":{"uv":[13,9,14,11],"texture":"#2"}}},{"from":[7.12,4.84,5.36],"to":[7.56,5.72,5.36],"rotation":{"angle":-22.5,"axis":"y","origin":[11,6.5,11]},"faces":{"north":{"uv":[9,9,10,11],"texture":"#2"}}},{"from":[8,4.84,5.36],"to":[8.44,5.72,5.36],"rotation":{"angle":-22.5,"axis":"y","origin":[11,6.5,11]},"faces":{"north":{"uv":[7,9,8,11],"texture":"#2"}}},{"from":[9.32,4.84,5.36],"to":[9.76,5.72,5.36],"rotation":{"angle":-22.5,"axis":"y","origin":[11,6.5,11]},"faces":{"north":{"uv":[4,9,5,11],"texture":"#2"}}},{"from":[8,5.72,5.36],"to":[9.76,6.16,5.36],"rotation":{"angle":-22.5,"axis":"y","origin":[11,6.5,11]},"faces":{"north":{"uv":[4,8,8,9],"texture":"#2"}}},{"from":[5.36,5.72,5.36],"to":[7.56,6.16,5.36],"rotation":{"angle":-22.5,"axis":"y","origin":[11,6.5,11]},"faces":{"north":{"uv":[9,8,14,9],"texture":"#2"}}},{"from":[5.36,8.8,5.8],"to":[11.08,9.24,5.8],"rotation":{"angle":-22.5,"axis":"y","origin":[11,6.5,11]},"faces":{"north":{"uv":[1,1,14,2],"texture":"#2"}}},{"from":[5.8,9.24,6.24],"to":[11.08,9.68,6.24],"rotation":{"angle":-22.5,"axis":"y","origin":[11,6.5,11]},"faces":{"north":{"uv":[1,0,13,1],"texture":"#2"}}},{"from":[10.64,8.36,6.68],"to":[11.08,8.8,6.68],"rotation":{"angle":-22.5,"axis":"y","origin":[11,6.5,11]},"faces":{"north":{"uv":[1,2,2,3],"texture":"#2"}}},{"from":[7.12,8.8,6.68],"to":[10.64,9.24,6.68],"rotation":{"angle":-22.5,"axis":"y","origin":[11,6.5,11]},"faces":{"north":{"uv":[2,1,10,2],"texture":"#2"}}},{"from":[8,4.4,7.12],"to":[8.44,5.28,7.12],"rotation":{"angle":-22.5,"axis":"y","origin":[11,6.5,11]},"faces":{"north":{"uv":[7,10,8,12],"texture":"#2"}}},{"from":[8.88,4.4,7.12],"to":[9.76,5.28,7.12],"rotation":{"angle":-22.5,"axis":"y","origin":[11,6.5,11]},"faces":{"north":{"uv":[4,10,6,12],"texture":"#2"}}},{"from":[7.56,8.36,7.12],"to":[10.64,8.8,7.12],"rotation":{"angle":-22.5,"axis":"y","origin":[11,6.5,11]},"faces":{"north":{"uv":[2,2,9,3],"texture":"#2"}}},{"from":[10.64,7.92,7.12],"to":[11.08,8.36,7.12],"rotation":{"angle":-22.5,"axis":"y","origin":[11,6.5,11]},"faces":{"north":{"uv":[1,3,2,4],"texture":"#2"}}},{"from":[8,5.28,7.12],"to":[9.76,6.16,7.12],"rotation":{"angle":-22.5,"axis":"y","origin":[11,6.5,11]},"faces":{"north":{"uv":[4,8,8,10],"texture":"#2"}}},{"from":[7.56,4.84,7.56],"to":[8,6.16,7.56],"rotation":{"angle":-22.5,"axis":"y","origin":[11,6.5,11]},"faces":{"north":{"uv":[8,8,9,11],"texture":"#2"}}},{"from":[8,7.92,7.56],"to":[10.64,8.36,7.56],"rotation":{"angle":-22.5,"axis":"y","origin":[11,6.5,11]},"faces":{"north":{"uv":[2,3,8,4],"texture":"#2"}}},{"from":[4.92,4.84,8],"to":[5.36,5.72,8],"rotation":{"angle":-22.5,"axis":"y","origin":[11,6.5,11]},"faces":{"north":{"uv":[14,9,15,11],"texture":"#2"}}},{"from":[5.36,4.4,8.44],"to":[7.56,4.84,8.44],"rotation":{"angle":-22.5,"axis":"y","origin":[11,6.5,11]},"faces":{"north":{"uv":[9,11,14,12],"texture":"#2"}}},{"from":[5.36,4.84,8.44],"to":[5.8,5.72,8.44],"rotation":{"angle":-22.5,"axis":"y","origin":[11,6.5,11]},"faces":{"north":{"uv":[13,9,14,11],"texture":"#2"}}},{"from":[7.12,4.84,8.44],"to":[7.56,5.72,8.44],"rotation":{"angle":-22.5,"axis":"y","origin":[11,6.5,11]},"faces":{"north":{"uv":[9,9,10,11],"texture":"#2"}}},{"from":[5.36,5.72,8.44],"to":[7.56,6.16,8.44],"rotation":{"angle":-22.5,"axis":"y","origin":[11,6.5,11]},"faces":{"north":{"uv":[9,8,14,9],"texture":"#2"}}},{"from":[6.68,8.8,9.32],"to":[7.12,9.24,9.32],"rotation":{"angle":-22.5,"axis":"y","origin":[11,6.5,11]},"faces":{"north":{"uv":[10,1,11,2],"texture":"#2"}}},{"from":[4.92,7.92,9.32],"to":[5.36,8.36,9.32],"rotation":{"angle":-22.5,"axis":"y","origin":[11,6.5,11]},"faces":{"north":{"uv":[14,3,15,4],"texture":"#2"}}},{"from":[7.56,7.92,9.32],"to":[8,8.36,9.32],"rotation":{"angle":-22.5,"axis":"y","origin":[11,6.5,11]},"faces":{"north":{"uv":[8,3,9,4],"texture":"#2"}}},{"from":[5.36,8.36,9.32],"to":[5.8,8.8,9.32],"rotation":{"angle":-22.5,"axis":"y","origin":[11,6.5,11]},"faces":{"north":{"uv":[13,2,14,3],"texture":"#2"}}},{"from":[7.12,8.36,9.32],"to":[7.56,8.8,9.32],"rotation":{"angle":-22.5,"axis":"y","origin":[11,6.5,11]},"faces":{"north":{"uv":[9,2,10,3],"texture":"#2"}}},{"from":[5.8,8.8,9.32],"to":[6.24,9.24,9.32],"rotation":{"angle":-22.5,"axis":"y","origin":[11,6.5,11]},"faces":{"north":{"uv":[12,1,13,2],"texture":"#2"}}},{"from":[10.64,6.6,5.8],"to":[10.64,7.92,7.12],"rotation":{"angle":-22.5,"axis":"y","origin":[11,6.5,11]},"faces":{"east":{"uv":[10,4,13,7],"texture":"#4"}}},{"from":[10.2,6.6,5.8],"to":[10.2,7.92,7.12],"rotation":{"angle":-22.5,"axis":"y","origin":[11,6.5,11]},"faces":{"west":{"uv":[3,4,6,7],"texture":"#4"}}},{"from":[5.36,6.6,9.32],"to":[6.24,7.92,9.32],"rotation":{"angle":-22.5,"axis":"y","origin":[11,6.5,11]},"faces":{"south":{"uv":[2,4,4,7],"texture":"#4"}}},{"from":[6.68,6.6,9.32],"to":[7.56,7.92,9.32],"rotation":{"angle":-22.5,"axis":"y","origin":[11,6.5,11]},"faces":{"south":{"uv":[5,4,7,7],"texture":"#4"}}},{"from":[5.36,6.6,8.88],"to":[6.24,7.92,8.88],"rotation":{"angle":-22.5,"axis":"y","origin":[11,6.5,11]},"faces":{"north":{"uv":[12,4,14,7],"texture":"#4"}}},{"from":[6.68,6.6,8.88],"to":[7.56,7.92,8.88],"rotation":{"angle":-22.5,"axis":"y","origin":[11,6.5,11]},"faces":{"north":{"uv":[9,4,11,7],"texture":"#4"}}},{"from":[4.48,2.64,4.92],"to":[11.52,2.64,11.52],"rotation":{"angle":-22.5,"axis":"y","origin":[11,6.5,11]},"faces":{"down":{"uv":[0,0,16,15],"texture":"#1"}}},{"from":[4.48,2.64,11.52],"to":[11.52,3.08,11.52],"rotation":{"angle":-22.5,"axis":"y","origin":[11,6.5,11]},"faces":{"south":{"uv":[0,15,16,16],"texture":"#1"}}},{"from":[4.48,3.08,11.52],"to":[11.08,3.52,11.52],"rotation":{"angle":-22.5,"axis":"y","origin":[11,6.5,11]},"faces":{"south":{"uv":[0,14,15,15],"texture":"#1"}}},{"from":[5.36,3.52,11.52],"to":[5.8,3.96,11.52],"rotation":{"angle":-22.5,"axis":"y","origin":[11,6.5,11]},"faces":{"south":{"uv":[2,13,3,14],"texture":"#1"}}},{"from":[7.56,3.52,11.52],"to":[8.88,3.96,11.52],"rotation":{"angle":-22.5,"axis":"y","origin":[11,6.5,11]},"faces":{"south":{"uv":[7,13,10,14],"texture":"#1"}}},{"from":[10.64,3.52,11.52],"to":[11.08,3.96,11.52],"rotation":{"angle":-22.5,"axis":"y","origin":[11,6.5,11]},"faces":{"south":{"uv":[14,13,15,14],"texture":"#1"}}},{"from":[4.48,2.64,4.92],"to":[4.48,3.52,5.36],"rotation":{"angle":-22.5,"axis":"y","origin":[11,6.5,11]},"faces":{"west":{"uv":[1,14,2,16],"texture":"#1"}}},{"from":[4.48,2.64,5.36],"to":[4.48,3.96,7.12],"rotation":{"angle":-22.5,"axis":"y","origin":[11,6.5,11]},"faces":{"west":{"uv":[2,13,6,16],"texture":"#1"}}},{"from":[4.48,2.64,9.76],"to":[4.48,3.52,11.52],"rotation":{"angle":-22.5,"axis":"y","origin":[11,6.5,11]},"faces":{"west":{"uv":[12,14,16,16],"texture":"#1"}}},{"from":[4.48,2.64,8.88],"to":[4.48,3.96,9.76],"rotation":{"angle":-22.5,"axis":"y","origin":[11,6.5,11]},"faces":{"west":{"uv":[10,13,12,16],"texture":"#1"}}},{"from":[4.48,2.64,7.12],"to":[4.48,3.52,8.88],"rotation":{"angle":-22.5,"axis":"y","origin":[11,6.5,11]},"faces":{"west":{"uv":[6,14,10,16],"texture":"#1"}}},{"from":[11.52,2.64,4.92],"to":[11.52,3.52,5.36],"rotation":{"angle":-22.5,"axis":"y","origin":[11,6.5,11]},"faces":{"east":{"uv":[14,14,15,16],"texture":"#1"}}},{"from":[11.52,2.64,5.36],"to":[11.52,3.08,5.8],"rotation":{"angle":-22.5,"axis":"y","origin":[11,6.5,11]},"faces":{"east":{"uv":[13,15,14,16],"texture":"#1"}}},{"from":[11.52,2.64,5.8],"to":[11.52,3.52,6.68],"rotation":{"angle":-22.5,"axis":"y","origin":[11,6.5,11]},"faces":{"east":{"uv":[11,14,13,16],"texture":"#1"}}},{"from":[11.52,2.64,11.08],"to":[11.52,3.08,11.52],"rotation":{"angle":-22.5,"axis":"y","origin":[11,6.5,11]},"faces":{"east":{"uv":[0,15,1,16],"texture":"#1"}}},{"from":[11.52,2.64,6.68],"to":[11.52,3.96,7.56],"rotation":{"angle":-22.5,"axis":"y","origin":[11,6.5,11]},"faces":{"east":{"uv":[9,13,11,16],"texture":"#1"}}},{"from":[11.52,2.64,10.64],"to":[11.52,3.52,11.08],"rotation":{"angle":-22.5,"axis":"y","origin":[11,6.5,11]},"faces":{"east":{"uv":[1,14,2,16],"texture":"#1"}}},{"from":[11.52,2.64,7.56],"to":[11.52,3.52,8.88],"rotation":{"angle":-22.5,"axis":"y","origin":[11,6.5,11]},"faces":{"east":{"uv":[6,14,9,16],"texture":"#1"}}},{"from":[11.52,2.64,8.88],"to":[11.52,3.96,10.64],"rotation":{"angle":-22.5,"axis":"y","origin":[11,6.5,11]},"faces":{"east":{"uv":[2,13,6,16],"texture":"#1"}}},{"from":[5.36,6.6,5.8],"to":[5.36,7.92,8.88],"rotation":{"angle":-22.5,"axis":"y","origin":[11,6.5,11]},"faces":{"east":{"uv":[6,4,13,7],"texture":"#1"}}},{"from":[6.24,4.4,6.24],"to":[6.24,4.84,6.68],"rotation":{"angle":-22.5,"axis":"y","origin":[11,6.5,11]},"faces":{"east":{"uv":[11,11,12,12],"texture":"#1"}}},{"from":[7.56,4.4,6.24],"to":[7.56,4.84,6.68],"rotation":{"angle":-22.5,"axis":"y","origin":[11,6.5,11]},"faces":{"east":{"uv":[11,11,12,12],"texture":"#1"}}},{"from":[8,6.6,7.56],"to":[8,7.48,8.88],"rotation":{"angle":-22.5,"axis":"y","origin":[11,6.5,11]},"faces":{"east":{"uv":[6,5,9,7],"texture":"#1"}}},{"from":[8.88,4.4,6.24],"to":[8.88,4.84,6.68],"rotation":{"angle":-22.5,"axis":"y","origin":[11,6.5,11]},"faces":{"east":{"uv":[11,11,12,12],"texture":"#1"}}},{"from":[10.2,5.72,10.2],"to":[10.2,6.16,10.64],"rotation":{"angle":-22.5,"axis":"y","origin":[11,6.5,11]},"faces":{"east":{"uv":[2,8,3,9],"texture":"#1"}}},{"from":[10.2,5.72,9.32],"to":[10.2,6.6,10.2],"rotation":{"angle":-22.5,"axis":"y","origin":[11,6.5,11]},"faces":{"east":{"uv":[3,7,5,9],"texture":"#1"}}},{"from":[10.64,4.84,9.76],"to":[10.64,5.72,10.64],"rotation":{"angle":-22.5,"axis":"y","origin":[11,6.5,11]},"faces":{"east":{"uv":[2,9,4,11],"texture":"#1"}}},{"from":[11.08,4.4,10.2],"to":[11.08,4.84,11.08],"rotation":{"angle":-22.5,"axis":"y","origin":[11,6.5,11]},"faces":{"east":{"uv":[1,11,3,12],"texture":"#1"}}},{"from":[4.92,6.6,5.8],"to":[4.92,7.92,8.88],"rotation":{"angle":-22.5,"axis":"y","origin":[11,6.5,11]},"faces":{"west":{"uv":[3,4,10,7],"texture":"#1"}}},{"from":[5.8,4.4,6.24],"to":[5.8,4.84,6.68],"rotation":{"angle":-22.5,"axis":"y","origin":[11,6.5,11]},"faces":{"west":{"uv":[4,11,5,12],"texture":"#1"}}},{"from":[7.12,4.4,6.24],"to":[7.12,4.84,6.68],"rotation":{"angle":-22.5,"axis":"y","origin":[11,6.5,11]},"faces":{"west":{"uv":[4,11,5,12],"texture":"#1"}}},{"from":[7.56,6.6,7.56],"to":[7.56,7.48,8.88],"rotation":{"angle":-22.5,"axis":"y","origin":[11,6.5,11]},"faces":{"west":{"uv":[7,5,10,7],"texture":"#1"}}},{"from":[8,6.6,7.12],"to":[8,7.48,7.56],"rotation":{"angle":-22.5,"axis":"y","origin":[11,6.5,11]},"faces":{"west":{"uv":[6,5,7,7],"texture":"#1"}}},{"from":[8.44,4.4,6.24],"to":[8.44,4.84,6.68],"rotation":{"angle":-22.5,"axis":"y","origin":[11,6.5,11]},"faces":{"west":{"uv":[4,11,5,12],"texture":"#1"}}},{"from":[9.32,5.72,9.76],"to":[9.32,6.6,10.2],"rotation":{"angle":-22.5,"axis":"y","origin":[11,6.5,11]},"faces":{"west":{"uv":[12,7,13,9],"texture":"#1"}}},{"from":[9.76,4.84,10.2],"to":[9.76,6.16,10.64],"rotation":{"angle":-22.5,"axis":"y","origin":[11,6.5,11]},"faces":{"west":{"uv":[13,8,14,11],"texture":"#1"}}},{"from":[9.76,5.72,9.32],"to":[9.76,6.6,9.76],"rotation":{"angle":-22.5,"axis":"y","origin":[11,6.5,11]},"faces":{"west":{"uv":[11,7,12,9],"texture":"#1"}}},{"from":[9.76,5.28,9.76],"to":[9.76,5.72,10.2],"rotation":{"angle":-22.5,"axis":"y","origin":[11,6.5,11]},"faces":{"west":{"uv":[12,9,13,10],"texture":"#1"}}},{"from":[10.2,4.4,10.2],"to":[10.2,4.84,11.08],"rotation":{"angle":-22.5,"axis":"y","origin":[11,6.5,11]},"faces":{"west":{"uv":[13,11,15,12],"texture":"#1"}}},{"from":[10.2,4.84,9.76],"to":[10.2,5.28,10.2],"rotation":{"angle":-22.5,"axis":"y","origin":[11,6.5,11]},"faces":{"west":{"uv":[12,10,13,11],"texture":"#1"}}},{"from":[5.8,4.84,6.24],"to":[6.24,4.84,6.68],"rotation":{"angle":-22.5,"axis":"y","origin":[11,6.5,11]},"faces":{"up":{"uv":[3,4,4,5],"texture":"#1"}}},{"from":[7.12,4.84,6.24],"to":[7.56,4.84,6.68],"rotation":{"angle":-22.5,"axis":"y","origin":[11,6.5,11]},"faces":{"up":{"uv":[6,4,7,5],"texture":"#1"}}},{"from":[8.44,4.84,6.24],"to":[8.88,4.84,6.68],"rotation":{"angle":-22.5,"axis":"y","origin":[11,6.5,11]},"faces":{"up":{"uv":[9,4,10,5],"texture":"#1"}}},{"from":[10.2,4.84,10.64],"to":[11.08,4.84,11.08],"rotation":{"angle":-22.5,"axis":"y","origin":[11,6.5,11]},"faces":{"up":{"uv":[13,14,15,15],"texture":"#1"}}},{"from":[10.64,4.84,10.2],"to":[11.08,4.84,10.64],"rotation":{"angle":-22.5,"axis":"y","origin":[11,6.5,11]},"faces":{"up":{"uv":[14,13,15,14],"texture":"#1"}}},{"from":[5.36,4.84,7.12],"to":[8,4.84,7.56],"rotation":{"angle":-22.5,"axis":"y","origin":[11,6.5,11]},"faces":{"up":{"uv":[2,6,8,7],"texture":"#1"}}},{"from":[10.2,5.72,9.76],"to":[10.64,5.72,10.64],"rotation":{"angle":-22.5,"axis":"y","origin":[11,6.5,11]},"faces":{"up":{"uv":[13,12,14,14],"texture":"#1"}}},{"from":[9.76,6.16,10.2],"to":[10.2,6.16,10.64],"rotation":{"angle":-22.5,"axis":"y","origin":[11,6.5,11]},"faces":{"up":{"uv":[12,13,13,14],"texture":"#1"}}},{"from":[5.36,7.92,5.36],"to":[7.56,7.92,5.8],"rotation":{"angle":-22.5,"axis":"y","origin":[11,6.5,11]},"faces":{"up":{"uv":[2,2,7,3],"texture":"#1"}}},{"from":[8,7.92,5.36],"to":[10.2,7.92,5.8],"rotation":{"angle":-22.5,"axis":"y","origin":[11,6.5,11]},"faces":{"up":{"uv":[8,2,13,3],"texture":"#1"}}},{"from":[4.92,7.92,5.8],"to":[5.36,7.92,8.88],"rotation":{"angle":-22.5,"axis":"y","origin":[11,6.5,11]},"faces":{"up":{"uv":[1,3,2,10],"texture":"#1"}}},{"from":[10.2,4.84,9.76],"to":[10.64,4.84,10.2],"rotation":{"angle":-22.5,"axis":"y","origin":[11,6.5,11]},"faces":{"down":{"uv":[13,3,14,4],"texture":"#1"}}},{"from":[9.76,4.84,10.2],"to":[10.2,4.84,10.64],"rotation":{"angle":-22.5,"axis":"y","origin":[11,6.5,11]},"faces":{"down":{"uv":[12,2,13,3],"texture":"#1"}}},{"from":[9.76,5.28,9.76],"to":[10.2,5.28,10.2],"rotation":{"angle":-22.5,"axis":"y","origin":[11,6.5,11]},"faces":{"down":{"uv":[12,3,13,4],"texture":"#1"}}},{"from":[9.32,5.72,9.76],"to":[9.76,5.72,10.2],"rotation":{"angle":-22.5,"axis":"y","origin":[11,6.5,11]},"faces":{"down":{"uv":[11,3,12,4],"texture":"#1"}}},{"from":[9.76,5.72,9.32],"to":[10.2,5.72,9.76],"rotation":{"angle":-22.5,"axis":"y","origin":[11,6.5,11]},"faces":{"down":{"uv":[12,4,13,5],"texture":"#1"}}},{"from":[5.36,6.6,5.8],"to":[7.56,7.92,5.8],"rotation":{"angle":-22.5,"axis":"y","origin":[11,6.5,11]},"faces":{"south":{"uv":[2,4,7,7],"texture":"#1"}}},{"from":[8,6.6,5.8],"to":[10.2,7.92,5.8],"rotation":{"angle":-22.5,"axis":"y","origin":[11,6.5,11]},"faces":{"south":{"uv":[8,4,13,7],"texture":"#1"}}},{"from":[5.8,4.4,6.68],"to":[6.24,4.84,6.68],"rotation":{"angle":-22.5,"axis":"y","origin":[11,6.5,11]},"faces":{"south":{"uv":[3,11,4,12],"texture":"#1"}}},{"from":[7.12,4.4,6.68],"to":[7.56,4.84,6.68],"rotation":{"angle":-22.5,"axis":"y","origin":[11,6.5,11]},"faces":{"south":{"uv":[6,11,7,12],"texture":"#1"}}},{"from":[8.44,4.4,6.68],"to":[8.88,4.84,6.68],"rotation":{"angle":-22.5,"axis":"y","origin":[11,6.5,11]},"faces":{"south":{"uv":[9,11,10,12],"texture":"#1"}}},{"from":[5.36,4.4,7.56],"to":[7.56,4.84,7.56],"rotation":{"angle":-22.5,"axis":"y","origin":[11,6.5,11]},"faces":{"south":{"uv":[2,11,7,12],"texture":"#1"}}},{"from":[8,6.6,7.56],"to":[10.2,7.48,7.56],"rotation":{"angle":-22.5,"axis":"y","origin":[11,6.5,11]},"faces":{"south":{"uv":[8,5,13,7],"texture":"#1"}}},{"from":[9.32,5.72,10.2],"to":[9.76,6.16,10.2],"rotation":{"angle":-22.5,"axis":"y","origin":[11,6.5,11]},"faces":{"south":{"uv":[11,8,12,9],"texture":"#1"}}},{"from":[9.32,6.16,10.2],"to":[10.2,6.6,10.2],"rotation":{"angle":-22.5,"axis":"y","origin":[11,6.5,11]},"faces":{"south":{"uv":[11,7,13,8],"texture":"#1"}}},{"from":[9.76,4.84,10.64],"to":[10.64,5.72,10.64],"rotation":{"angle":-22.5,"axis":"y","origin":[11,6.5,11]},"faces":{"south":{"uv":[12,9,14,11],"texture":"#1"}}},{"from":[9.76,5.72,10.64],"to":[10.2,6.16,10.64],"rotation":{"angle":-22.5,"axis":"y","origin":[11,6.5,11]},"faces":{"south":{"uv":[12,8,13,9],"texture":"#1"}}},{"from":[10.2,4.4,11.08],"to":[11.08,4.84,11.08],"rotation":{"angle":-22.5,"axis":"y","origin":[11,6.5,11]},"faces":{"south":{"uv":[13,11,15,12],"texture":"#1"}}},{"from":[5.36,6.6,5.36],"to":[7.56,7.92,5.36],"rotation":{"angle":-22.5,"axis":"y","origin":[11,6.5,11]},"faces":{"north":{"uv":[9,4,14,7],"texture":"#1"}}},{"from":[8,6.6,5.36],"to":[10.2,7.92,5.36],"rotation":{"angle":-22.5,"axis":"y","origin":[11,6.5,11]},"faces":{"north":{"uv":[3,4,8,7],"texture":"#1"}}},{"from":[5.8,4.4,6.24],"to":[6.24,4.84,6.24],"rotation":{"angle":-22.5,"axis":"y","origin":[11,6.5,11]},"faces":{"north":{"uv":[12,11,13,12],"texture":"#1"}}},{"from":[7.12,4.4,6.24],"to":[7.56,4.84,6.24],"rotation":{"angle":-22.5,"axis":"y","origin":[11,6.5,11]},"faces":{"north":{"uv":[9,11,10,12],"texture":"#1"}}},{"from":[8.44,4.4,6.24],"to":[8.88,4.84,6.24],"rotation":{"angle":-22.5,"axis":"y","origin":[11,6.5,11]},"faces":{"north":{"uv":[6,11,7,12],"texture":"#1"}}},{"from":[5.36,4.4,7.12],"to":[8,4.84,7.12],"rotation":{"angle":-22.5,"axis":"y","origin":[11,6.5,11]},"faces":{"north":{"uv":[8,11,14,12],"texture":"#1"}}},{"from":[8,6.6,7.12],"to":[10.2,7.48,7.12],"rotation":{"angle":-22.5,"axis":"y","origin":[11,6.5,11]},"faces":{"north":{"uv":[3,5,8,7],"texture":"#1"}}},{"from":[7.56,6.6,7.56],"to":[8,7.48,7.56],"rotation":{"angle":-22.5,"axis":"y","origin":[11,6.5,11]},"faces":{"north":{"uv":[8,5,9,7],"texture":"#1"}}},{"from":[9.76,5.72,9.32],"to":[10.2,6.6,9.32],"rotation":{"angle":-22.5,"axis":"y","origin":[11,6.5,11]},"faces":{"north":{"uv":[3,7,4,9],"texture":"#1"}}},{"from":[10.2,4.84,9.76],"to":[10.64,5.28,9.76],"rotation":{"angle":-22.5,"axis":"y","origin":[11,6.5,11]},"faces":{"north":{"uv":[2,10,3,11],"texture":"#1"}}},{"from":[9.76,5.28,9.76],"to":[10.64,5.72,9.76],"rotation":{"angle":-22.5,"axis":"y","origin":[11,6.5,11]},"faces":{"north":{"uv":[2,9,4,10],"texture":"#1"}}},{"from":[9.32,5.72,9.76],"to":[9.76,6.6,9.76],"rotation":{"angle":-22.5,"axis":"y","origin":[11,6.5,11]},"faces":{"north":{"uv":[4,7,5,9],"texture":"#1"}}},{"from":[10.2,4.4,10.2],"to":[11.08,4.84,10.2],"rotation":{"angle":-22.5,"axis":"y","origin":[11,6.5,11]},"faces":{"north":{"uv":[1,11,3,12],"texture":"#1"}}},{"from":[9.76,4.84,10.2],"to":[10.2,5.28,10.2],"rotation":{"angle":-22.5,"axis":"y","origin":[11,6.5,11]},"faces":{"north":{"uv":[3,10,4,11],"texture":"#1"}}},{"from":[4.48,2.64,4.48],"to":[11.52,2.64,4.92],"rotation":{"angle":-22.5,"axis":"y","origin":[11,6.5,11]},"faces":{"down":{"uv":[0,15,16,16],"texture":"#3"}}},{"from":[4.48,2.64,4.48],"to":[11.52,3.08,4.48],"rotation":{"angle":-22.5,"axis":"y","origin":[11,6.5,11]},"faces":{"north":{"uv":[0,15,16,16],"texture":"#3"}}},{"from":[4.48,3.08,4.48],"to":[6.68,3.52,4.48],"rotation":{"angle":-22.5,"axis":"y","origin":[11,6.5,11]},"faces":{"north":{"uv":[11,14,16,15],"texture":"#3"}}},{"from":[7.56,3.08,4.48],"to":[9.76,3.52,4.48],"rotation":{"angle":-22.5,"axis":"y","origin":[11,6.5,11]},"faces":{"north":{"uv":[4,14,9,15],"texture":"#3"}}},{"from":[10.2,3.08,4.48],"to":[11.52,3.52,4.48],"rotation":{"angle":-22.5,"axis":"y","origin":[11,6.5,11]},"faces":{"north":{"uv":[0,14,3,15],"texture":"#3"}}},{"from":[5.36,3.52,4.48],"to":[6.68,3.96,4.48],"rotation":{"angle":-22.5,"axis":"y","origin":[11,6.5,11]},"faces":{"north":{"uv":[11,13,14,14],"texture":"#3"}}},{"from":[8,3.52,4.48],"to":[9.32,3.96,4.48],"rotation":{"angle":-22.5,"axis":"y","origin":[11,6.5,11]},"faces":{"north":{"uv":[5,13,8,14],"texture":"#3"}}},{"from":[10.64,3.52,4.48],"to":[11.52,3.96,4.48],"rotation":{"angle":-22.5,"axis":"y","origin":[11,6.5,11]},"faces":{"north":{"uv":[0,13,2,14],"texture":"#3"}}},{"from":[4.48,2.64,4.48],"to":[4.48,3.52,4.92],"rotation":{"angle":-22.5,"axis":"y","origin":[11,6.5,11]},"faces":{"west":{"uv":[0,14,1,16],"texture":"#3"}}},{"from":[11.52,2.64,4.48],"to":[11.52,3.96,4.92],"rotation":{"angle":-22.5,"axis":"y","origin":[11,6.5,11]},"faces":{"east":{"uv":[15,13,16,16],"texture":"#3"}}},{"from":[5.36,6.16,5.8],"to":[5.36,6.6,8.88],"rotation":{"angle":-22.5,"axis":"y","origin":[11,6.5,11]},"faces":{"east":{"uv":[6,7,13,8],"texture":"#3"}}},{"from":[5.36,5.72,8.88],"to":[5.36,6.16,9.32],"rotation":{"angle":-22.5,"axis":"y","origin":[11,6.5,11]},"faces":{"east":{"uv":[5,8,6,9],"texture":"#3"}}},{"from":[6.68,8.8,8.88],"to":[6.68,9.24,9.32],"rotation":{"angle":-22.5,"axis":"y","origin":[11,6.5,11]},"faces":{"east":{"uv":[5,1,6,2],"texture":"#3"}}},{"from":[7.12,8.36,8.88],"to":[7.12,8.8,9.32],"rotation":{"angle":-22.5,"axis":"y","origin":[11,6.5,11]},"faces":{"east":{"uv":[5,2,6,3],"texture":"#3"}}},{"from":[7.56,7.92,8.88],"to":[7.56,8.36,9.32],"rotation":{"angle":-22.5,"axis":"y","origin":[11,6.5,11]},"faces":{"east":{"uv":[5,3,6,4],"texture":"#3"}}},{"from":[8,6.16,7.56],"to":[8,6.6,8.44],"rotation":{"angle":-22.5,"axis":"y","origin":[11,6.5,11]},"faces":{"east":{"uv":[7,7,9,8],"texture":"#3"}}},{"from":[8,7.48,7.56],"to":[8,7.92,8.88],"rotation":{"angle":-22.5,"axis":"y","origin":[11,6.5,11]},"faces":{"east":{"uv":[6,4,9,5],"texture":"#3"}}},{"from":[8,5.72,8.88],"to":[8,7.92,9.32],"rotation":{"angle":-22.5,"axis":"y","origin":[11,6.5,11]},"faces":{"east":{"uv":[5,4,6,9],"texture":"#3"}}},{"from":[8,4.4,8.44],"to":[8,6.6,8.88],"rotation":{"angle":-22.5,"axis":"y","origin":[11,6.5,11]},"faces":{"east":{"uv":[6,7,7,12],"texture":"#3"}}},{"from":[10.2,4.4,5.36],"to":[10.2,5.72,5.8],"rotation":{"angle":-22.5,"axis":"y","origin":[11,6.5,11]},"faces":{"east":{"uv":[13,9,14,12],"texture":"#3"}}},{"from":[10.2,4.4,7.12],"to":[10.2,5.72,7.56],"rotation":{"angle":-22.5,"axis":"y","origin":[11,6.5,11]},"faces":{"east":{"uv":[9,9,10,12],"texture":"#3"}}},{"from":[10.64,5.72,5.36],"to":[10.64,7.92,5.8],"rotation":{"angle":-22.5,"axis":"y","origin":[11,6.5,11]},"faces":{"east":{"uv":[13,4,14,9],"texture":"#3"}}},{"from":[10.64,6.16,5.8],"to":[10.64,6.6,7.12],"rotation":{"angle":-22.5,"axis":"y","origin":[11,6.5,11]},"faces":{"east":{"uv":[10,7,13,8],"texture":"#3"}}},{"from":[10.64,7.92,5.8],"to":[10.64,8.36,6.24],"rotation":{"angle":-22.5,"axis":"y","origin":[11,6.5,11]},"faces":{"east":{"uv":[12,3,13,4],"texture":"#3"}}},{"from":[10.64,7.92,6.24],"to":[10.64,8.8,6.68],"rotation":{"angle":-22.5,"axis":"y","origin":[11,6.5,11]},"faces":{"east":{"uv":[11,2,12,4],"texture":"#3"}}},{"from":[10.64,7.92,6.68],"to":[10.64,8.36,7.12],"rotation":{"angle":-22.5,"axis":"y","origin":[11,6.5,11]},"faces":{"east":{"uv":[10,3,11,4],"texture":"#3"}}},{"from":[10.64,5.72,7.12],"to":[10.64,7.92,7.56],"rotation":{"angle":-22.5,"axis":"y","origin":[11,6.5,11]},"faces":{"east":{"uv":[9,4,10,9],"texture":"#3"}}},{"from":[4.92,4.4,5.36],"to":[4.92,7.92,5.8],"rotation":{"angle":-22.5,"axis":"y","origin":[11,6.5,11]},"faces":{"west":{"uv":[2,4,3,12],"texture":"#3"}}},{"from":[4.92,6.16,5.8],"to":[4.92,6.6,8.44],"rotation":{"angle":-22.5,"axis":"y","origin":[11,6.5,11]},"faces":{"west":{"uv":[3,7,9,8],"texture":"#3"}}},{"from":[4.92,4.4,8.44],"to":[4.92,6.6,8.88],"rotation":{"angle":-22.5,"axis":"y","origin":[11,6.5,11]},"faces":{"west":{"uv":[9,7,10,12],"texture":"#3"}}},{"from":[4.92,5.72,8.88],"to":[4.92,7.92,9.32],"rotation":{"angle":-22.5,"axis":"y","origin":[11,6.5,11]},"faces":{"west":{"uv":[10,4,11,9],"texture":"#3"}}},{"from":[5.36,7.92,8.88],"to":[5.36,8.36,9.32],"rotation":{"angle":-22.5,"axis":"y","origin":[11,6.5,11]},"faces":{"west":{"uv":[10,3,11,4],"texture":"#3"}}},{"from":[5.8,8.36,8.88],"to":[5.8,8.8,9.32],"rotation":{"angle":-22.5,"axis":"y","origin":[11,6.5,11]},"faces":{"west":{"uv":[10,2,11,3],"texture":"#3"}}},{"from":[6.24,8.8,8.88],"to":[6.24,9.24,9.32],"rotation":{"angle":-22.5,"axis":"y","origin":[11,6.5,11]},"faces":{"west":{"uv":[10,1,11,2],"texture":"#3"}}},{"from":[7.56,6.16,7.56],"to":[7.56,6.6,8.88],"rotation":{"angle":-22.5,"axis":"y","origin":[11,6.5,11]},"faces":{"west":{"uv":[7,7,10,8],"texture":"#3"}}},{"from":[7.56,7.48,7.56],"to":[7.56,7.92,8.88],"rotation":{"angle":-22.5,"axis":"y","origin":[11,6.5,11]},"faces":{"west":{"uv":[7,4,10,5],"texture":"#3"}}},{"from":[7.56,5.72,8.88],"to":[7.56,6.16,9.32],"rotation":{"angle":-22.5,"axis":"y","origin":[11,6.5,11]},"faces":{"west":{"uv":[10,8,11,9],"texture":"#3"}}},{"from":[8,6.16,7.12],"to":[8,6.6,7.56],"rotation":{"angle":-22.5,"axis":"y","origin":[11,6.5,11]},"faces":{"west":{"uv":[6,7,7,8],"texture":"#3"}}},{"from":[8,7.48,7.12],"to":[8,7.92,7.56],"rotation":{"angle":-22.5,"axis":"y","origin":[11,6.5,11]},"faces":{"west":{"uv":[6,4,7,5],"texture":"#3"}}},{"from":[10.2,6.16,5.8],"to":[10.2,6.6,7.12],"rotation":{"angle":-22.5,"axis":"y","origin":[11,6.5,11]},"faces":{"west":{"uv":[3,7,6,8],"texture":"#3"}}},{"from":[10.2,7.92,5.8],"to":[10.2,8.36,6.24],"rotation":{"angle":-22.5,"axis":"y","origin":[11,6.5,11]},"faces":{"west":{"uv":[3,3,4,4],"texture":"#3"}}},{"from":[10.2,7.92,6.24],"to":[10.2,8.8,6.68],"rotation":{"angle":-22.5,"axis":"y","origin":[11,6.5,11]},"faces":{"west":{"uv":[4,2,5,4],"texture":"#3"}}},{"from":[10.2,7.92,6.68],"to":[10.2,8.36,7.12],"rotation":{"angle":-22.5,"axis":"y","origin":[11,6.5,11]},"faces":{"west":{"uv":[5,3,6,4],"texture":"#3"}}},{"from":[4.92,7.92,5.36],"to":[5.36,7.92,5.8],"rotation":{"angle":-22.5,"axis":"y","origin":[11,6.5,11]},"faces":{"up":{"uv":[1,2,2,3],"texture":"#3"}}},{"from":[7.56,7.92,5.36],"to":[8,7.92,5.8],"rotation":{"angle":-22.5,"axis":"y","origin":[11,6.5,11]},"faces":{"up":{"uv":[7,2,8,3],"texture":"#3"}}},{"from":[10.2,7.92,5.36],"to":[10.64,7.92,5.8],"rotation":{"angle":-22.5,"axis":"y","origin":[11,6.5,11]},"faces":{"up":{"uv":[13,2,14,3],"texture":"#3"}}},{"from":[7.56,7.92,7.56],"to":[8,7.92,9.32],"rotation":{"angle":-22.5,"axis":"y","origin":[11,6.5,11]},"faces":{"up":{"uv":[7,7,8,11],"texture":"#3"}}},{"from":[4.92,7.92,8.88],"to":[5.36,7.92,9.32],"rotation":{"angle":-22.5,"axis":"y","origin":[11,6.5,11]},"faces":{"up":{"uv":[1,10,2,11],"texture":"#3"}}},{"from":[8,7.92,7.12],"to":[10.64,7.92,7.56],"rotation":{"angle":-22.5,"axis":"y","origin":[11,6.5,11]},"faces":{"up":{"uv":[8,6,14,7],"texture":"#3"}}},{"from":[10.2,8.36,5.8],"to":[10.64,8.36,6.24],"rotation":{"angle":-22.5,"axis":"y","origin":[11,6.5,11]},"faces":{"up":{"uv":[13,3,14,4],"texture":"#3"}}},{"from":[5.36,8.36,8.88],"to":[5.8,8.36,9.32],"rotation":{"angle":-22.5,"axis":"y","origin":[11,6.5,11]},"faces":{"up":{"uv":[2,10,3,11],"texture":"#3"}}},{"from":[10.2,8.36,6.68],"to":[10.64,8.36,7.12],"rotation":{"angle":-22.5,"axis":"y","origin":[11,6.5,11]},"faces":{"up":{"uv":[13,5,14,6],"texture":"#3"}}},{"from":[7.12,8.36,8.88],"to":[7.56,8.36,9.32],"rotation":{"angle":-22.5,"axis":"y","origin":[11,6.5,11]},"faces":{"up":{"uv":[6,10,7,11],"texture":"#3"}}},{"from":[10.2,8.8,6.24],"to":[10.64,8.8,6.68],"rotation":{"angle":-22.5,"axis":"y","origin":[11,6.5,11]},"faces":{"up":{"uv":[13,4,14,5],"texture":"#3"}}},{"from":[5.8,8.8,8.88],"to":[6.24,8.8,9.32],"rotation":{"angle":-22.5,"axis":"y","origin":[11,6.5,11]},"faces":{"up":{"uv":[3,10,4,11],"texture":"#3"}}},{"from":[6.68,8.8,8.88],"to":[7.12,8.8,9.32],"rotation":{"angle":-22.5,"axis":"y","origin":[11,6.5,11]},"faces":{"up":{"uv":[5,10,6,11],"texture":"#3"}}},{"from":[10.2,5.72,5.36],"to":[10.64,5.72,5.8],"rotation":{"angle":-22.5,"axis":"y","origin":[11,6.5,11]},"faces":{"down":{"uv":[13,13,14,14],"texture":"#3"}}},{"from":[10.2,5.72,7.12],"to":[10.64,5.72,7.56],"rotation":{"angle":-22.5,"axis":"y","origin":[11,6.5,11]},"faces":{"down":{"uv":[13,9,14,10],"texture":"#3"}}},{"from":[7.56,5.72,8.88],"to":[8,5.72,9.32],"rotation":{"angle":-22.5,"axis":"y","origin":[11,6.5,11]},"faces":{"down":{"uv":[7,5,8,6],"texture":"#3"}}},{"from":[4.92,5.72,8.88],"to":[5.36,5.72,9.32],"rotation":{"angle":-22.5,"axis":"y","origin":[11,6.5,11]},"faces":{"down":{"uv":[1,5,2,6],"texture":"#3"}}},{"from":[10.2,6.16,5.8],"to":[10.64,6.16,7.12],"rotation":{"angle":-22.5,"axis":"y","origin":[11,6.5,11]},"faces":{"down":{"uv":[13,10,14,13],"texture":"#3"}}},{"from":[5.36,6.16,8.88],"to":[7.56,6.16,9.32],"rotation":{"angle":-22.5,"axis":"y","origin":[11,6.5,11]},"faces":{"down":{"uv":[2,5,7,6],"texture":"#3"}}},{"from":[7.56,4.4,5.8],"to":[8,6.16,5.8],"rotation":{"angle":-22.5,"axis":"y","origin":[11,6.5,11]},"faces":{"south":{"uv":[7,8,8,12],"texture":"#3"}}},{"from":[7.56,6.6,5.8],"to":[8,7.92,5.8],"rotation":{"angle":-22.5,"axis":"y","origin":[11,6.5,11]},"faces":{"south":{"uv":[7,4,8,7],"texture":"#3"}}},{"from":[5.36,6.16,5.8],"to":[10.2,6.6,5.8],"rotation":{"angle":-22.5,"axis":"y","origin":[11,6.5,11]},"faces":{"south":{"uv":[2,7,13,8],"texture":"#3"}}},{"from":[10.2,5.72,5.8],"to":[10.64,6.16,5.8],"rotation":{"angle":-22.5,"axis":"y","origin":[11,6.5,11]},"faces":{"south":{"uv":[13,8,14,9],"texture":"#3"}}},{"from":[10.2,8.36,6.68],"to":[10.64,8.8,6.68],"rotation":{"angle":-22.5,"axis":"y","origin":[11,6.5,11]},"faces":{"south":{"uv":[13,2,14,3],"texture":"#3"}}},{"from":[10.2,7.92,7.12],"to":[10.64,8.36,7.12],"rotation":{"angle":-22.5,"axis":"y","origin":[11,6.5,11]},"faces":{"south":{"uv":[13,3,14,4],"texture":"#3"}}},{"from":[9.76,4.4,7.56],"to":[10.2,5.72,7.56],"rotation":{"angle":-22.5,"axis":"y","origin":[11,6.5,11]},"faces":{"south":{"uv":[12,9,13,12],"texture":"#3"}}},{"from":[8,7.48,7.56],"to":[10.64,7.92,7.56],"rotation":{"angle":-22.5,"axis":"y","origin":[11,6.5,11]},"faces":{"south":{"uv":[8,4,14,5],"texture":"#3"}}},{"from":[10.2,6.6,7.56],"to":[10.64,7.48,7.56],"rotation":{"angle":-22.5,"axis":"y","origin":[11,6.5,11]},"faces":{"south":{"uv":[13,5,14,7],"texture":"#3"}}},{"from":[8,6.16,7.56],"to":[10.64,6.6,7.56],"rotation":{"angle":-22.5,"axis":"y","origin":[11,6.5,11]},"faces":{"south":{"uv":[8,7,14,8],"texture":"#3"}}},{"from":[9.76,5.72,7.56],"to":[10.64,6.16,7.56],"rotation":{"angle":-22.5,"axis":"y","origin":[11,6.5,11]},"faces":{"south":{"uv":[12,8,14,9],"texture":"#3"}}},{"from":[4.92,4.4,8.88],"to":[5.36,5.72,8.88],"rotation":{"angle":-22.5,"axis":"y","origin":[11,6.5,11]},"faces":{"south":{"uv":[1,9,2,12],"texture":"#3"}}},{"from":[7.56,4.4,8.88],"to":[8,5.72,8.88],"rotation":{"angle":-22.5,"axis":"y","origin":[11,6.5,11]},"faces":{"south":{"uv":[7,9,8,12],"texture":"#3"}}},{"from":[4.92,5.72,9.32],"to":[5.36,6.16,9.32],"rotation":{"angle":-22.5,"axis":"y","origin":[11,6.5,11]},"faces":{"south":{"uv":[1,8,2,9],"texture":"#3"}}},{"from":[7.56,5.72,9.32],"to":[8,6.16,9.32],"rotation":{"angle":-22.5,"axis":"y","origin":[11,6.5,11]},"faces":{"south":{"uv":[7,8,8,9],"texture":"#3"}}},{"from":[4.92,6.16,9.32],"to":[8,6.6,9.32],"rotation":{"angle":-22.5,"axis":"y","origin":[11,6.5,11]},"faces":{"south":{"uv":[1,7,8,8],"texture":"#3"}}},{"from":[4.92,6.6,9.32],"to":[5.36,7.92,9.32],"rotation":{"angle":-22.5,"axis":"y","origin":[11,6.5,11]},"faces":{"south":{"uv":[1,4,2,7],"texture":"#3"}}},{"from":[6.24,6.6,9.32],"to":[6.68,7.92,9.32],"rotation":{"angle":-22.5,"axis":"y","origin":[11,6.5,11]},"faces":{"south":{"uv":[4,4,5,7],"texture":"#3"}}},{"from":[7.56,6.6,9.32],"to":[8,7.92,9.32],"rotation":{"angle":-22.5,"axis":"y","origin":[11,6.5,11]},"faces":{"south":{"uv":[7,4,8,7],"texture":"#3"}}},{"from":[6.24,8.8,9.32],"to":[6.68,9.24,9.32],"rotation":{"angle":-22.5,"axis":"y","origin":[11,6.5,11]},"faces":{"south":{"uv":[4,1,5,2],"texture":"#3"}}},{"from":[5.36,7.92,9.32],"to":[7.56,8.36,9.32],"rotation":{"angle":-22.5,"axis":"y","origin":[11,6.5,11]},"faces":{"south":{"uv":[2,3,7,4],"texture":"#3"}}},{"from":[5.8,8.36,9.32],"to":[7.12,8.8,9.32],"rotation":{"angle":-22.5,"axis":"y","origin":[11,6.5,11]},"faces":{"south":{"uv":[3,2,6,3],"texture":"#3"}}},{"from":[4.92,4.4,5.36],"to":[5.36,6.16,5.36],"rotation":{"angle":-22.5,"axis":"y","origin":[11,6.5,11]},"faces":{"north":{"uv":[14,8,15,12],"texture":"#3"}}},{"from":[7.56,4.4,5.36],"to":[8,6.16,5.36],"rotation":{"angle":-22.5,"axis":"y","origin":[11,6.5,11]},"faces":{"north":{"uv":[8,8,9,12],"texture":"#3"}}},{"from":[9.76,4.4,5.36],"to":[10.2,5.72,5.36],"rotation":{"angle":-22.5,"axis":"y","origin":[11,6.5,11]},"faces":{"north":{"uv":[3,9,4,12],"texture":"#3"}}},{"from":[7.56,6.6,5.36],"to":[8,7.92,5.36],"rotation":{"angle":-22.5,"axis":"y","origin":[11,6.5,11]},"faces":{"north":{"uv":[8,4,9,7],"texture":"#3"}}},{"from":[10.2,6.6,5.36],"to":[10.64,7.92,5.36],"rotation":{"angle":-22.5,"axis":"y","origin":[11,6.5,11]},"faces":{"north":{"uv":[2,4,3,7],"texture":"#3"}}},{"from":[4.92,6.6,5.36],"to":[5.36,7.92,5.36],"rotation":{"angle":-22.5,"axis":"y","origin":[11,6.5,11]},"faces":{"north":{"uv":[14,4,15,7],"texture":"#3"}}},{"from":[4.92,6.16,5.36],"to":[10.64,6.6,5.36],"rotation":{"angle":-22.5,"axis":"y","origin":[11,6.5,11]},"faces":{"north":{"uv":[2,7,15,8],"texture":"#3"}}},{"from":[9.76,5.72,5.36],"to":[10.64,6.16,5.36],"rotation":{"angle":-22.5,"axis":"y","origin":[11,6.5,11]},"faces":{"north":{"uv":[2,8,4,9],"texture":"#3"}}},{"from":[10.2,7.92,5.8],"to":[10.64,8.36,5.8],"rotation":{"angle":-22.5,"axis":"y","origin":[11,6.5,11]},"faces":{"north":{"uv":[2,3,3,4],"texture":"#3"}}},{"from":[10.2,8.36,6.24],"to":[10.64,8.8,6.24],"rotation":{"angle":-22.5,"axis":"y","origin":[11,6.5,11]},"faces":{"north":{"uv":[2,2,3,3],"texture":"#3"}}},{"from":[8,7.48,7.12],"to":[10.2,7.92,7.12],"rotation":{"angle":-22.5,"axis":"y","origin":[11,6.5,11]},"faces":{"north":{"uv":[3,4,8,5],"texture":"#3"}}},{"from":[10.2,5.72,7.12],"to":[10.64,6.16,7.12],"rotation":{"angle":-22.5,"axis":"y","origin":[11,6.5,11]},"faces":{"north":{"uv":[2,8,3,9],"texture":"#3"}}},{"from":[8,6.16,7.12],"to":[10.2,6.6,7.12],"rotation":{"angle":-22.5,"axis":"y","origin":[11,6.5,11]},"faces":{"north":{"uv":[3,7,8,8],"texture":"#3"}}},{"from":[7.56,7.48,7.56],"to":[8,7.92,7.56],"rotation":{"angle":-22.5,"axis":"y","origin":[11,6.5,11]},"faces":{"north":{"uv":[8,4,9,5],"texture":"#3"}}},{"from":[7.56,6.16,7.56],"to":[8,6.6,7.56],"rotation":{"angle":-22.5,"axis":"y","origin":[11,6.5,11]},"faces":{"north":{"uv":[8,7,9,8],"texture":"#3"}}},{"from":[5.36,6.16,8.88],"to":[7.56,6.6,8.88],"rotation":{"angle":-22.5,"axis":"y","origin":[11,6.5,11]},"faces":{"north":{"uv":[9,7,14,8],"texture":"#3"}}},{"from":[6.24,6.6,8.88],"to":[6.68,7.92,8.88],"rotation":{"angle":-22.5,"axis":"y","origin":[11,6.5,11]},"faces":{"north":{"uv":[11,4,12,7],"texture":"#3"}}},{"from":[6.24,8.8,8.88],"to":[6.68,9.24,8.88],"rotation":{"angle":-22.5,"axis":"y","origin":[11,6.5,11]},"faces":{"north":{"uv":[11,1,12,2],"texture":"#3"}}},{"from":[5.36,7.92,8.88],"to":[7.56,8.36,8.88],"rotation":{"angle":-22.5,"axis":"y","origin":[11,6.5,11]},"faces":{"north":{"uv":[9,3,14,4],"texture":"#3"}}},{"from":[5.8,8.36,8.88],"to":[7.12,8.8,8.88],"rotation":{"angle":-22.5,"axis":"y","origin":[11,6.5,11]},"faces":{"north":{"uv":[10,2,13,3],"texture":"#3"}}},{"from":[6.68,3.08,4.48],"to":[7.56,3.52,4.48],"rotation":{"angle":-22.5,"axis":"y","origin":[11,6.5,11]},"faces":{"north":{"uv":[9,14,11,15],"texture":"#0"}}},{"from":[9.76,3.08,4.48],"to":[10.2,3.52,4.48],"rotation":{"angle":-22.5,"axis":"y","origin":[11,6.5,11]},"faces":{"north":{"uv":[3,14,4,15],"texture":"#0"}}},{"from":[4.48,3.52,4.48],"to":[5.36,3.96,4.48],"rotation":{"angle":-22.5,"axis":"y","origin":[11,6.5,11]},"faces":{"north":{"uv":[14,13,16,14],"texture":"#0"}}},{"from":[6.68,3.52,4.48],"to":[8,3.96,4.48],"rotation":{"angle":-22.5,"axis":"y","origin":[11,6.5,11]},"faces":{"north":{"uv":[8,13,11,14],"texture":"#0"}}},{"from":[9.32,3.52,4.48],"to":[10.64,3.96,4.48],"rotation":{"angle":-22.5,"axis":"y","origin":[11,6.5,11]},"faces":{"north":{"uv":[2,13,5,14],"texture":"#0"}}},{"from":[4.48,3.96,4.48],"to":[11.52,4.4,4.48],"rotation":{"angle":-22.5,"axis":"y","origin":[11,6.5,11]},"faces":{"north":{"uv":[0,12,16,13],"texture":"#0"}}},{"from":[11.08,3.08,11.52],"to":[11.52,3.96,11.52],"rotation":{"angle":-22.5,"axis":"y","origin":[11,6.5,11]},"faces":{"south":{"uv":[15,13,16,15],"texture":"#0"}}},{"from":[4.48,3.52,11.52],"to":[5.36,3.96,11.52],"rotation":{"angle":-22.5,"axis":"y","origin":[11,6.5,11]},"faces":{"south":{"uv":[0,13,2,14],"texture":"#0"}}},{"from":[5.8,3.52,11.52],"to":[7.56,3.96,11.52],"rotation":{"angle":-22.5,"axis":"y","origin":[11,6.5,11]},"faces":{"south":{"uv":[3,13,7,14],"texture":"#0"}}},{"from":[8.88,3.52,11.52],"to":[10.64,3.96,11.52],"rotation":{"angle":-22.5,"axis":"y","origin":[11,6.5,11]},"faces":{"south":{"uv":[10,13,14,14],"texture":"#0"}}},{"from":[9.76,6.6,11.52],"to":[10.64,7.04,11.52],"rotation":{"angle":-22.5,"axis":"y","origin":[11,6.5,11]},"faces":{"south":{"uv":[12,6,14,7],"texture":"#0"}}},{"from":[4.48,3.96,11.52],"to":[11.52,4.4,11.52],"rotation":{"angle":-22.5,"axis":"y","origin":[11,6.5,11]},"faces":{"south":{"uv":[0,12,16,13],"texture":"#0"}}},{"from":[4.48,3.52,4.48],"to":[4.48,4.4,5.36],"rotation":{"angle":-22.5,"axis":"y","origin":[11,6.5,11]},"faces":{"west":{"uv":[0,12,2,14],"texture":"#0"}}},{"from":[4.48,3.52,9.76],"to":[4.48,4.4,11.52],"rotation":{"angle":-22.5,"axis":"y","origin":[11,6.5,11]},"faces":{"west":{"uv":[12,12,16,14],"texture":"#0"}}},{"from":[4.48,3.96,5.36],"to":[4.48,4.4,7.12],"rotation":{"angle":-22.5,"axis":"y","origin":[11,6.5,11]},"faces":{"west":{"uv":[2,12,6,13],"texture":"#0"}}},{"from":[4.48,3.96,8.88],"to":[4.48,4.4,9.76],"rotation":{"angle":-22.5,"axis":"y","origin":[11,6.5,11]},"faces":{"west":{"uv":[10,12,12,13],"texture":"#0"}}},{"from":[4.48,3.52,7.12],"to":[4.48,4.4,8.88],"rotation":{"angle":-22.5,"axis":"y","origin":[11,6.5,11]},"faces":{"west":{"uv":[6,12,10,14],"texture":"#0"}}},{"from":[11.52,3.96,4.48],"to":[11.52,4.4,4.92],"rotation":{"angle":-22.5,"axis":"y","origin":[11,6.5,11]},"faces":{"east":{"uv":[15,12,16,13],"texture":"#0"}}},{"from":[11.52,3.52,4.92],"to":[11.52,4.4,5.36],"rotation":{"angle":-22.5,"axis":"y","origin":[11,6.5,11]},"faces":{"east":{"uv":[14,12,15,14],"texture":"#0"}}},{"from":[11.52,3.08,5.36],"to":[11.52,4.4,5.8],"rotation":{"angle":-22.5,"axis":"y","origin":[11,6.5,11]},"faces":{"east":{"uv":[13,12,14,15],"texture":"#0"}}},{"from":[11.52,3.52,5.8],"to":[11.52,4.4,6.68],"rotation":{"angle":-22.5,"axis":"y","origin":[11,6.5,11]},"faces":{"east":{"uv":[11,12,13,14],"texture":"#0"}}},{"from":[11.52,3.08,11.08],"to":[11.52,4.4,11.52],"rotation":{"angle":-22.5,"axis":"y","origin":[11,6.5,11]},"faces":{"east":{"uv":[0,12,1,15],"texture":"#0"}}},{"from":[11.52,3.96,6.68],"to":[11.52,4.4,7.56],"rotation":{"angle":-22.5,"axis":"y","origin":[11,6.5,11]},"faces":{"east":{"uv":[9,12,11,13],"texture":"#0"}}},{"from":[11.52,3.52,10.64],"to":[11.52,4.4,11.08],"rotation":{"angle":-22.5,"axis":"y","origin":[11,6.5,11]},"faces":{"east":{"uv":[1,12,2,14],"texture":"#0"}}},{"from":[11.52,3.52,7.56],"to":[11.52,4.4,8.88],"rotation":{"angle":-22.5,"axis":"y","origin":[11,6.5,11]},"faces":{"east":{"uv":[6,12,9,14],"texture":"#0"}}},{"from":[11.52,3.96,8.88],"to":[11.52,4.4,10.64],"rotation":{"angle":-22.5,"axis":"y","origin":[11,6.5,11]},"faces":{"east":{"uv":[2,12,6,13],"texture":"#0"}}},{"from":[10.64,6.6,11.08],"to":[10.64,7.04,11.52],"rotation":{"angle":-22.5,"axis":"y","origin":[11,6.5,11]},"faces":{"east":{"uv":[0,6,1,7],"texture":"#0"}}},{"from":[10.64,7.04,10.64],"to":[10.64,7.48,11.08],"rotation":{"angle":-22.5,"axis":"y","origin":[11,6.5,11]},"faces":{"east":{"uv":[1,5,2,6],"texture":"#0"}}},{"from":[10.64,6.6,8.88],"to":[10.64,7.04,9.32],"rotation":{"angle":-22.5,"axis":"y","origin":[11,6.5,11]},"faces":{"east":{"uv":[5,6,6,7],"texture":"#0"}}},{"from":[11.08,6.6,9.32],"to":[11.08,7.48,10.64],"rotation":{"angle":-22.5,"axis":"y","origin":[11,6.5,11]},"faces":{"east":{"uv":[2,5,5,7],"texture":"#0"}}},{"from":[11.08,6.6,10.64],"to":[11.08,7.04,11.08],"rotation":{"angle":-22.5,"axis":"y","origin":[11,6.5,11]},"faces":{"east":{"uv":[1,6,2,7],"texture":"#0"}}},{"from":[8.44,6.6,9.76],"to":[8.44,7.04,10.64],"rotation":{"angle":-22.5,"axis":"y","origin":[11,6.5,11]},"faces":{"west":{"uv":[12,6,14,7],"texture":"#0"}}},{"from":[8.88,6.6,9.32],"to":[8.88,7.04,9.76],"rotation":{"angle":-22.5,"axis":"y","origin":[11,6.5,11]},"faces":{"west":{"uv":[11,6,12,7],"texture":"#0"}}},{"from":[8.88,7.04,9.76],"to":[8.88,7.48,10.64],"rotation":{"angle":-22.5,"axis":"y","origin":[11,6.5,11]},"faces":{"west":{"uv":[12,5,14,6],"texture":"#0"}}},{"from":[8.88,6.6,10.64],"to":[8.88,7.04,11.08],"rotation":{"angle":-22.5,"axis":"y","origin":[11,6.5,11]},"faces":{"west":{"uv":[14,6,15,7],"texture":"#0"}}},{"from":[9.32,6.6,8.88],"to":[9.32,7.04,9.32],"rotation":{"angle":-22.5,"axis":"y","origin":[11,6.5,11]},"faces":{"west":{"uv":[10,6,11,7],"texture":"#0"}}},{"from":[9.32,7.04,9.32],"to":[9.32,7.48,9.76],"rotation":{"angle":-22.5,"axis":"y","origin":[11,6.5,11]},"faces":{"west":{"uv":[11,5,12,6],"texture":"#0"}}},{"from":[9.32,7.04,10.64],"to":[9.32,7.48,11.08],"rotation":{"angle":-22.5,"axis":"y","origin":[11,6.5,11]},"faces":{"west":{"uv":[14,5,15,6],"texture":"#0"}}},{"from":[9.76,6.6,11.08],"to":[9.76,7.04,11.52],"rotation":{"angle":-22.5,"axis":"y","origin":[11,6.5,11]},"faces":{"west":{"uv":[15,6,16,7],"texture":"#0"}}},{"from":[4.48,4.4,4.48],"to":[11.52,4.4,5.36],"rotation":{"angle":-22.5,"axis":"y","origin":[11,6.5,11]},"faces":{"up":{"uv":[0,0,16,2],"texture":"#0"}}},{"from":[4.48,4.4,11.08],"to":[11.52,4.4,11.52],"rotation":{"angle":-22.5,"axis":"y","origin":[11,6.5,11]},"faces":{"up":{"uv":[0,15,16,16],"texture":"#0"}}},{"from":[4.48,4.4,5.36],"to":[4.92,4.4,8.88],"rotation":{"angle":-22.5,"axis":"y","origin":[11,6.5,11]},"faces":{"up":{"uv":[0,2,1,10],"texture":"#0"}}},{"from":[10.2,4.4,5.36],"to":[11.52,4.4,7.56],"rotation":{"angle":-22.5,"axis":"y","origin":[11,6.5,11]},"faces":{"up":{"uv":[13,2,16,7],"texture":"#0"}}},{"from":[11.08,4.4,10.2],"to":[11.52,4.4,11.08],"rotation":{"angle":-22.5,"axis":"y","origin":[11,6.5,11]},"faces":{"up":{"uv":[15,13,16,15],"texture":"#0"}}},{"from":[5.8,4.4,10.2],"to":[6.68,4.4,10.64],"rotation":{"angle":-22.5,"axis":"y","origin":[11,6.5,11]},"faces":{"up":{"uv":[3,13,5,14],"texture":"#0"}}},{"from":[4.48,4.4,10.64],"to":[10.2,4.4,11.08],"rotation":{"angle":-22.5,"axis":"y","origin":[11,6.5,11]},"faces":{"up":{"uv":[0,14,13,15],"texture":"#0"}}},{"from":[4.48,4.4,10.2],"to":[5.36,4.4,10.64],"rotation":{"angle":-22.5,"axis":"y","origin":[11,6.5,11]},"faces":{"up":{"uv":[0,13,2,14],"texture":"#0"}}},{"from":[8.44,4.4,10.2],"to":[10.2,4.4,10.64],"rotation":{"angle":-22.5,"axis":"y","origin":[11,6.5,11]},"faces":{"up":{"uv":[9,13,13,14],"texture":"#0"}}},{"from":[9.76,4.4,9.76],"to":[11.52,4.4,10.2],"rotation":{"angle":-22.5,"axis":"y","origin":[11,6.5,11]},"faces":{"up":{"uv":[12,12,16,13],"texture":"#0"}}},{"from":[8,4.4,7.56],"to":[11.52,4.4,8],"rotation":{"angle":-22.5,"axis":"y","origin":[11,6.5,11]},"faces":{"up":{"uv":[8,7,16,8],"texture":"#0"}}},{"from":[7.12,4.4,9.76],"to":[7.56,4.4,10.64],"rotation":{"angle":-22.5,"axis":"y","origin":[11,6.5,11]},"faces":{"up":{"uv":[6,12,7,14],"texture":"#0"}}},{"from":[8.88,4.4,9.76],"to":[9.32,4.4,10.2],"rotation":{"angle":-22.5,"axis":"y","origin":[11,6.5,11]},"faces":{"up":{"uv":[10,12,11,13],"texture":"#0"}}},{"from":[8,4.4,8],"to":[8.88,4.4,8.88],"rotation":{"angle":-22.5,"axis":"y","origin":[11,6.5,11]},"faces":{"up":{"uv":[8,8,10,10],"texture":"#0"}}},{"from":[9.32,4.4,8],"to":[11.52,4.4,8.44],"rotation":{"angle":-22.5,"axis":"y","origin":[11,6.5,11]},"faces":{"up":{"uv":[11,8,16,9],"texture":"#0"}}},{"from":[9.76,4.4,8.44],"to":[11.52,4.4,8.88],"rotation":{"angle":-22.5,"axis":"y","origin":[11,6.5,11]},"faces":{"up":{"uv":[12,9,16,10],"texture":"#0"}}},{"from":[4.48,4.4,8.88],"to":[8.44,4.4,9.32],"rotation":{"angle":-22.5,"axis":"y","origin":[11,6.5,11]},"faces":{"up":{"uv":[0,10,9,11],"texture":"#0"}}},{"from":[9.76,4.4,8.88],"to":[10.2,4.4,9.32],"rotation":{"angle":-22.5,"axis":"y","origin":[11,6.5,11]},"faces":{"up":{"uv":[12,10,13,11],"texture":"#0"}}},{"from":[10.64,4.4,8.88],"to":[11.52,4.4,9.32],"rotation":{"angle":-22.5,"axis":"y","origin":[11,6.5,11]},"faces":{"up":{"uv":[14,10,16,11],"texture":"#0"}}},{"from":[4.48,4.4,9.32],"to":[6.68,4.4,9.76],"rotation":{"angle":-22.5,"axis":"y","origin":[11,6.5,11]},"faces":{"up":{"uv":[0,11,5,12],"texture":"#0"}}},{"from":[7.56,4.4,9.32],"to":[8,4.4,9.76],"rotation":{"angle":-22.5,"axis":"y","origin":[11,6.5,11]},"faces":{"up":{"uv":[7,11,8,12],"texture":"#0"}}},{"from":[9.32,4.4,9.32],"to":[11.52,4.4,9.76],"rotation":{"angle":-22.5,"axis":"y","origin":[11,6.5,11]},"faces":{"up":{"uv":[11,11,16,12],"texture":"#0"}}},{"from":[4.48,4.4,9.76],"to":[5.8,4.4,10.2],"rotation":{"angle":-22.5,"axis":"y","origin":[11,6.5,11]},"faces":{"up":{"uv":[0,12,3,13],"texture":"#0"}}},{"from":[9.32,7.04,8.88],"to":[10.64,7.04,9.32],"rotation":{"angle":-22.5,"axis":"y","origin":[11,6.5,11]},"faces":{"up":{"uv":[11,10,14,11],"texture":"#0"}}},{"from":[8.88,7.04,9.32],"to":[9.32,7.04,9.76],"rotation":{"angle":-22.5,"axis":"y","origin":[11,6.5,11]},"faces":{"up":{"uv":[10,11,11,12],"texture":"#0"}}},{"from":[8.44,7.04,9.76],"to":[8.88,7.04,10.64],"rotation":{"angle":-22.5,"axis":"y","origin":[11,6.5,11]},"faces":{"up":{"uv":[9,12,10,14],"texture":"#0"}}},{"from":[9.76,7.04,11.08],"to":[10.64,7.04,11.52],"rotation":{"angle":-22.5,"axis":"y","origin":[11,6.5,11]},"faces":{"up":{"uv":[12,15,14,16],"texture":"#0"}}},{"from":[8.88,7.04,10.64],"to":[9.32,7.04,11.08],"rotation":{"angle":-22.5,"axis":"y","origin":[11,6.5,11]},"faces":{"up":{"uv":[10,14,11,15],"texture":"#0"}}},{"from":[10.64,7.04,10.64],"to":[11.08,7.04,11.08],"rotation":{"angle":-22.5,"axis":"y","origin":[11,6.5,11]},"faces":{"up":{"uv":[14,14,15,15],"texture":"#0"}}},{"from":[9.32,7.48,9.32],"to":[11.08,7.48,9.76],"rotation":{"angle":-22.5,"axis":"y","origin":[11,6.5,11]},"faces":{"up":{"uv":[11,11,15,12],"texture":"#0"}}},{"from":[8.88,7.48,9.76],"to":[11.08,7.48,10.64],"rotation":{"angle":-22.5,"axis":"y","origin":[11,6.5,11]},"faces":{"up":{"uv":[10,12,15,14],"texture":"#0"}}},{"from":[9.32,7.48,10.64],"to":[10.64,7.48,11.08],"rotation":{"angle":-22.5,"axis":"y","origin":[11,6.5,11]},"faces":{"up":{"uv":[11,14,14,15],"texture":"#0"}}},{"from":[9.32,6.6,8.88],"to":[10.64,6.6,9.32],"rotation":{"angle":-22.5,"axis":"y","origin":[11,6.5,11]},"faces":{"down":{"uv":[11,5,14,6],"texture":"#0"}}},{"from":[8.88,6.6,9.32],"to":[9.76,6.6,9.76],"rotation":{"angle":-22.5,"axis":"y","origin":[11,6.5,11]},"faces":{"down":{"uv":[10,4,12,5],"texture":"#0"}}},{"from":[10.2,6.6,9.32],"to":[11.08,6.6,10.2],"rotation":{"angle":-22.5,"axis":"y","origin":[11,6.5,11]},"faces":{"down":{"uv":[13,3,15,5],"texture":"#0"}}},{"from":[8.44,6.6,9.76],"to":[9.32,6.6,10.2],"rotation":{"angle":-22.5,"axis":"y","origin":[11,6.5,11]},"faces":{"down":{"uv":[9,3,11,4],"texture":"#0"}}},{"from":[9.76,6.6,11.08],"to":[10.64,6.6,11.52],"rotation":{"angle":-22.5,"axis":"y","origin":[11,6.5,11]},"faces":{"down":{"uv":[12,0,14,1],"texture":"#0"}}},{"from":[8.44,6.6,10.2],"to":[11.08,6.6,10.64],"rotation":{"angle":-22.5,"axis":"y","origin":[11,6.5,11]},"faces":{"down":{"uv":[9,2,15,3],"texture":"#0"}}},{"from":[8.88,6.6,10.64],"to":[11.08,6.6,11.08],"rotation":{"angle":-22.5,"axis":"y","origin":[11,6.5,11]},"faces":{"down":{"uv":[10,1,15,2],"texture":"#0"}}},{"from":[10.64,7.04,10.64],"to":[11.08,7.48,10.64],"rotation":{"angle":-22.5,"axis":"y","origin":[11,6.5,11]},"faces":{"south":{"uv":[14,5,15,6],"texture":"#0"}}},{"from":[8.44,6.6,10.64],"to":[8.88,7.04,10.64],"rotation":{"angle":-22.5,"axis":"y","origin":[11,6.5,11]},"faces":{"south":{"uv":[9,6,10,7],"texture":"#0"}}},{"from":[8.88,7.04,10.64],"to":[9.32,7.48,10.64],"rotation":{"angle":-22.5,"axis":"y","origin":[11,6.5,11]},"faces":{"south":{"uv":[10,5,11,6],"texture":"#0"}}},{"from":[8.88,6.6,11.08],"to":[9.76,7.04,11.08],"rotation":{"angle":-22.5,"axis":"y","origin":[11,6.5,11]},"faces":{"south":{"uv":[10,6,12,7],"texture":"#0"}}},{"from":[10.64,6.6,11.08],"to":[11.08,7.04,11.08],"rotation":{"angle":-22.5,"axis":"y","origin":[11,6.5,11]},"faces":{"south":{"uv":[14,6,15,7],"texture":"#0"}}},{"from":[9.32,7.04,11.08],"to":[10.64,7.48,11.08],"rotation":{"angle":-22.5,"axis":"y","origin":[11,6.5,11]},"faces":{"south":{"uv":[11,5,14,6],"texture":"#0"}}},{"from":[9.32,6.6,8.88],"to":[10.64,7.04,8.88],"rotation":{"angle":-22.5,"axis":"y","origin":[11,6.5,11]},"faces":{"north":{"uv":[2,6,5,7],"texture":"#0"}}},{"from":[8.88,6.6,9.32],"to":[9.32,7.04,9.32],"rotation":{"angle":-22.5,"axis":"y","origin":[11,6.5,11]},"faces":{"north":{"uv":[5,6,6,7],"texture":"#0"}}},{"from":[10.64,6.6,9.32],"to":[11.08,7.04,9.32],"rotation":{"angle":-22.5,"axis":"y","origin":[11,6.5,11]},"faces":{"north":{"uv":[1,6,2,7],"texture":"#0"}}},{"from":[9.32,7.04,9.32],"to":[11.08,7.48,9.32],"rotation":{"angle":-22.5,"axis":"y","origin":[11,6.5,11]},"faces":{"north":{"uv":[1,5,5,6],"texture":"#0"}}},{"from":[8.88,7.04,9.76],"to":[9.32,7.48,9.76],"rotation":{"angle":-22.5,"axis":"y","origin":[11,6.5,11]},"faces":{"north":{"uv":[5,5,6,6],"texture":"#0"}}},{"from":[8.44,6.6,9.76],"to":[8.88,7.04,9.76],"rotation":{"angle":-22.5,"axis":"y","origin":[11,6.5,11]},"faces":{"north":{"uv":[6,6,7,7],"texture":"#0"}}},{"from":[4.45,2.7,4.45],"to":[11.55,9.8,11.55],"rotation":{"angle":-22.5,"axis":"y","origin":[11,6.5,11]},"faces":{"north":{"uv":[0,0,16,16],"texture":"#6"},"east":{"uv":[0,0,16,16],"texture":"#6"},"south":{"uv":[0,0,16,16],"texture":"#6"},"west":{"uv":[0,0,16,16],"texture":"#6"},"up":{"uv":[0,0,16,16],"texture":"#6"},"down":{"uv":[0,0,16,16],"texture":"#6"}}},{"from":[4.04,2.2,4.04],"to":[11.96,2.64,11.96],"rotation":{"angle":-22.5,"axis":"y","origin":[11,6.5,11]},"faces":{"north":{"uv":[0,0,9,0.5],"texture":"#5"},"east":{"uv":[0,0,9,0.5],"texture":"#5"},"south":{"uv":[0,0,9,0.5],"texture":"#5"},"west":{"uv":[0,0,9,0.5],"texture":"#5"},"up":{"uv":[0,0,9,9],"texture":"#5"}}},{"from":[3.6,1.32,3.6],"to":[12.4,2.2,12.4],"rotation":{"angle":-22.5,"axis":"y","origin":[11,6.5,11]},"faces":{"north":{"uv":[0,0,10,1],"texture":"#5"},"east":{"uv":[0,0,10,1],"texture":"#5"},"south":{"uv":[0,0,10,1],"texture":"#5"},"west":{"uv":[0,0,10,1],"texture":"#5"},"up":{"uv":[0,0,10,10],"texture":"#5"},"down":{"uv":[0,0,10,10],"texture":"#5"}}},{"from":[4.04,0.88,4.04],"to":[11.96,1.32,11.96],"rotation":{"angle":-22.5,"axis":"y","origin":[11,6.5,11]},"faces":{"north":{"uv":[0,0,9,0.5],"texture":"#5"},"east":{"uv":[0,0,9,0.5],"texture":"#5"},"south":{"uv":[0,0,9,0.5],"texture":"#5"},"west":{"uv":[0,0,9,0.5],"texture":"#5"}}},{"from":[3.6,0.44,3.6],"to":[12.4,0.88,12.4],"rotation":{"angle":-22.5,"axis":"y","origin":[11,6.5,11]},"faces":{"north":{"uv":[0,0,10,0.5],"texture":"#5"},"east":{"uv":[0,0,10,0.5],"texture":"#5"},"south":{"uv":[0,0,10,0.5],"texture":"#5"},"west":{"uv":[0,0,10,0.5],"texture":"#5"},"up":{"uv":[0,0,10,10],"texture":"#5"}}},{"from":[3.16,0,3.16],"to":[12.84,0.44,12.84],"rotation":{"angle":-22.5,"axis":"y","origin":[11,6.5,11]},"faces":{"north":{"uv":[0,0,11,0.5],"texture":"#5"},"east":{"uv":[0,0,11,0.5],"texture":"#5"},"south":{"uv":[0,0,11,0.5],"texture":"#5"},"west":{"uv":[0,0,11,0.5],"texture":"#5"},"up":{"uv":[0,0,11,11],"texture":"#5"},"down":{"uv":[0,0,11,11],"texture":"#5"}}},{"from":[6.17956,0.93956,12.42044],"to":[9.82088,2.58088,12.42044],"rotation":{"angle":-22.5,"axis":"y","origin":[11,6.5,11]},"faces":{"north":{"uv":[6,6,6.1,6.1],"texture":"#7"},"south":{"uv":[0,0,16,8],"texture":"#7"}}}]}
