{"textures":{"0":"dungoen/1","1":"dungoen/2","particle":"block/bookshelf"},"elements":[{"from":[4.75,3.5,4.25],"to":[11.75,4,14.25],"faces":{"north":{"uv":[0,11.5,7,12],"texture":"#0"},"east":{"uv":[2.5,0,3,10.5],"rotation":90,"texture":"#0"},"south":{"uv":[0,0,7,0.5],"texture":"#0"},"up":{"uv":[0,0,7,10],"texture":"#0"},"down":{"uv":[0,0,7,10],"texture":"#0"}}},{"from":[4.75,4,4.75],"to":[11.25,6.5,13.75],"faces":{"north":{"uv":[0,13.5,6.5,16],"texture":"#0"},"east":{"uv":[0,13.5,9,16],"texture":"#0"},"south":{"uv":[0,13.5,6.5,16],"texture":"#0"}}},{"from":[4.75,6.5,4.25],"to":[11.75,7,14.25],"faces":{"north":{"uv":[0,11.5,7,12],"texture":"#0"},"east":{"uv":[2.5,0,3,10.5],"rotation":90,"texture":"#0"},"south":{"uv":[0,0,7,0.5],"texture":"#0"},"up":{"uv":[0,0,7,10],"texture":"#0"},"down":{"uv":[0,0,7,10],"texture":"#0"}}},{"from":[4.25,3.5,4.25],"to":[4.75,7,14.25],"faces":{"north":{"uv":[5,3.5,5.5,7],"texture":"#0"},"east":{"uv":[0,1.5,10,5],"texture":"#0"},"south":{"uv":[4.5,3.5,5,7],"texture":"#0"},"west":{"uv":[0,0,10,3.5],"texture":"#0"},"up":{"uv":[0,0,0.5,10],"texture":"#0"},"down":{"uv":[0,0,0.5,10],"texture":"#0"}}},{"from":[2.5,0,6],"to":[9.5,0.5,16],"rotation":{"angle":22.5,"axis":"y","origin":[2.5,0,6]},"faces":{"north":{"uv":[0,11.5,7,12],"texture":"#1"},"east":{"uv":[2.5,0,3,10.5],"rotation":90,"texture":"#1"},"south":{"uv":[0,0,7,0.5],"texture":"#1"},"up":{"uv":[0,0,7,10],"texture":"#1"},"down":{"uv":[0,0,7,10],"texture":"#1"}}},{"from":[2.5,0.5,6.5],"to":[9,3,15.5],"rotation":{"angle":22.5,"axis":"y","origin":[2.5,0,6]},"faces":{"north":{"uv":[0,13.5,6.5,16],"texture":"#1"},"east":{"uv":[0,13.5,9,16],"texture":"#1"},"south":{"uv":[0,13.5,6.5,16],"texture":"#1"}}},{"from":[2.5,3,6],"to":[9.5,3.5,16],"rotation":{"angle":22.5,"axis":"y","origin":[2.5,0,6]},"faces":{"north":{"uv":[0,11.5,7,12],"texture":"#1"},"east":{"uv":[2.5,0,3,10.5],"rotation":90,"texture":"#1"},"south":{"uv":[0,0,7,0.5],"texture":"#1"},"up":{"uv":[0,0,7,10],"texture":"#1"},"down":{"uv":[0,0,7,10],"texture":"#1"}}},{"from":[2,0,6],"to":[2.5,3.5,16],"rotation":{"angle":22.5,"axis":"y","origin":[2.5,0,6]},"faces":{"north":{"uv":[5,3.5,5.5,7],"texture":"#1"},"east":{"uv":[0,1.5,10,5],"texture":"#1"},"south":{"uv":[4.5,3.5,5,7],"texture":"#1"},"west":{"uv":[0,0,10,3.5],"texture":"#1"},"up":{"uv":[0,0,0.5,10],"texture":"#1"},"down":{"uv":[0,0,0.5,10],"texture":"#1"}}}]}
