{"textures":{"3":"dungoen/title3","particle":"dungoen/book_war_of_wizards"},"elements":[{"from":[3,0,4],"to":[11,1,15.5],"rotation":{"angle":22.5,"axis":"y","origin":[3,0,4]},"faces":{"north":{"uv":[0,0,8,1],"texture":"#particle"},"east":{"uv":[8.5,0,9.5,11.5],"rotation":90,"texture":"#particle"},"south":{"uv":[0,10.5,8,11.5],"texture":"#particle"},"west":{"uv":[10,11.5,11,0],"rotation":90,"texture":"#particle"},"up":{"uv":[0,0,8,11.5],"texture":"#particle"},"down":{"uv":[0,0,8,11.5],"texture":"#particle","cullface":"down"}}},{"from":[3,3,4],"to":[11,4,15.5],"rotation":{"angle":22.5,"axis":"y","origin":[3,0,4]},"faces":{"north":{"uv":[0,0,8,1],"texture":"#particle"},"east":{"uv":[8.5,0,9.5,11.5],"rotation":90,"texture":"#particle"},"south":{"uv":[0,10.5,8,11.5],"texture":"#particle"},"west":{"uv":[10,11.5,11,0],"rotation":90,"texture":"#particle"},"up":{"uv":[0,0,8,11.5],"texture":"#particle"},"down":{"uv":[0,0,8,11.5],"texture":"#particle"}}},{"from":[3,1,4],"to":[4,3,15.5],"rotation":{"angle":22.5,"axis":"y","origin":[3,0,4]},"faces":{"north":{"uv":[10,7,11,9],"texture":"#particle"},"east":{"uv":[8.5,0,10.5,11.5],"rotation":90,"texture":"#particle"},"south":{"uv":[9,7,10,9],"texture":"#particle"},"west":{"uv":[8.5,0,10.5,11.5],"rotation":90,"texture":"#particle"}}},{"from":[4,1,4.5],"to":[10.5,3,15],"rotation":{"angle":22.5,"axis":"y","origin":[3,0,4]},"faces":{"north":{"uv":[5.5,13,12,15],"texture":"#particle"},"east":{"uv":[2.5,13,13,15],"texture":"#particle"},"south":{"uv":[4,13,10.5,15],"texture":"#particle"}}},{"from":[4,4.1,5.5],"to":[10,4.101,9],"rotation":{"angle":22.5,"axis":"y","origin":[3,0,4]},"faces":{"north":{"uv":[6,11,12,12],"texture":"#3"},"east":{"uv":[9,11,12.5,12],"texture":"#3"},"south":{"uv":[4,11,10,12],"texture":"#3"},"west":{"uv":[3.5,11,7,12],"texture":"#3"},"up":{"uv":[0,2.5,16,12],"texture":"#3"},"down":{"uv":[0,2.5,16,12.5],"texture":"#3"}}}]}
