{"textures":{"1":"dungoen/book_comoedia","2":"dungoen/book_comoedia2","3":"dungoen/title_comoedia"},"elements":[{"from":[2,0,1],"to":[14,1,15],"faces":{"north":{"uv":[0,0,6,0.5],"texture":"#1"},"east":{"uv":[5.5,0,6,7],"rotation":90,"texture":"#1"},"south":{"uv":[0,6.5,6,7],"texture":"#1"},"west":{"uv":[0,0,0.5,7],"rotation":90,"texture":"#1"},"up":{"uv":[1,1,13,15],"texture":"#2"},"down":{"uv":[0,0,6,7],"texture":"#1"}}},{"from":[3,1,2],"to":[13,5,14],"faces":{"north":{"uv":[0,14,5,16],"texture":"#1"},"east":{"uv":[0,14,6,16],"texture":"#1"},"south":{"uv":[0,14,5,16],"texture":"#1"}}},{"from":[2,1,1],"to":[3,5,15],"faces":{"north":{"uv":[7,0,7.5,2],"texture":"#1"},"east":{"uv":[7,8,14,10],"texture":"#1"},"south":{"uv":[8.5,0,9,2],"texture":"#1"},"west":{"uv":[7,8,14,10],"texture":"#1"}}},{"from":[2,5,1],"to":[14,6,3],"faces":{"north":{"uv":[1,1,13,2],"texture":"#2"},"east":{"uv":[11,10,13,11],"texture":"#2"},"south":{"uv":[1,14,13,15],"texture":"#2"},"west":{"uv":[1,10,3,11],"texture":"#2"},"up":{"uv":[1,1,13,3],"texture":"#2"},"down":{"uv":[1,13,13,15],"texture":"#2"}}},{"from":[2,5,3],"to":[4,6,15],"faces":{"east":{"uv":[1,14,13,15],"texture":"#2"},"south":{"uv":[1,14,3,15],"texture":"#2"},"west":{"uv":[1,14,13,15],"texture":"#2"},"up":{"uv":[1,3,3,15],"texture":"#2"},"down":{"uv":[1,1,3,13],"texture":"#2"}}},{"from":[6,5,3],"to":[12,6,4],"faces":{"east":{"uv":[12,10,13,11],"texture":"#2"},"south":{"uv":[5,10,11,11],"texture":"#2"},"west":{"uv":[3,10,4,11],"texture":"#2"}}},{"from":[13,5,3],"to":[14,6,4],"faces":{"east":{"uv":[12,10,13,11],"texture":"#2"},"west":{"uv":[3,10,4,11],"texture":"#2"},"up":{"uv":[12,3,13,4],"texture":"#2"},"down":{"uv":[12,12,13,13],"texture":"#2"}}},{"from":[5,5,4],"to":[11,6,7],"faces":{"north":{"uv":[6,10,12,11],"texture":"#2"},"east":{"uv":[9,10,12,11],"texture":"#2"},"south":{"uv":[4,10,10,11],"texture":"#2"},"west":{"uv":[4,10,7,11],"texture":"#2"}}},{"from":[4,5,7],"to":[8,6,13],"faces":{"east":{"uv":[3,10,9,11],"texture":"#2"},"south":{"uv":[3,10,7,11],"texture":"#2"},"up":{"uv":[3,7,7,13],"texture":"#2"}}},{"from":[4,5,5],"to":[5,6,7],"faces":{"north":{"uv":[12,10,13,11],"texture":"#2"}}},{"from":[8,5,7],"to":[9,6,8],"faces":{"east":{"uv":[8,10,9,11],"texture":"#2"},"south":{"uv":[7,10,8,11],"texture":"#2"},"up":{"uv":[7,7,8,8],"texture":"#2"}}},{"from":[4,5,13],"to":[5,6,15],"faces":{"east":{"uv":[1,10,3,11],"texture":"#2"},"south":{"uv":[3,10,4,11],"texture":"#2"},"up":{"uv":[3,13,4,15],"texture":"#2"},"down":{"uv":[3,1,4,3],"texture":"#2"}}},{"from":[5,5,14],"to":[14,6,15],"faces":{"north":{"uv":[3,10,12,11],"texture":"#2"},"east":{"uv":[1,10,2,11],"texture":"#2"},"south":{"uv":[4,10,13,11],"texture":"#2"},"up":{"uv":[4,14,13,15],"texture":"#2"},"down":{"uv":[4,1,13,2],"texture":"#2"}}},{"from":[7,5,13],"to":[14,6,14],"faces":{"north":{"uv":[3,14,10,15],"texture":"#2"},"east":{"uv":[2,14,3,15],"texture":"#2"},"west":{"uv":[12,14,13,15],"texture":"#2"},"up":{"uv":[6,13,13,14],"texture":"#2"},"down":{"uv":[6,2,13,3],"texture":"#2"}}},{"from":[12,5,12],"to":[14,6,13],"faces":{"east":{"uv":[3,10,4,11],"texture":"#2"},"west":{"uv":[12,10,13,11],"texture":"#2"},"up":{"uv":[11,12,13,13],"texture":"#2"},"down":{"uv":[11,3,13,4],"texture":"#2"}}},{"from":[9,5,9],"to":[14,6,10],"faces":{"north":{"uv":[3,10,8,11],"texture":"#2"},"east":{"uv":[6,10,7,11],"texture":"#2"},"west":{"uv":[9,10,10,11],"texture":"#2"},"up":{"uv":[8,9,13,10],"texture":"#2"},"down":{"uv":[8,6,13,7],"texture":"#2"}}},{"from":[12,5,4],"to":[14,6,5],"faces":{"north":{"uv":[3,10,5,11],"texture":"#2"},"east":{"uv":[11,10,12,11],"texture":"#2"},"west":{"uv":[4,10,5,11],"texture":"#2"},"up":{"uv":[11,4,13,5],"texture":"#2"},"down":{"uv":[11,11,13,12],"texture":"#2"}}},{"from":[10,5,7],"to":[11,6,9],"faces":{"west":{"uv":[7,10,9,11],"texture":"#2"},"up":{"uv":[9,7,10,9],"texture":"#2"}}},{"from":[8,5,10],"to":[14,6,12],"faces":{"north":{"uv":[3,10,9,11],"texture":"#2"},"east":{"uv":[4,10,6,11],"texture":"#2"},"south":{"uv":[7,10,13,11],"texture":"#2"},"up":{"uv":[7,10,13,12],"texture":"#2"},"down":{"uv":[7,4,13,6],"texture":"#2"}}},{"from":[11,5,5],"to":[14,6,9],"faces":{"north":{"uv":[3,10,6,11],"texture":"#2"},"east":{"uv":[7,10,11,11],"texture":"#2"},"up":{"uv":[10,5,13,9],"texture":"#2"},"down":{"uv":[10,7,13,11],"texture":"#2"}}},{"from":[3,5,2],"to":[13,5.5,14],"faces":{"up":{"uv":[2,2,12,14],"texture":"#2"}}},{"from":[4,6.05,3],"to":[12,6.051,7],"faces":{"east":{"uv":[10,9,14,10],"texture":"#3"},"south":{"uv":[3,9,10,10],"texture":"#3"},"up":{"uv":[0,0,16,7],"texture":"#3"},"down":{"uv":[0,0,16,8],"texture":"#3"}}}]}