{"textures":{"5":"dungoen/title2","0":"dungoen/book_dungeonstuck_top","1":"dungoen/book_dungeonstuck_middle","2":"dungoen/book_dungeonstuck_bottom"},"elements":[{"from":[1.5,7,0.5],"to":[13.5,8,9.5],"rotation":{"angle":-22.5,"axis":"y","origin":[3,10.5,7.5]},"faces":{"north":{"uv":[12,0,13,12],"rotation":90,"texture":"#0"},"east":{"uv":[0,11,9,12],"texture":"#0"},"south":{"uv":[10,0,11,12],"rotation":90,"texture":"#0"},"west":{"uv":[0,0,9,1],"texture":"#0"},"up":{"uv":[0,0,9,12],"rotation":270,"texture":"#0"},"down":{"uv":[0,0,9,12],"rotation":90,"texture":"#0"}}},{"from":[1.5,9.5,0.5],"to":[13.5,10.5,9.5],"rotation":{"angle":-22.5,"axis":"y","origin":[3,10.5,7.5]},"faces":{"north":{"uv":[8,0,9,12],"rotation":90,"texture":"#0"},"east":{"uv":[0,11,9,12],"texture":"#0"},"south":{"uv":[11,0,12,12],"rotation":90,"texture":"#0"},"west":{"uv":[0,0,9,1],"texture":"#0"},"up":{"uv":[0,0,9,12],"rotation":270,"texture":"#0"},"down":{"uv":[0,0,9,12],"rotation":90,"texture":"#0"}}},{"from":[1.5,8,8.5],"to":[13.5,9.5,9.5],"rotation":{"angle":-22.5,"axis":"y","origin":[3,10.5,7.5]},"faces":{"north":{"uv":[10,0,11.5,12],"rotation":90,"texture":"#0"},"east":{"uv":[10,6.5,11,8],"texture":"#0"},"south":{"uv":[10,0,11.5,12],"rotation":90,"texture":"#0"},"west":{"uv":[12,3.5,13,5],"texture":"#0"}}},{"from":[2,8,1],"to":[13,9.5,8.5],"rotation":{"angle":-22.5,"axis":"y","origin":[3,10.5,7.5]},"faces":{"north":{"uv":[0,13,11,14.5],"texture":"#0"},"east":{"uv":[0,13,7.5,14.5],"texture":"#0"},"west":{"uv":[0,13,7.5,14.5],"texture":"#0"}}},{"from":[3,10.6,2],"to":[7.5,10.601,7.5],"rotation":{"angle":-22.5,"axis":"y","origin":[3,10.5,7.5]},"faces":{"north":{"uv":[4.5,15,11,16],"texture":"#5"},"east":{"uv":[8,15,16,16],"texture":"#5"},"south":{"uv":[5,15,11.5,16],"texture":"#5"},"west":{"uv":[0,15,8,16],"texture":"#5"},"up":{"uv":[0,1.5,16,14],"rotation":270,"texture":"#5"},"down":{"uv":[8,4.5,16,11],"rotation":90,"texture":"#5"}}},{"from":[3,7.1,5.5],"to":[8.5,7.101,10],"rotation":{"angle":22.5,"axis":"y","origin":[1,6,4]},"faces":{"up":{"uv":[0,1.5,16,14],"texture":"#1"},"down":{"uv":[8,4.5,16,11],"texture":"#1"}}},{"from":[1,6,4],"to":[10,7,16],"rotation":{"angle":22.5,"axis":"y","origin":[1,6,4]},"faces":{"north":{"uv":[0,0,9,1],"texture":"#1"},"east":{"uv":[8,0,9,12],"rotation":90,"texture":"#1"},"south":{"uv":[0,11,9,12],"texture":"#1"},"west":{"uv":[11,0,12,12],"rotation":90,"texture":"#1"},"up":{"uv":[0,0,9,12],"texture":"#1"},"down":{"uv":[0,0,9,12],"texture":"#1"}}},{"from":[1,4.5,4],"to":[2,6,16],"rotation":{"angle":22.5,"axis":"y","origin":[1,6,4]},"faces":{"north":{"uv":[12,3.5,13,5],"texture":"#1"},"east":{"uv":[10,0,11.5,12],"rotation":90,"texture":"#1"},"south":{"uv":[10,6.5,11,8],"texture":"#1"},"west":{"uv":[10,0,11.5,12],"rotation":90,"texture":"#1"}}},{"from":[2,4.5,4.5],"to":[9.5,6,15.5],"rotation":{"angle":22.5,"axis":"y","origin":[1,6,4]},"faces":{"north":{"uv":[0,13,7.5,14.5],"texture":"#1"},"east":{"uv":[0,13,11,14.5],"texture":"#1"},"south":{"uv":[0,13,7.5,14.5],"texture":"#1"}}},{"from":[1,3.5,4],"to":[10,4.5,16],"rotation":{"angle":22.5,"axis":"y","origin":[1,6,4]},"faces":{"north":{"uv":[0,0,9,1],"texture":"#1"},"east":{"uv":[12,0,13,12],"rotation":90,"texture":"#1"},"south":{"uv":[0,11,9,12],"texture":"#1"},"west":{"uv":[10,0,11,12],"rotation":90,"texture":"#1"},"up":{"uv":[0,0,9,12],"texture":"#1"},"down":{"uv":[0,0,9,12],"texture":"#1"}}},{"from":[4,3.6,4],"to":[9.5,3.601,8.5],"faces":{"up":{"uv":[0,1.5,16,14],"texture":"#2"},"down":{"uv":[8,4.5,16,11],"texture":"#2"}}},{"from":[3,2.5,2.5],"to":[12,3.5,14.5],"faces":{"north":{"uv":[0,0,9,1],"texture":"#2"},"east":{"uv":[8,0,9,12],"rotation":90,"texture":"#2"},"south":{"uv":[0,11,9,12],"texture":"#2"},"west":{"uv":[11,0,12,12],"rotation":90,"texture":"#2"},"up":{"uv":[0,0,9,12],"texture":"#2"},"down":{"uv":[0,0,9,12],"texture":"#2"}}},{"from":[3,1,2.5],"to":[4,2.5,14.5],"faces":{"north":{"uv":[12,3.5,13,5],"texture":"#2"},"east":{"uv":[10,0,11.5,12],"rotation":90,"texture":"#2"},"south":{"uv":[10,6.5,11,8],"texture":"#2"},"west":{"uv":[10,0,11.5,12],"rotation":90,"texture":"#2"}}},{"from":[4,1,3],"to":[11.5,2.5,14],"faces":{"north":{"uv":[0,13,7.5,14.5],"texture":"#2"},"east":{"uv":[0,13,11,14.5],"texture":"#2"},"south":{"uv":[0,13,7.5,14.5],"texture":"#2"}}},{"from":[3,0,2.5],"to":[12,1,14.5],"faces":{"north":{"uv":[0,0,9,1],"texture":"#2"},"east":{"uv":[12,0,13,12],"rotation":90,"texture":"#2"},"south":{"uv":[0,11,9,12],"texture":"#2"},"west":{"uv":[10,0,11,12],"rotation":90,"texture":"#2"},"up":{"uv":[0,0,9,12],"texture":"#2"},"down":{"uv":[0,0,9,12],"texture":"#2"}}}]}
