{"textures":{"0":"dungoen/p3","particle":"block/bookshelf"},"elements":[{"from":[-0.25,1,5.5],"to":[0.25,2,6.5],"rotation":{"angle":22.5,"axis":"y","origin":[0.75,0.25,4.75]},"faces":{"north":{"uv":[15,9,15.5,10],"texture":"#0"},"south":{"uv":[14,13,14.5,14],"texture":"#0"},"west":{"uv":[14,7,15,8],"texture":"#0"},"up":{"uv":[14,5,14.5,6],"texture":"#0"},"down":{"uv":[14,10,14.5,11],"texture":"#0"}}},{"from":[0.25,0,4.5],"to":[0.75,3,7.5],"rotation":{"angle":22.5,"axis":"y","origin":[0.75,0.25,4.75]},"faces":{"north":{"uv":[15.5,10,16,13],"texture":"#0"},"east":{"uv":[13,13,16,16],"texture":"#0"},"south":{"uv":[13.5,12,14,15],"texture":"#0"},"west":{"uv":[13,13,16,16],"texture":"#0"},"up":{"uv":[13.5,4,14,7],"texture":"#0"},"down":{"uv":[13.5,9,14,12],"texture":"#0"}}},{"from":[0.75,0.25,4.75],"to":[11.75,2.75,7.25],"rotation":{"angle":22.5,"axis":"y","origin":[0.75,0.25,4.75]},"faces":{"north":{"uv":[11,12.5,0,15],"texture":"#0"},"south":{"uv":[0,10,11,12.5],"texture":"#0"},"up":{"uv":[0,10,11,12.5],"texture":"#0"},"down":{"uv":[0,13,11,10.5],"texture":"#0"}}},{"from":[11.75,0,4.5],"to":[12.25,3,7.5],"rotation":{"angle":22.5,"axis":"y","origin":[0.75,0.25,4.75]},"faces":{"north":{"uv":[15.5,10,16,13],"texture":"#0"},"east":{"uv":[13,13,16,16],"texture":"#0"},"south":{"uv":[13.5,12,14,15],"texture":"#0"},"west":{"uv":[13,13,16,16],"texture":"#0"},"up":{"uv":[13.5,4,14,7],"texture":"#0"},"down":{"uv":[13.5,9,14,12],"texture":"#0"}}},{"from":[12.25,1,5.5],"to":[12.75,2,6.5],"rotation":{"angle":22.5,"axis":"y","origin":[0.75,0.25,4.75]},"faces":{"north":{"uv":[15,9,15.5,10],"texture":"#0"},"east":{"uv":[13.5,12,14.5,13],"texture":"#0"},"south":{"uv":[14,13,14.5,14],"texture":"#0"},"up":{"uv":[14,5,14.5,6],"texture":"#0"},"down":{"uv":[14,10,14.5,11],"texture":"#0"}}},{"from":[3.75,2.75,4.75],"to":[5.25,2.9,7.25],"rotation":{"angle":22.5,"axis":"y","origin":[0.75,0.25,4.75]},"faces":{"north":{"uv":[4.5,12.5,3,10],"texture":"#0"},"east":{"uv":[4.5,12.5,3,10],"texture":"#0"},"south":{"uv":[4.5,12.5,3,10],"texture":"#0"},"west":{"uv":[4.5,12.5,3,10],"texture":"#0"},"up":{"uv":[4.5,12.5,3,10],"texture":"#0"}}},{"from":[3.75,0.1,4.75],"to":[5.25,0.25,7.25],"rotation":{"angle":22.5,"axis":"y","origin":[0.75,0.25,4.75]},"faces":{"north":{"uv":[4.5,12.5,3,10],"texture":"#0"},"east":{"uv":[4.5,12.5,3,10],"texture":"#0"},"south":{"uv":[4.5,12.5,3,10],"texture":"#0"},"west":{"uv":[4.5,12.5,3,10],"texture":"#0"},"down":{"uv":[4.5,12.5,3,10],"texture":"#0"}}},{"from":[3.75,0.25,4.6],"to":[5.25,2.75,4.75],"rotation":{"angle":22.5,"axis":"y","origin":[0.75,0.25,4.75]},"faces":{"north":{"uv":[4.5,12.5,3,10],"texture":"#0"},"east":{"uv":[4.5,12.5,3,10],"texture":"#0"},"west":{"uv":[4.5,12.5,3,10],"texture":"#0"},"up":{"uv":[4.5,12.5,3,10],"texture":"#0"},"down":{"uv":[4.5,12.5,3,10],"texture":"#0"}}},{"from":[3.75,0.25,7.25],"to":[5.25,2.75,7.4],"rotation":{"angle":22.5,"axis":"y","origin":[0.75,0.25,4.75]},"faces":{"east":{"uv":[4.5,12.5,3,10],"texture":"#0"},"south":{"uv":[4.5,12.5,3,10],"texture":"#0"},"west":{"uv":[4.5,12.5,3,10],"texture":"#0"},"up":{"uv":[4.5,12.5,3,10],"texture":"#0"},"down":{"uv":[4.5,12.5,3,10],"texture":"#0"}}},{"from":[3.25,0.75,4.6],"to":[3.75,2.25,4.75],"rotation":{"angle":22.5,"axis":"y","origin":[0.75,0.25,4.75]},"faces":{"north":{"uv":[4.5,12.5,3,10],"texture":"#0"},"west":{"uv":[4.5,12.5,3,10],"texture":"#0"},"up":{"uv":[4.5,12.5,3,10],"texture":"#0"},"down":{"uv":[4.5,12.5,3,10],"texture":"#0"}}},{"from":[5.25,0.75,4.6],"to":[5.75,2.25,4.75],"rotation":{"angle":22.5,"axis":"y","origin":[0.75,0.25,4.75]},"faces":{"north":{"uv":[4.5,12.5,3,10],"texture":"#0"},"east":{"uv":[4.5,12.5,3,10],"texture":"#0"},"up":{"uv":[4.5,12.5,3,10],"texture":"#0"},"down":{"uv":[4.5,12.5,3,10],"texture":"#0"}}},{"from":[5.75,1.75,4.6],"to":[6.25,2.25,4.75],"rotation":{"angle":22.5,"axis":"y","origin":[0.75,0.25,4.75]},"faces":{"north":{"uv":[4.5,12.5,3,10],"texture":"#0"},"east":{"uv":[4.5,12.5,3,10],"texture":"#0"},"up":{"uv":[4.5,12.5,3,10],"texture":"#0"},"down":{"uv":[4.5,12.5,3,10],"texture":"#0"}}},{"from":[5.75,0.75,4.6],"to":[6.25,1.25,4.75],"rotation":{"angle":22.5,"axis":"y","origin":[0.75,0.25,4.75]},"faces":{"north":{"uv":[4.5,12.5,3,10],"texture":"#0"},"east":{"uv":[4.5,12.5,3,10],"texture":"#0"},"up":{"uv":[4.5,12.5,3,10],"texture":"#0"},"down":{"uv":[4.5,12.5,3,10],"texture":"#0"}}},{"from":[2.75,0.75,4.6],"to":[3.25,1.25,4.75],"rotation":{"angle":22.5,"axis":"y","origin":[0.75,0.25,4.75]},"faces":{"north":{"uv":[4.5,12.5,3,10],"texture":"#0"},"west":{"uv":[4.5,12.5,3,10],"texture":"#0"},"up":{"uv":[4.5,12.5,3,10],"texture":"#0"},"down":{"uv":[4.5,12.5,3,10],"texture":"#0"}}},{"from":[2.75,1.75,4.6],"to":[3.25,2.25,4.75],"rotation":{"angle":22.5,"axis":"y","origin":[0.75,0.25,4.75]},"faces":{"north":{"uv":[4.5,12.5,3,10],"texture":"#0"},"west":{"uv":[4.5,12.5,3,10],"texture":"#0"},"up":{"uv":[4.5,12.5,3,10],"texture":"#0"},"down":{"uv":[4.5,12.5,3,10],"texture":"#0"}}},{"from":[4.25,1,12.75],"to":[5.25,2,13.25],"rotation":{"angle":22.5,"axis":"x","origin":[3.5,0.25,12.25]},"faces":{"east":{"uv":[14,13,14.5,14],"texture":"#0"},"south":{"uv":[14,7,15,8],"texture":"#0"},"west":{"uv":[15,9,15.5,10],"texture":"#0"},"up":{"uv":[14,5,14.5,6],"rotation":270,"texture":"#0"},"down":{"uv":[14,10,14.5,11],"rotation":90,"texture":"#0"}}},{"from":[3.25,0,12.25],"to":[6.25,3,12.75],"rotation":{"angle":22.5,"axis":"x","origin":[3.5,0.25,12.25]},"faces":{"north":{"uv":[13,13,16,16],"texture":"#0"},"east":{"uv":[13.5,12,14,15],"texture":"#0"},"south":{"uv":[13,13,16,16],"texture":"#0"},"west":{"uv":[15.5,10,16,13],"texture":"#0"},"up":{"uv":[13.5,4,14,7],"rotation":270,"texture":"#0"},"down":{"uv":[13.5,9,14,12],"rotation":90,"texture":"#0"}}},{"from":[3.5,0.25,1.25],"to":[6,2.75,12.25],"rotation":{"angle":22.5,"axis":"x","origin":[3.5,0.25,12.25]},"faces":{"east":{"uv":[0,10,11,12.5],"texture":"#0"},"west":{"uv":[11,12.5,0,15],"texture":"#0"},"up":{"uv":[0,10,11,12.5],"rotation":270,"texture":"#0"},"down":{"uv":[0,13,11,10.5],"rotation":90,"texture":"#0"}}},{"from":[3.2501,0,0.75],"to":[6.2501,3,1.25],"rotation":{"angle":22.5,"axis":"x","origin":[3.5,0.25,12.25]},"faces":{"north":{"uv":[13,13,16,16],"texture":"#0"},"east":{"uv":[13.5,12,14,15],"texture":"#0"},"south":{"uv":[13,13,16,16],"texture":"#0"},"west":{"uv":[15.5,10,16,13],"texture":"#0"},"up":{"uv":[13.5,4,14,7],"rotation":270,"texture":"#0"},"down":{"uv":[13.5,9,14,12],"rotation":90,"texture":"#0"}}},{"from":[4.2501,1,0.25],"to":[5.2501,2,0.75],"rotation":{"angle":22.5,"axis":"x","origin":[3.5,0.25,12.25]},"faces":{"north":{"uv":[13.5,12,14.5,13],"texture":"#0"},"east":{"uv":[14,13,14.5,14],"texture":"#0"},"west":{"uv":[15,9,15.5,10],"texture":"#0"},"up":{"uv":[14,5,14.5,6],"rotation":270,"texture":"#0"},"down":{"uv":[14,10,14.5,11],"rotation":90,"texture":"#0"}}},{"from":[3.5001,2.75,7.75],"to":[6.0001,2.9,9.25],"rotation":{"angle":22.5,"axis":"x","origin":[3.5,0.25,12.25]},"faces":{"north":{"uv":[4.5,12.5,3,10],"texture":"#0"},"east":{"uv":[4.5,12.5,3,10],"texture":"#0"},"south":{"uv":[4.5,12.5,3,10],"texture":"#0"},"west":{"uv":[4.5,12.5,3,10],"texture":"#0"},"up":{"uv":[4.5,12.5,3,10],"rotation":270,"texture":"#0"},"down":{"uv":[4.5,12.5,3,10],"rotation":90,"texture":"#0"}}},{"from":[3.5001,0.1,7.75],"to":[6.0001,0.25,9.25],"rotation":{"angle":22.5,"axis":"x","origin":[3.5,0.25,12.25]},"faces":{"north":{"uv":[4.5,12.5,3,10],"texture":"#0"},"east":{"uv":[4.5,12.5,3,10],"texture":"#0"},"south":{"uv":[4.5,12.5,3,10],"texture":"#0"},"west":{"uv":[4.5,12.5,3,10],"texture":"#0"},"up":{"uv":[4.5,12.5,3,10],"rotation":270,"texture":"#0"},"down":{"uv":[4.5,12.5,3,10],"rotation":90,"texture":"#0"}}},{"from":[3.3501,0.25,7.75],"to":[3.5001,2.75,9.25],"rotation":{"angle":22.5,"axis":"x","origin":[3.5,0.25,12.25]},"faces":{"north":{"uv":[4.5,12.5,3,10],"texture":"#0"},"south":{"uv":[4.5,12.5,3,10],"texture":"#0"},"west":{"uv":[4.5,12.5,3,10],"texture":"#0"},"up":{"uv":[4.5,12.5,3,10],"rotation":270,"texture":"#0"},"down":{"uv":[4.5,12.5,3,10],"rotation":90,"texture":"#0"}}},{"from":[6.0001,0.25,7.75],"to":[6.1501,2.75,9.25],"rotation":{"angle":22.5,"axis":"x","origin":[3.5,0.25,12.25]},"faces":{"north":{"uv":[4.5,12.5,3,10],"texture":"#0"},"east":{"uv":[4.5,12.5,3,10],"texture":"#0"},"south":{"uv":[4.5,12.5,3,10],"texture":"#0"},"west":{"uv":[4.5,12.5,3,10],"texture":"#0"},"up":{"uv":[4.5,12.5,3,10],"rotation":270,"texture":"#0"},"down":{"uv":[4.5,12.5,3,10],"rotation":90,"texture":"#0"}}},{"from":[3.35,0.75,9.25],"to":[3.5,2.25,9.75],"rotation":{"angle":22.5,"axis":"x","origin":[3.5,0.25,12.25]},"faces":{"north":{"uv":[4.5,12.5,3,10],"texture":"#0"},"south":{"uv":[4.5,12.5,3,10],"texture":"#0"},"west":{"uv":[4.5,12.5,3,10],"texture":"#0"},"up":{"uv":[4.5,12.5,3,10],"rotation":270,"texture":"#0"},"down":{"uv":[4.5,12.5,3,10],"rotation":90,"texture":"#0"}}},{"from":[3.3501,0.75,7.25],"to":[3.5001,2.25,7.75],"rotation":{"angle":22.5,"axis":"x","origin":[3.5,0.25,12.25]},"faces":{"north":{"uv":[4.5,12.5,3,10],"texture":"#0"},"west":{"uv":[4.5,12.5,3,10],"texture":"#0"},"up":{"uv":[4.5,12.5,3,10],"rotation":270,"texture":"#0"},"down":{"uv":[4.5,12.5,3,10],"rotation":90,"texture":"#0"}}},{"from":[3.3501,1.75,6.75],"to":[3.5001,2.25,7.25],"rotation":{"angle":22.5,"axis":"x","origin":[3.5,0.25,12.25]},"faces":{"north":{"uv":[4.5,12.5,3,10],"texture":"#0"},"west":{"uv":[4.5,12.5,3,10],"texture":"#0"},"up":{"uv":[4.5,12.5,3,10],"rotation":270,"texture":"#0"},"down":{"uv":[4.5,12.5,3,10],"rotation":90,"texture":"#0"}}},{"from":[3.3501,0.75,6.75],"to":[3.5001,1.25,7.25],"rotation":{"angle":22.5,"axis":"x","origin":[3.5,0.25,12.25]},"faces":{"north":{"uv":[4.5,12.5,3,10],"texture":"#0"},"west":{"uv":[4.5,12.5,3,10],"texture":"#0"},"up":{"uv":[4.5,12.5,3,10],"rotation":270,"texture":"#0"},"down":{"uv":[4.5,12.5,3,10],"rotation":90,"texture":"#0"}}},{"from":[3.35,0.75,9.75],"to":[3.5,1.25,10.25],"rotation":{"angle":22.5,"axis":"x","origin":[3.5,0.25,12.25]},"faces":{"south":{"uv":[4.5,12.5,3,10],"texture":"#0"},"west":{"uv":[4.5,12.5,3,10],"texture":"#0"},"up":{"uv":[4.5,12.5,3,10],"rotation":270,"texture":"#0"},"down":{"uv":[4.5,12.5,3,10],"rotation":90,"texture":"#0"}}},{"from":[3.35,1.75,9.75],"to":[3.5,2.25,10.25],"rotation":{"angle":22.5,"axis":"x","origin":[3.5,0.25,12.25]},"faces":{"south":{"uv":[4.5,12.5,3,10],"texture":"#0"},"west":{"uv":[4.5,12.5,3,10],"texture":"#0"},"up":{"uv":[4.5,12.5,3,10],"rotation":270,"texture":"#0"},"down":{"uv":[4.5,12.5,3,10],"rotation":90,"texture":"#0"}}},{"from":[13.25,1,3.75],"to":[14.25,2,4.25],"rotation":{"angle":-22.5,"axis":"y","origin":[15,0.25,4.75]},"faces":{"north":{"uv":[14,7,15,8],"texture":"#0"},"east":{"uv":[15,9,15.5,10],"texture":"#0"},"west":{"uv":[14,13,14.5,14],"texture":"#0"},"up":{"uv":[14,5,14.5,6],"rotation":90,"texture":"#0"},"down":{"uv":[14,10,14.5,11],"rotation":270,"texture":"#0"}}},{"from":[12.25,0,4.25],"to":[15.25,3,4.75],"rotation":{"angle":-22.5,"axis":"y","origin":[15,0.25,4.75]},"faces":{"north":{"uv":[13,13,16,16],"texture":"#0"},"east":{"uv":[15.5,10,16,13],"texture":"#0"},"south":{"uv":[13,13,16,16],"texture":"#0"},"west":{"uv":[13.5,12,14,15],"texture":"#0"},"up":{"uv":[13.5,4,14,7],"rotation":90,"texture":"#0"},"down":{"uv":[13.5,9,14,12],"rotation":270,"texture":"#0"}}},{"from":[12.5,0.25,4.75],"to":[15,2.75,15.75],"rotation":{"angle":-22.5,"axis":"y","origin":[15,0.25,4.75]},"faces":{"east":{"uv":[11,12.5,0,15],"texture":"#0"},"west":{"uv":[0,10,11,12.5],"texture":"#0"},"up":{"uv":[0,10,11,12.5],"rotation":90,"texture":"#0"},"down":{"uv":[0,13,11,10.5],"rotation":270,"texture":"#0"}}},{"from":[12.2501,0,15.75],"to":[15.2501,3,16.25],"rotation":{"angle":-22.5,"axis":"y","origin":[15,0.25,4.75]},"faces":{"north":{"uv":[13,13,16,16],"texture":"#0"},"east":{"uv":[15.5,10,16,13],"texture":"#0"},"south":{"uv":[13,13,16,16],"texture":"#0"},"west":{"uv":[13.5,12,14,15],"texture":"#0"},"up":{"uv":[13.5,4,14,7],"rotation":90,"texture":"#0"},"down":{"uv":[13.5,9,14,12],"rotation":270,"texture":"#0"}}},{"from":[13.25,1,16.25],"to":[14.25,2,16.75],"rotation":{"angle":-22.5,"axis":"y","origin":[15,0.25,4.75]},"faces":{"east":{"uv":[15,9,15.5,10],"texture":"#0"},"south":{"uv":[13.5,12,14.5,13],"texture":"#0"},"west":{"uv":[14,13,14.5,14],"texture":"#0"},"up":{"uv":[14,5,14.5,6],"rotation":90,"texture":"#0"},"down":{"uv":[14,10,14.5,11],"rotation":270,"texture":"#0"}}},{"from":[12.5,2.75,7.75],"to":[15,2.9,9.25],"rotation":{"angle":-22.5,"axis":"y","origin":[15,0.25,4.75]},"faces":{"north":{"uv":[4.5,12.5,3,10],"texture":"#0"},"east":{"uv":[4.5,12.5,3,10],"texture":"#0"},"south":{"uv":[4.5,12.5,3,10],"texture":"#0"},"west":{"uv":[4.5,12.5,3,10],"texture":"#0"},"up":{"uv":[4.5,12.5,3,10],"rotation":90,"texture":"#0"}}},{"from":[12.5,0.1,7.75],"to":[15,0.25,9.25],"rotation":{"angle":-22.5,"axis":"y","origin":[15,0.25,4.75]},"faces":{"north":{"uv":[4.5,12.5,3,10],"texture":"#0"},"east":{"uv":[4.5,12.5,3,10],"texture":"#0"},"south":{"uv":[4.5,12.5,3,10],"texture":"#0"},"west":{"uv":[4.5,12.5,3,10],"texture":"#0"},"down":{"uv":[4.5,12.5,3,10],"rotation":270,"texture":"#0"}}},{"from":[15,0.25,7.75],"to":[15.15,2.75,9.25],"rotation":{"angle":-22.5,"axis":"y","origin":[15,0.25,4.75]},"faces":{"north":{"uv":[4.5,12.5,3,10],"texture":"#0"},"east":{"uv":[4.5,12.5,3,10],"texture":"#0"},"south":{"uv":[4.5,12.5,3,10],"texture":"#0"},"up":{"uv":[4.5,12.5,3,10],"rotation":90,"texture":"#0"},"down":{"uv":[4.5,12.5,3,10],"rotation":270,"texture":"#0"}}},{"from":[12.35,0.25,7.75],"to":[12.5,2.75,9.25],"rotation":{"angle":-22.5,"axis":"y","origin":[15,0.25,4.75]},"faces":{"north":{"uv":[4.5,12.5,3,10],"texture":"#0"},"south":{"uv":[4.5,12.5,3,10],"texture":"#0"},"west":{"uv":[4.5,12.5,3,10],"texture":"#0"},"up":{"uv":[4.5,12.5,3,10],"rotation":90,"texture":"#0"},"down":{"uv":[4.5,12.5,3,10],"rotation":270,"texture":"#0"}}},{"from":[15,0.75,7.25],"to":[15.15,2.25,7.75],"rotation":{"angle":-22.5,"axis":"y","origin":[15,0.25,4.75]},"faces":{"north":{"uv":[4.5,12.5,3,10],"texture":"#0"},"east":{"uv":[4.5,12.5,3,10],"texture":"#0"},"up":{"uv":[4.5,12.5,3,10],"rotation":90,"texture":"#0"},"down":{"uv":[4.5,12.5,3,10],"rotation":270,"texture":"#0"}}},{"from":[15,0.75,9.25],"to":[15.15,2.25,9.75],"rotation":{"angle":-22.5,"axis":"y","origin":[15,0.25,4.75]},"faces":{"east":{"uv":[4.5,12.5,3,10],"texture":"#0"},"south":{"uv":[4.5,12.5,3,10],"texture":"#0"},"up":{"uv":[4.5,12.5,3,10],"rotation":90,"texture":"#0"},"down":{"uv":[4.5,12.5,3,10],"rotation":270,"texture":"#0"}}},{"from":[15,1.75,9.75],"to":[15.15,2.25,10.25],"rotation":{"angle":-22.5,"axis":"y","origin":[15,0.25,4.75]},"faces":{"east":{"uv":[4.5,12.5,3,10],"texture":"#0"},"south":{"uv":[4.5,12.5,3,10],"texture":"#0"},"up":{"uv":[4.5,12.5,3,10],"rotation":90,"texture":"#0"},"down":{"uv":[4.5,12.5,3,10],"rotation":270,"texture":"#0"}}},{"from":[15,0.75,9.75],"to":[15.15,1.25,10.25],"rotation":{"angle":-22.5,"axis":"y","origin":[15,0.25,4.75]},"faces":{"east":{"uv":[4.5,12.5,3,10],"texture":"#0"},"south":{"uv":[4.5,12.5,3,10],"texture":"#0"},"up":{"uv":[4.5,12.5,3,10],"rotation":90,"texture":"#0"},"down":{"uv":[4.5,12.5,3,10],"rotation":270,"texture":"#0"}}},{"from":[15,0.75,6.75],"to":[15.15,1.25,7.25],"rotation":{"angle":-22.5,"axis":"y","origin":[15,0.25,4.75]},"faces":{"north":{"uv":[4.5,12.5,3,10],"texture":"#0"},"east":{"uv":[4.5,12.5,3,10],"texture":"#0"},"up":{"uv":[4.5,12.5,3,10],"rotation":90,"texture":"#0"},"down":{"uv":[4.5,12.5,3,10],"rotation":270,"texture":"#0"}}},{"from":[15,1.75,6.75],"to":[15.15,2.25,7.25],"rotation":{"angle":-22.5,"axis":"y","origin":[15,0.25,4.75]},"faces":{"north":{"uv":[4.5,12.5,3,10],"texture":"#0"},"east":{"uv":[4.5,12.5,3,10],"texture":"#0"},"up":{"uv":[4.5,12.5,3,10],"rotation":90,"texture":"#0"},"down":{"uv":[4.5,12.5,3,10],"rotation":270,"texture":"#0"}}}]}
