{
    "parent": "item/generated",
    "textures": {
        "layer0": "item/flint"
    },
	"overrides": [
        {
            "predicate": {
                "custom_model_data": 0
            },
            "model": "item/flint/0"
        },
        {
            "predicate": {
                "custom_model_data": 1
            },
            "model": "item/flint/1"
        },
        {
            "predicate": {
                "custom_model_data": 2
            },
            "model": "item/flint/2"
        },
		{
            "predicate": {
                "custom_model_data": 3
            },
            "model": "item/flint/3"
        },
		{
            "predicate": {
                "custom_model_data": 4
            },
            "model": "item/flint/4"
        },
		{
            "predicate": {
                "custom_model_data": 5
            },
            "model": "item/flint/5"
        },
		{
            "predicate": {
                "custom_model_data": 6
            },
            "model": "item/flint/6"
        },
		{
            "predicate": {
                "custom_model_data": 7
            },
            "model": "item/flint/7"
        },
		{
            "predicate": {
                "custom_model_data": 8
            },
            "model": "item/flint/8"
        },
		{
            "predicate": {
                "custom_model_data": 9
            },
            "model": "item/flint/9"
        },
		{
            "predicate": {
                "custom_model_data": 10
            },
            "model": "item/flint/10"
        },
        {
            "predicate": {
                "custom_model_data": 11
            },
            "model": "item/flint/11"
        },
        {
            "predicate": {
                "custom_model_data": 12
            },
            "model": "item/flint/12"
        },
		{
            "predicate": {
                "custom_model_data": 13
            },
            "model": "item/flint/13"
        },
		{
            "predicate": {
                "custom_model_data": 14
            },
            "model": "item/flint/14"
        },
		{
            "predicate": {
                "custom_model_data": 15
            },
            "model": "item/flint/15"
        },
		{
            "predicate": {
                "custom_model_data": 16
            },
            "model": "item/flint/16"
        },
		{
            "predicate": {
                "custom_model_data": 17
            },
            "model": "item/flint/17"
        },
		{
            "predicate": {
                "custom_model_data": 18
            },
            "model": "item/flint/18"
        },
		{
            "predicate": {
                "custom_model_data": 19
            },
            "model": "item/flint/19"
        },
		{
            "predicate": {
                "custom_model_data": 20
            },
            "model": "item/flint/20"
        },
        {
            "predicate": {
                "custom_model_data": 21
            },
            "model": "item/flint/21"
        },
        {
            "predicate": {
                "custom_model_data": 22
            },
            "model": "item/flint/22"
        },
		{
            "predicate": {
                "custom_model_data": 23
            },
            "model": "item/flint/23"
        },
		{
            "predicate": {
                "custom_model_data": 24
            },
            "model": "item/flint/24"
        },
		{
            "predicate": {
                "custom_model_data": 25
            },
            "model": "item/flint/25"
        },
		{
            "predicate": {
                "custom_model_data": 26
            },
            "model": "item/flint/26"
        },
		{
            "predicate": {
                "custom_model_data": 27
            },
            "model": "item/flint/27"
        },
		{
            "predicate": {
                "custom_model_data": 28
            },
            "model": "item/flint/28"
        },
		{
            "predicate": {
                "custom_model_data": 29
            },
            "model": "item/flint/29"
        },
		{
            "predicate": {
                "custom_model_data": 30
            },
            "model": "item/flint/30"
        },
        {
            "predicate": {
                "custom_model_data": 31
            },
            "model": "item/flint/31"
        }
    ]
}
