{
    "providers": [
        {
            "type": "ttf",
            "file": "minecraft:negative_spaces.ttf",
            "shift": [0.0, 0.0],
            "size": 10.0,
            "oversample": 1.0
        },
        {
            "type": "bitmap",
            "file": "minecraft:entity/end_gateway_beam.png",
            "ascent": -14,
            "height": 10,
            "chars": [
                "\uF830"
            ]
        },
        {
            "type": "bitmap",
            "file": "minecraft:entity/end_gateway_beam.png",
            "ascent": -14,
            "height": 10,
            "chars": [
                "\uF831"
            ]
        },
        {
            "type": "bitmap",
            "file": "minecraft:entity/end_gateway_beam.png",
            "ascent": -12,
            "height": 15,
            "chars": [
                "\uF832"
            ]
        }
    ]
}