{
	"textures": {
		"0": "block/glowstone"
		,"particle":"block/spruce_planks"
	},
	"elements": [
		{
			"from": [0, 0, 0],
			"to": [16, 16, 16],
			"faces": {
				"north": {"uv": [0, 0, 16, 16], "texture": "#0","cullface":"north"},
				"east": {"uv": [0, 0, 16, 16], "texture": "#0","cullface":"east"},
				"south": {"uv": [0, 0, 16, 16], "texture": "#0","cullface":"south"},
				"west": {"uv": [0, 0, 16, 16], "texture": "#0","cullface":"west"},
				"up": {"uv": [0, 0, 16, 16], "texture": "#0","cullface":"up"},
				"down": {"uv": [0, 0, 16, 16], "texture": "#0","cullface":"down"}
			}
		}
	]
}