{"textures":{"texture":"block/ladder","particle":"block/ladder"},"elements":[{"from":[0.5,1,15.5],"to":[15.5,1.5,16],"faces":{"north":{"uv":[0,9,15,9.5],"texture":"#texture"},"east":{"uv":[0,9.5,0.5,10],"texture":"#texture"},"south":{"uv":[0,9,15,9.5],"texture":"#texture"},"west":{"uv":[0,9.5,0.5,10],"texture":"#texture"},"up":{"uv":[0,9,15,9.5],"texture":"#texture"},"down":{"uv":[0,9,15,9.5],"texture":"#texture"}}},{"from":[1,1.5,15.5],"to":[15,2,16],"faces":{"north":{"uv":[1,12,15,12.5],"texture":"#texture"},"east":{"uv":[0,9.5,0.5,10],"texture":"#texture"},"south":{"uv":[1,12,15,12.5],"texture":"#texture"},"west":{"uv":[0,9.5,0.5,10],"texture":"#texture"},"up":{"uv":[1,12,15,12.5],"texture":"#texture"}}},{"from":[0.5,2,15.5],"to":[14,2.5,16],"faces":{"north":{"uv":[0.5,11,14.5,11.5],"texture":"#texture"},"east":{"uv":[0,13.5,0.5,14],"texture":"#texture"},"south":{"uv":[0,12,13.5,12.5],"texture":"#texture"},"west":{"uv":[15,11,15.5,11.5],"texture":"#texture"},"up":{"uv":[0.5,15.5,14,16],"texture":"#texture"},"down":{"uv":[0.5,0,14,0.5],"texture":"#texture"}}},{"from":[0.75,6,15.5],"to":[14.75,6.5,16],"faces":{"north":{"uv":[1.25,9.5,15.25,10],"texture":"#texture"},"east":{"uv":[0,9.5,0.5,10],"texture":"#texture"},"south":{"uv":[0.75,9.5,14.75,10],"texture":"#texture"},"west":{"uv":[15.5,9.5,16,10],"texture":"#texture"},"up":{"uv":[0,12,14,12.5],"texture":"#texture"},"down":{"uv":[0.75,0,14.75,0.5],"texture":"#texture"}}},{"from":[1.75,6.5,15.5],"to":[13.5,7,16],"faces":{"north":{"uv":[0,3,11.75,3.5],"texture":"#texture"},"east":{"uv":[1,8.5,1.5,9],"texture":"#texture"},"south":{"uv":[0,3,11.75,3.5],"texture":"#texture"},"west":{"uv":[1,8.5,1.5,9],"texture":"#texture"}}},{"from":[0.5,7,15.5],"to":[15.25,7.5,16],"faces":{"north":{"uv":[0.75,8.5,15.5,9],"texture":"#texture"},"east":{"uv":[0,8.5,0.5,9],"texture":"#texture"},"south":{"uv":[0.5,8.5,15.25,9],"texture":"#texture"},"west":{"uv":[15.5,8.5,16,9],"texture":"#texture"},"up":{"uv":[0.5,12,15.25,12.5],"texture":"#texture"},"down":{"uv":[0.5,0,15.25,0.5],"texture":"#texture"}}},{"from":[0.75,12,15.5],"to":[15.25,12.5,16],"faces":{"north":{"uv":[0.75,3.5,15.25,4],"texture":"#texture"},"east":{"uv":[0,3.5,0.5,4],"texture":"#texture"},"south":{"uv":[0.75,3.5,15.25,4],"texture":"#texture"},"west":{"uv":[15.5,3.5,16,4],"texture":"#texture"},"up":{"uv":[0.5,12,15,12.5],"texture":"#texture"},"down":{"uv":[0.75,0,15.25,0.5],"texture":"#texture"}}},{"from":[1,12.5,15.5],"to":[13.75,13,16],"faces":{"north":{"uv":[1.5,6,14.25,6.5],"texture":"#texture"},"east":{"uv":[0,3,0.5,3.5],"texture":"#texture"},"south":{"uv":[1.5,6,14.25,6.5],"texture":"#texture"},"west":{"uv":[15.5,3,16,3.5],"texture":"#texture"},"up":{"uv":[1.5,6,14.25,6.5],"texture":"#texture"}}},{"from":[1.25,13,15.5],"to":[15,13.5,16],"faces":{"north":{"uv":[1,4,14.75,4.5],"texture":"#texture"},"east":{"uv":[0,2.5,0.5,3],"texture":"#texture"},"south":{"uv":[1,4,14.75,4.5],"texture":"#texture"},"west":{"uv":[15.5,2.5,16,3],"texture":"#texture"},"up":{"uv":[1,4,14.75,4.5],"texture":"#texture"},"down":{"uv":[1,4,14.75,4.5],"texture":"#texture"}}},{"from":[1,13.5,15.5],"to":[14.5,14,16],"faces":{"north":{"uv":[1.5,2,15,2.5],"texture":"#texture"},"east":{"uv":[0,2,0.5,2.5],"texture":"#texture"},"south":{"uv":[1,2,14.5,2.5],"texture":"#texture"},"west":{"uv":[15.5,2,16,2.5],"texture":"#texture"},"down":{"uv":[1,0,14.5,0.5],"texture":"#texture"}}},{"from":[0.5,14,15.5],"to":[15.5,14.5,16],"faces":{"north":{"uv":[0,12.5,15,13],"texture":"#texture"},"east":{"uv":[0,12,0.5,12.5],"texture":"#texture"},"south":{"uv":[0,12.5,15,13],"texture":"#texture"},"west":{"uv":[12,9,12.5,9.5],"texture":"#texture"},"up":{"uv":[15,13,0,12.5],"texture":"#texture"},"down":{"uv":[0,12.5,15,13],"texture":"#texture"}}},{"from":[1.25,7.5,15.5],"to":[15,8,16],"faces":{"north":{"uv":[1,10,14.75,10.5],"texture":"#texture"},"east":{"uv":[1,8.5,1.5,9],"texture":"#texture"},"south":{"uv":[1,10,14.75,10.5],"texture":"#texture"},"west":{"uv":[1,8.5,1.5,9],"texture":"#texture"}}},{"from":[0.75,8,15.5],"to":[15.5,8.5,16],"faces":{"north":{"uv":[0.5,7.5,15.25,8],"texture":"#texture"},"east":{"uv":[0,7.5,0.5,8],"texture":"#texture"},"south":{"uv":[0.75,7.5,15.5,8],"texture":"#texture"},"west":{"uv":[15.5,7.5,16,8],"texture":"#texture"},"up":{"uv":[0,12,14.75,12.5],"texture":"#texture"},"down":{"uv":[0.75,0,15.5,0.5],"texture":"#texture"}}},{"from":[1.5,2.5,15.5],"to":[14.5,3,16],"faces":{"north":{"uv":[1.5,3.5,14.5,4],"texture":"#texture"},"east":{"uv":[0,9.5,0.5,10],"texture":"#texture"},"south":{"uv":[1.5,3.5,14.5,4],"texture":"#texture"},"west":{"uv":[0,9.5,0.5,10],"texture":"#texture"},"down":{"uv":[1.5,3.5,14.5,4],"texture":"#texture"}}},{"from":[0.75,3,15.5],"to":[15.25,3.5,16],"faces":{"north":{"uv":[0.75,12.5,15.25,13],"texture":"#texture"},"east":{"uv":[0,12.5,0.5,13],"texture":"#texture"},"south":{"uv":[0.75,12.5,15.25,13],"texture":"#texture"},"west":{"uv":[15.5,12.5,16,13],"texture":"#texture"},"up":{"uv":[1,12,15.5,12.5],"texture":"#texture"},"down":{"uv":[0.75,0,15.25,0.5],"texture":"#texture"}}},{"from":[2.5,12.75,15.25],"to":[3.25,13.5,15.5],"faces":{"north":{"uv":[14,13.5,14.75,14.25],"texture":"#texture"},"east":{"uv":[14,13.5,14.75,14.25],"texture":"#texture"},"west":{"uv":[14,13.5,14.75,14.25],"texture":"#texture"},"up":{"uv":[14,13.5,14.75,14.25],"texture":"#texture"},"down":{"uv":[14,13.5,14.75,14.25],"texture":"#texture"}}},{"from":[12.75,12.75,15.25],"to":[13.5,13.5,15.5],"faces":{"north":{"uv":[14,13.5,14.75,14.25],"texture":"#texture"},"east":{"uv":[14,13.5,14.75,14.25],"texture":"#texture"},"west":{"uv":[14,13.5,14.75,14.25],"texture":"#texture"},"up":{"uv":[14,13.5,14.75,14.25],"texture":"#texture"},"down":{"uv":[14,13.5,14.75,14.25],"texture":"#texture"}}},{"from":[12.75,6.75,15.25],"to":[13.5,7.5,15.5],"faces":{"north":{"uv":[14,13.5,14.75,14.25],"texture":"#texture"},"east":{"uv":[14,13.5,14.75,14.25],"texture":"#texture"},"west":{"uv":[14,13.5,14.75,14.25],"texture":"#texture"},"up":{"uv":[14,13.5,14.75,14.25],"texture":"#texture"},"down":{"uv":[14,13.5,14.75,14.25],"texture":"#texture"}}},{"from":[2.5,6.75,15.25],"to":[3.25,7.5,15.5],"faces":{"north":{"uv":[14,13.5,14.75,14.25],"texture":"#texture"},"east":{"uv":[14,13.5,14.75,14.25],"texture":"#texture"},"west":{"uv":[14,13.5,14.75,14.25],"texture":"#texture"},"up":{"uv":[14,13.5,14.75,14.25],"texture":"#texture"},"down":{"uv":[14,13.5,14.75,14.25],"texture":"#texture"}}},{"from":[12.75,1.75,15.25],"to":[13.5,2.5,15.5],"faces":{"north":{"uv":[14,13.5,14.75,14.25],"texture":"#texture"},"east":{"uv":[14,13.5,14.75,14.25],"texture":"#texture"},"west":{"uv":[14,13.5,14.75,14.25],"texture":"#texture"},"up":{"uv":[14,13.5,14.75,14.25],"texture":"#texture"},"down":{"uv":[14,13.5,14.75,14.25],"texture":"#texture"}}},{"from":[2.5,1.75,15.25],"to":[3.25,2.5,15.5],"faces":{"north":{"uv":[14,13.5,14.75,14.25],"texture":"#texture"},"east":{"uv":[14,13.5,14.75,14.25],"texture":"#texture"},"west":{"uv":[14,13.5,14.75,14.25],"texture":"#texture"},"up":{"uv":[14,13.5,14.75,14.25],"texture":"#texture"},"down":{"uv":[14,13.5,14.75,14.25],"texture":"#texture"}}}]}