{"textures":{"0":"block/piston_top","1":"block/piston_side","particle":"block/piston_top"},"elements":[{"from":[0,0,0],"to":[16,4,16],"faces":{"north":{"uv":[0,0,16,4],"texture":"#1"},"east":{"uv":[0,0,16,4],"texture":"#1"},"south":{"uv":[0,0,16,4],"texture":"#1"},"west":{"uv":[0,0,16,4],"texture":"#1"},"up":{"uv":[0,0,16,16],"texture":"#0"},"down":{"uv":[0,0,16,16],"texture":"#0"}}},{"from":[6,4,6],"to":[10,16,10],"faces":{"north":{"uv":[4,0,16,4],"rotation":90,"texture":"#1"},"east":{"uv":[4,0,16,4],"rotation":90,"texture":"#1"},"south":{"uv":[4,0,16,4],"rotation":90,"texture":"#1"},"west":{"uv":[4,0,16,4],"rotation":90,"texture":"#1"},"up":{"uv":[2,0,6,4],"texture":"#1"}}}]}