{"ambientocclusion":false,"textures":{"1":"torch/torches","particle":"torch/torches"},"elements":[{"from":[6.5,8,6.5],"to":[9.5,8.5,9.5],"shade":false,"faces":{"north":{"uv":[0,0,3,0.5],"texture":"#1"},"east":{"uv":[0,0.5,3,1],"texture":"#1"},"south":{"uv":[0,1.5,3,2],"texture":"#1"},"west":{"uv":[0,1,3,1.5],"texture":"#1"},"up":{"uv":[0,0,3,3],"texture":"#1"},"down":{"uv":[0,0,3,3],"texture":"#1"}}},{"from":[7.5,8.5,6.5],"to":[8.5,10,7],"faces":{"north":{"uv":[3,0,4,1.5],"texture":"#1"},"east":{"uv":[3.5,0,4,1.5],"rotation":270,"texture":"#1"},"west":{"uv":[3,0,3.5,1.5],"rotation":90,"texture":"#1"}}},{"from":[7,10,6.5],"to":[9,10.5,7],"faces":{"north":{"uv":[3,5.5,5,6],"texture":"#1"},"east":{"uv":[4.5,5.5,5,6],"texture":"#1"},"south":{"uv":[3,5.5,5,6],"texture":"#1"},"west":{"uv":[3,5.5,3.5,6],"texture":"#1"},"up":{"uv":[3,5.5,5,6],"texture":"#1"},"down":{"uv":[3,5.5,5,6],"texture":"#1"}}},{"from":[7,10.5,6],"to":[7.5,11,6.5],"faces":{"north":{"uv":[2.5,4,3,4.5],"texture":"#1"},"east":{"uv":[2.5,4,3,4.5],"texture":"#1"},"south":{"uv":[2.5,4,3,4.5],"texture":"#1"},"west":{"uv":[2.5,4,3,4.5],"texture":"#1"},"down":{"uv":[2.5,4,3,4.5],"texture":"#1"}}},{"from":[8.5,10.5,6],"to":[9,11,6.5],"faces":{"north":{"uv":[4,2.5,4.5,3],"texture":"#1"},"east":{"uv":[4,2.5,4.5,3],"texture":"#1"},"south":{"uv":[4,2.5,4.5,3],"texture":"#1"},"west":{"uv":[4,2.5,4.5,3],"texture":"#1"},"down":{"uv":[4,2.5,4.5,3],"texture":"#1"}}},{"from":[6,12,5.5],"to":[10,12.5,6],"faces":{"north":{"uv":[0,3,4,3.5],"texture":"#1"},"east":{"uv":[3.5,3,4,3.5],"texture":"#1"},"south":{"uv":[0,3,4,3.5],"texture":"#1"},"west":{"uv":[0,3,0.5,3.5],"texture":"#1"},"up":{"uv":[0,3,4,3.5],"texture":"#1"},"down":{"uv":[0,3,4,3.5],"texture":"#1"}}},{"from":[9,12.5,5.5],"to":[9.5,13,6],"faces":{"north":{"uv":[3.5,2.5,4,3],"texture":"#1"},"east":{"uv":[3.5,2.5,4,3],"texture":"#1"},"south":{"uv":[3.5,2.5,4,3],"texture":"#1"},"west":{"uv":[3.5,2.5,4,3],"texture":"#1"}}},{"from":[6.5,12.5,5.5],"to":[7,13,6],"faces":{"north":{"uv":[3,5.5,3.5,6],"texture":"#1"},"east":{"uv":[3,5.5,3.5,6],"texture":"#1"},"south":{"uv":[3,5.5,3.5,6],"texture":"#1"},"west":{"uv":[3,5.5,3.5,6],"texture":"#1"}}},{"from":[7.5,12.5,5.5],"to":[8.5,13,6],"faces":{"north":{"uv":[2,5.5,3,6],"texture":"#1"},"east":{"uv":[1.5,5.5,2,6],"texture":"#1"},"south":{"uv":[2,5.5,3,6],"texture":"#1"},"west":{"uv":[3,5.5,3.5,6],"texture":"#1"}}},{"from":[6,13,5.5],"to":[10,13.5,6],"faces":{"north":{"uv":[0,1.5,4,2],"texture":"#1"},"east":{"uv":[3.5,1.5,4,2],"texture":"#1"},"south":{"uv":[0,1.5,4,2],"texture":"#1"},"west":{"uv":[0,1.5,0.5,2],"texture":"#1"},"up":{"uv":[0,1.5,4,2],"texture":"#1"},"down":{"uv":[0,1.5,4,2],"texture":"#1"}}},{"from":[7.5,13.5,5.5],"to":[8.5,14,6],"faces":{"north":{"uv":[1.5,1.5,2.5,2],"texture":"#1"},"east":{"uv":[2.5,1.5,3,2],"texture":"#1"},"south":{"uv":[1.5,1.5,2.5,2],"texture":"#1"},"west":{"uv":[3,1.5,3.5,2],"texture":"#1"},"up":{"uv":[1.5,1.5,2.5,2],"texture":"#1"}}},{"from":[6.5,13.5,5.5],"to":[7,14,6],"faces":{"north":{"uv":[4,5,4.5,5.5],"texture":"#1"},"east":{"uv":[4,5,4.5,5.5],"texture":"#1"},"south":{"uv":[4,5,4.5,5.5],"texture":"#1"},"west":{"uv":[4,5,4.5,5.5],"texture":"#1"},"up":{"uv":[4,5,4.5,5.5],"texture":"#1"}}},{"from":[9,13.5,5.5],"to":[9.5,14,6],"faces":{"north":{"uv":[1.5,4,2,4.5],"texture":"#1"},"east":{"uv":[1.5,4,2,4.5],"texture":"#1"},"south":{"uv":[1.5,4,2,4.5],"texture":"#1"},"west":{"uv":[1.5,4,2,4.5],"texture":"#1"},"up":{"uv":[1.5,4,2,4.5],"texture":"#1"}}},{"from":[6.5,11,6],"to":[9.5,11.5,6.5],"faces":{"north":{"uv":[0,5.5,3,6],"texture":"#1"},"east":{"uv":[2.5,5.5,3,6],"texture":"#1"},"south":{"uv":[0,5.5,3,6],"texture":"#1"},"west":{"uv":[0,5.5,0.5,6],"texture":"#1"},"up":{"uv":[0,5.5,3,6],"texture":"#1"},"down":{"uv":[0,5.5,3,6],"texture":"#1"}}},{"from":[8.5,11.5,6],"to":[9,12,6.5],"faces":{"north":{"uv":[3,2.5,3.5,3],"texture":"#1"},"east":{"uv":[3,2.5,3.5,3],"texture":"#1"},"south":{"uv":[3,2.5,3.5,3],"texture":"#1"},"west":{"uv":[3,2.5,3.5,3],"texture":"#1"},"up":{"uv":[3,2.5,3.5,3],"texture":"#1"}}},{"from":[7,11.5,6],"to":[7.5,12,6.5],"faces":{"north":{"uv":[1,3,1.5,3.5],"texture":"#1"},"east":{"uv":[1,3,1.5,3.5],"texture":"#1"},"south":{"uv":[1,3,1.5,3.5],"texture":"#1"},"west":{"uv":[1,3,1.5,3.5],"texture":"#1"},"up":{"uv":[1,3,1.5,3.5],"texture":"#1"}}},{"from":[7,0,7],"to":[9,8,9],"shade":false,"faces":{"north":{"uv":[7,8,9,16],"texture":"#1"},"east":{"uv":[7,8,9,16],"texture":"#1"},"south":{"uv":[7,8,9,16],"texture":"#1"},"west":{"uv":[7,8,9,16],"texture":"#1"},"down":{"uv":[7,14,9,16],"texture":"#1","cullface":"down"}}},{"from":[7,8.5,7],"to":[9,10,9],"shade":false,"faces":{"north":{"uv":[7,6,9,7.5],"texture":"#1"},"east":{"uv":[7,6,9,7.5],"texture":"#1"},"south":{"uv":[7,6,9,7.5],"texture":"#1"},"west":{"uv":[7,6,9,7.5],"texture":"#1"},"up":{"uv":[7,6,9,8],"texture":"#1"}}},{"from":[7,10,7],"to":[7.5,10.5,7.5],"faces":{"up":{"uv":[12,2,12.5,2.5],"texture":"#1"}}},{"from":[7.5,10,7],"to":[8,11,7.5],"faces":{"north":{"uv":[14,2,14.5,3],"texture":"#1"},"east":{"uv":[14,2,14.5,3],"texture":"#1"},"south":{"uv":[14,2,14.5,3],"texture":"#1"},"west":{"uv":[14,2,14.5,3],"texture":"#1"},"up":{"uv":[14,2,14.5,2.5],"texture":"#1"}}},{"from":[8,10,7],"to":[8.5,10.7,7.5],"faces":{"north":{"uv":[12.5,3.5,13,4],"texture":"#1"},"east":{"uv":[12.5,3.5,13,4],"texture":"#1"},"up":{"uv":[12.5,3.5,13,4],"texture":"#1"}}},{"from":[8.5,10,7],"to":[9,10.3,7.5],"faces":{"up":{"uv":[12.5,3.5,13,4],"texture":"#1"}}},{"from":[8.5,10,7.5],"to":[9,10.2,8],"faces":{"up":{"uv":[15,1,15.5,1.5],"texture":"#1"}}},{"from":[8,10,7.5],"to":[8.5,10.9,8],"faces":{"north":{"uv":[12,2,12.5,2.5],"texture":"#1"},"east":{"uv":[12,2,12.5,2.5],"texture":"#1"},"south":{"uv":[12,2,12.5,2.5],"texture":"#1"},"west":{"uv":[12,2,12.5,2.5],"texture":"#1"},"up":{"uv":[12,2,12.5,2.5],"texture":"#1"}}},{"from":[7.5,10,7.5],"to":[8,10.4,8],"faces":{"south":{"uv":[12,2,12.5,2.5],"texture":"#1"},"up":{"uv":[12,2,12.5,2.5],"texture":"#1"}}},{"from":[7,10,7.5],"to":[7.5,10.8,8],"faces":{"north":{"uv":[15,2.5,15.5,3.3],"texture":"#1"},"east":{"uv":[15,2.5,15.5,3.3],"texture":"#1"},"south":{"uv":[15,2.5,15.5,3.3],"texture":"#1"},"west":{"uv":[15,2.5,15.5,3.3],"texture":"#1"},"up":{"uv":[15,2.5,15.5,3.3],"texture":"#1"}}},{"from":[7,10,8],"to":[7.5,10.5,8.5],"faces":{"east":{"uv":[12,2,12.5,2.5],"texture":"#1"},"south":{"uv":[12,2,12.5,2.5],"texture":"#1"},"up":{"uv":[12,2,12.5,2.5],"texture":"#1"}}},{"from":[8,10,8],"to":[8.5,10.65,8.5],"faces":{"east":{"uv":[14,1,14.5,1.65],"texture":"#1"},"south":{"uv":[14,1,14.5,1.65],"texture":"#1"},"west":{"uv":[14,1,14.5,1.65],"texture":"#1"},"up":{"uv":[14,1,14.5,1.65],"texture":"#1"}}},{"from":[8.5,10,8],"to":[9,10.35,8.5],"faces":{"north":{"uv":[12,2,12.5,2.5],"texture":"#1"},"up":{"uv":[12,2,12.5,2.5],"texture":"#1"}}},{"from":[8.5,10,8.5],"to":[9,10.5,9],"faces":{"north":{"uv":[15,2.5,15.5,3.3],"texture":"#1"},"west":{"uv":[15,2.5,15.5,3.3],"texture":"#1"},"up":{"uv":[15,2.5,15.5,3.3],"texture":"#1"}}},{"from":[8,10,8.5],"to":[8.5,10.234,9],"faces":{"up":{"uv":[12,2,12.5,2.5],"texture":"#1"}}},{"from":[7.5,10,8.5],"to":[8,10.7,9],"faces":{"north":{"uv":[12,2,12.5,2.5],"texture":"#1"},"east":{"uv":[12,2,12.5,2.5],"texture":"#1"},"south":{"uv":[12,2,12.5,2.5],"texture":"#1"},"west":{"uv":[12,2,12.5,2.5],"texture":"#1"},"up":{"uv":[12,2,12.5,2.5],"texture":"#1"}}},{"from":[7,10,8.5],"to":[7.5,10.2,9],"faces":{"up":{"uv":[12.5,1,13,1.5],"texture":"#1"}}},{"from":[9,8.5,7.5],"to":[9.5,10,8.5],"faces":{"north":{"uv":[3,0,3.5,1.5],"rotation":90,"texture":"#1"},"east":{"uv":[3,0,4,1.5],"texture":"#1"},"south":{"uv":[3.5,0,4,1.5],"rotation":270,"texture":"#1"}}},{"from":[9,10,7],"to":[9.5,10.5,9],"faces":{"north":{"uv":[3,5.5,3.5,6],"texture":"#1"},"east":{"uv":[3,5.5,5,6],"texture":"#1"},"south":{"uv":[4.5,5.5,5,6],"texture":"#1"},"west":{"uv":[3,5.5,5,6],"texture":"#1"},"up":{"uv":[3,5.5,5,6],"rotation":90,"texture":"#1"},"down":{"uv":[3,5.5,5,6],"rotation":270,"texture":"#1"}}},{"from":[9.5,10.5,8.5],"to":[10,11,9],"faces":{"north":{"uv":[4,2.5,4.5,3],"texture":"#1"},"east":{"uv":[4,2.5,4.5,3],"texture":"#1"},"south":{"uv":[4,2.5,4.5,3],"texture":"#1"},"west":{"uv":[4,2.5,4.5,3],"texture":"#1"},"down":{"uv":[4,2.5,4.5,3],"rotation":270,"texture":"#1"}}},{"from":[9.5,10.5,7],"to":[10,11,7.5],"faces":{"north":{"uv":[2.5,4,3,4.5],"texture":"#1"},"east":{"uv":[2.5,4,3,4.5],"texture":"#1"},"south":{"uv":[2.5,4,3,4.5],"texture":"#1"},"west":{"uv":[2.5,4,3,4.5],"texture":"#1"},"down":{"uv":[2.5,4,3,4.5],"rotation":270,"texture":"#1"}}},{"from":[9.5,11,6.5],"to":[10,11.5,9.5],"faces":{"north":{"uv":[0,5.5,0.5,6],"texture":"#1"},"east":{"uv":[0,5.5,3,6],"texture":"#1"},"south":{"uv":[2.5,5.5,3,6],"texture":"#1"},"west":{"uv":[0,5.5,3,6],"texture":"#1"},"up":{"uv":[0,5.5,3,6],"rotation":90,"texture":"#1"},"down":{"uv":[0,5.5,3,6],"rotation":270,"texture":"#1"}}},{"from":[9.5,11.5,7],"to":[10,12,7.5],"faces":{"north":{"uv":[1,3,1.5,3.5],"texture":"#1"},"east":{"uv":[1,3,1.5,3.5],"texture":"#1"},"south":{"uv":[1,3,1.5,3.5],"texture":"#1"},"west":{"uv":[1,3,1.5,3.5],"texture":"#1"},"up":{"uv":[1,3,1.5,3.5],"rotation":90,"texture":"#1"}}},{"from":[9.5,11.5,8.5],"to":[10,12,9],"faces":{"north":{"uv":[3,2.5,3.5,3],"texture":"#1"},"east":{"uv":[3,2.5,3.5,3],"texture":"#1"},"south":{"uv":[3,2.5,3.5,3],"texture":"#1"},"west":{"uv":[3,2.5,3.5,3],"texture":"#1"},"up":{"uv":[3,2.5,3.5,3],"rotation":90,"texture":"#1"}}},{"from":[10,12,6],"to":[10.5,12.5,10],"faces":{"north":{"uv":[0,3,0.5,3.5],"texture":"#1"},"east":{"uv":[0,3,4,3.5],"texture":"#1"},"south":{"uv":[3.5,3,4,3.5],"texture":"#1"},"west":{"uv":[0,3,4,3.5],"texture":"#1"},"up":{"uv":[0,3,4,3.5],"rotation":90,"texture":"#1"},"down":{"uv":[0,3,4,3.5],"rotation":270,"texture":"#1"}}},{"from":[10,12.5,9],"to":[10.5,13,9.5],"faces":{"north":{"uv":[3.5,2.5,4,3],"texture":"#1"},"east":{"uv":[3.5,2.5,4,3],"texture":"#1"},"south":{"uv":[3.5,2.5,4,3],"texture":"#1"},"west":{"uv":[3.5,2.5,4,3],"texture":"#1"}}},{"from":[10,12.5,7.5],"to":[10.5,13,8.5],"faces":{"north":{"uv":[3,5.5,3.5,6],"texture":"#1"},"east":{"uv":[2,5.5,3,6],"texture":"#1"},"south":{"uv":[1.5,5.5,2,6],"texture":"#1"},"west":{"uv":[2,5.5,3,6],"texture":"#1"}}},{"from":[10,12.5,6.5],"to":[10.5,13,7],"faces":{"north":{"uv":[3,5.5,3.5,6],"texture":"#1"},"east":{"uv":[3,5.5,3.5,6],"texture":"#1"},"south":{"uv":[3,5.5,3.5,6],"texture":"#1"},"west":{"uv":[3,5.5,3.5,6],"texture":"#1"}}},{"from":[10,13,6],"to":[10.5,13.5,10],"faces":{"north":{"uv":[0,1.5,0.5,2],"texture":"#1"},"east":{"uv":[0,1.5,4,2],"texture":"#1"},"south":{"uv":[3.5,1.5,4,2],"texture":"#1"},"west":{"uv":[0,1.5,4,2],"texture":"#1"},"up":{"uv":[0,1.5,4,2],"rotation":90,"texture":"#1"},"down":{"uv":[0,1.5,4,2],"rotation":270,"texture":"#1"}}},{"from":[10,13.5,6.5],"to":[10.5,14,7],"faces":{"north":{"uv":[4,5,4.5,5.5],"texture":"#1"},"east":{"uv":[4,5,4.5,5.5],"texture":"#1"},"south":{"uv":[4,5,4.5,5.5],"texture":"#1"},"west":{"uv":[4,5,4.5,5.5],"texture":"#1"},"up":{"uv":[4,5,4.5,5.5],"rotation":90,"texture":"#1"}}},{"from":[10,13.5,7.5],"to":[10.5,14,8.5],"faces":{"north":{"uv":[3,1.5,3.5,2],"texture":"#1"},"east":{"uv":[1.5,1.5,2.5,2],"texture":"#1"},"south":{"uv":[2.5,1.5,3,2],"texture":"#1"},"west":{"uv":[1.5,1.5,2.5,2],"texture":"#1"},"up":{"uv":[1.5,1.5,2.5,2],"rotation":90,"texture":"#1"}}},{"from":[10,13.5,9],"to":[10.5,14,9.5],"faces":{"north":{"uv":[1.5,4,2,4.5],"texture":"#1"},"east":{"uv":[1.5,4,2,4.5],"texture":"#1"},"south":{"uv":[1.5,4,2,4.5],"texture":"#1"},"west":{"uv":[1.5,4,2,4.5],"texture":"#1"},"up":{"uv":[1.5,4,2,4.5],"rotation":90,"texture":"#1"}}},{"from":[7.5,8.5,9],"to":[8.5,10,9.5],"faces":{"east":{"uv":[3,0,3.5,1.5],"rotation":90,"texture":"#1"},"south":{"uv":[3,0,4,1.5],"texture":"#1"},"west":{"uv":[3.5,0,4,1.5],"rotation":270,"texture":"#1"}}},{"from":[7,10,9],"to":[9,10.5,9.5],"faces":{"north":{"uv":[3,5.5,5,6],"texture":"#1"},"east":{"uv":[3,5.5,3.5,6],"texture":"#1"},"south":{"uv":[3,5.5,5,6],"texture":"#1"},"west":{"uv":[4.5,5.5,5,6],"texture":"#1"},"up":{"uv":[3,5.5,5,6],"rotation":180,"texture":"#1"},"down":{"uv":[3,5.5,5,6],"rotation":180,"texture":"#1"}}},{"from":[7,10.5,9.5],"to":[7.5,11,10],"faces":{"north":{"uv":[4,2.5,4.5,3],"texture":"#1"},"east":{"uv":[4,2.5,4.5,3],"texture":"#1"},"south":{"uv":[4,2.5,4.5,3],"texture":"#1"},"west":{"uv":[4,2.5,4.5,3],"texture":"#1"},"down":{"uv":[4,2.5,4.5,3],"rotation":180,"texture":"#1"}}},{"from":[8.5,10.5,9.5],"to":[9,11,10],"faces":{"north":{"uv":[2.5,4,3,4.5],"texture":"#1"},"east":{"uv":[2.5,4,3,4.5],"texture":"#1"},"south":{"uv":[2.5,4,3,4.5],"texture":"#1"},"west":{"uv":[2.5,4,3,4.5],"texture":"#1"},"down":{"uv":[2.5,4,3,4.5],"rotation":180,"texture":"#1"}}},{"from":[6.5,11,9.5],"to":[9.5,11.5,10],"faces":{"north":{"uv":[0,5.5,3,6],"texture":"#1"},"east":{"uv":[0,5.5,0.5,6],"texture":"#1"},"south":{"uv":[0,5.5,3,6],"texture":"#1"},"west":{"uv":[2.5,5.5,3,6],"texture":"#1"},"up":{"uv":[0,5.5,3,6],"rotation":180,"texture":"#1"},"down":{"uv":[0,5.5,3,6],"rotation":180,"texture":"#1"}}},{"from":[8.5,11.5,9.5],"to":[9,12,10],"faces":{"north":{"uv":[1,3,1.5,3.5],"texture":"#1"},"east":{"uv":[1,3,1.5,3.5],"texture":"#1"},"south":{"uv":[1,3,1.5,3.5],"texture":"#1"},"west":{"uv":[1,3,1.5,3.5],"texture":"#1"},"up":{"uv":[1,3,1.5,3.5],"rotation":180,"texture":"#1"}}},{"from":[7,11.5,9.5],"to":[7.5,12,10],"faces":{"north":{"uv":[3,2.5,3.5,3],"texture":"#1"},"east":{"uv":[3,2.5,3.5,3],"texture":"#1"},"south":{"uv":[3,2.5,3.5,3],"texture":"#1"},"west":{"uv":[3,2.5,3.5,3],"texture":"#1"},"up":{"uv":[3,2.5,3.5,3],"rotation":180,"texture":"#1"}}},{"from":[6,12,10],"to":[10,12.5,10.5],"faces":{"north":{"uv":[0,3,4,3.5],"texture":"#1"},"east":{"uv":[0,3,0.5,3.5],"texture":"#1"},"south":{"uv":[0,3,4,3.5],"texture":"#1"},"west":{"uv":[3.5,3,4,3.5],"texture":"#1"},"up":{"uv":[0,3,4,3.5],"rotation":180,"texture":"#1"},"down":{"uv":[0,3,4,3.5],"rotation":180,"texture":"#1"}}},{"from":[6.5,12.5,10],"to":[7,13,10.5],"faces":{"north":{"uv":[3.5,2.5,4,3],"texture":"#1"},"east":{"uv":[3.5,2.5,4,3],"texture":"#1"},"south":{"uv":[3.5,2.5,4,3],"texture":"#1"},"west":{"uv":[3.5,2.5,4,3],"texture":"#1"}}},{"from":[7.5,12.5,10],"to":[8.5,13,10.5],"faces":{"north":{"uv":[2,5.5,3,6],"texture":"#1"},"east":{"uv":[3,5.5,3.5,6],"texture":"#1"},"south":{"uv":[2,5.5,3,6],"texture":"#1"},"west":{"uv":[1.5,5.5,2,6],"texture":"#1"}}},{"from":[9,12.5,10],"to":[9.5,13,10.5],"faces":{"north":{"uv":[3,5.5,3.5,6],"texture":"#1"},"east":{"uv":[3,5.5,3.5,6],"texture":"#1"},"south":{"uv":[3,5.5,3.5,6],"texture":"#1"},"west":{"uv":[3,5.5,3.5,6],"texture":"#1"}}},{"from":[6,13,10],"to":[10,13.5,10.5],"faces":{"north":{"uv":[0,1.5,4,2],"texture":"#1"},"east":{"uv":[0,1.5,0.5,2],"texture":"#1"},"south":{"uv":[0,1.5,4,2],"texture":"#1"},"west":{"uv":[3.5,1.5,4,2],"texture":"#1"},"up":{"uv":[0,1.5,4,2],"rotation":180,"texture":"#1"},"down":{"uv":[0,1.5,4,2],"rotation":180,"texture":"#1"}}},{"from":[9,13.5,10],"to":[9.5,14,10.5],"faces":{"north":{"uv":[4,5,4.5,5.5],"texture":"#1"},"east":{"uv":[4,5,4.5,5.5],"texture":"#1"},"south":{"uv":[4,5,4.5,5.5],"texture":"#1"},"west":{"uv":[4,5,4.5,5.5],"texture":"#1"},"up":{"uv":[4,5,4.5,5.5],"rotation":180,"texture":"#1"}}},{"from":[7.5,13.5,10],"to":[8.5,14,10.5],"faces":{"north":{"uv":[1.5,1.5,2.5,2],"texture":"#1"},"east":{"uv":[3,1.5,3.5,2],"texture":"#1"},"south":{"uv":[1.5,1.5,2.5,2],"texture":"#1"},"west":{"uv":[2.5,1.5,3,2],"texture":"#1"},"up":{"uv":[1.5,1.5,2.5,2],"rotation":180,"texture":"#1"}}},{"from":[6.5,13.5,10],"to":[7,14,10.5],"faces":{"north":{"uv":[1.5,4,2,4.5],"texture":"#1"},"east":{"uv":[1.5,4,2,4.5],"texture":"#1"},"south":{"uv":[1.5,4,2,4.5],"texture":"#1"},"west":{"uv":[1.5,4,2,4.5],"texture":"#1"},"up":{"uv":[1.5,4,2,4.5],"rotation":180,"texture":"#1"}}},{"from":[6.5,8.5,7.5],"to":[7,10,8.5],"faces":{"north":{"uv":[3.5,0,4,1.5],"rotation":270,"texture":"#1"},"south":{"uv":[3,0,3.5,1.5],"rotation":90,"texture":"#1"},"west":{"uv":[3,0,4,1.5],"texture":"#1"}}},{"from":[6.5,10,7],"to":[7,10.5,9],"faces":{"north":{"uv":[4.5,5.5,5,6],"texture":"#1"},"east":{"uv":[3,5.5,5,6],"texture":"#1"},"south":{"uv":[3,5.5,3.5,6],"texture":"#1"},"west":{"uv":[3,5.5,5,6],"texture":"#1"},"up":{"uv":[3,5.5,5,6],"rotation":270,"texture":"#1"},"down":{"uv":[3,5.5,5,6],"rotation":90,"texture":"#1"}}},{"from":[6,10.5,7],"to":[6.5,11,7.5],"faces":{"north":{"uv":[4,2.5,4.5,3],"texture":"#1"},"east":{"uv":[4,2.5,4.5,3],"texture":"#1"},"south":{"uv":[4,2.5,4.5,3],"texture":"#1"},"west":{"uv":[4,2.5,4.5,3],"texture":"#1"},"down":{"uv":[4,2.5,4.5,3],"rotation":90,"texture":"#1"}}},{"from":[6,10.5,8.5],"to":[6.5,11,9],"faces":{"north":{"uv":[2.5,4,3,4.5],"texture":"#1"},"east":{"uv":[2.5,4,3,4.5],"texture":"#1"},"south":{"uv":[2.5,4,3,4.5],"texture":"#1"},"west":{"uv":[2.5,4,3,4.5],"texture":"#1"},"down":{"uv":[2.5,4,3,4.5],"rotation":90,"texture":"#1"}}},{"from":[6,11,6.5],"to":[6.5,11.5,9.5],"faces":{"north":{"uv":[2.5,5.5,3,6],"texture":"#1"},"east":{"uv":[0,5.5,3,6],"texture":"#1"},"south":{"uv":[0,5.5,0.5,6],"texture":"#1"},"west":{"uv":[0,5.5,3,6],"texture":"#1"},"up":{"uv":[0,5.5,3,6],"rotation":270,"texture":"#1"},"down":{"uv":[0,5.5,3,6],"rotation":90,"texture":"#1"}}},{"from":[6,11.5,8.5],"to":[6.5,12,9],"faces":{"north":{"uv":[1,3,1.5,3.5],"texture":"#1"},"east":{"uv":[1,3,1.5,3.5],"texture":"#1"},"south":{"uv":[1,3,1.5,3.5],"texture":"#1"},"west":{"uv":[1,3,1.5,3.5],"texture":"#1"},"up":{"uv":[1,3,1.5,3.5],"rotation":270,"texture":"#1"}}},{"from":[6,11.5,7],"to":[6.5,12,7.5],"faces":{"north":{"uv":[3,2.5,3.5,3],"texture":"#1"},"east":{"uv":[3,2.5,3.5,3],"texture":"#1"},"south":{"uv":[3,2.5,3.5,3],"texture":"#1"},"west":{"uv":[3,2.5,3.5,3],"texture":"#1"},"up":{"uv":[3,2.5,3.5,3],"rotation":270,"texture":"#1"}}},{"from":[5.5,12,6],"to":[6,12.5,10],"faces":{"north":{"uv":[3.5,3,4,3.5],"texture":"#1"},"east":{"uv":[0,3,4,3.5],"texture":"#1"},"south":{"uv":[0,3,0.5,3.5],"texture":"#1"},"west":{"uv":[0,3,4,3.5],"texture":"#1"},"up":{"uv":[0,3,4,3.5],"rotation":270,"texture":"#1"},"down":{"uv":[0,3,4,3.5],"rotation":90,"texture":"#1"}}},{"from":[5.5,12.5,6.5],"to":[6,13,7],"faces":{"north":{"uv":[3.5,2.5,4,3],"texture":"#1"},"east":{"uv":[3.5,2.5,4,3],"texture":"#1"},"south":{"uv":[3.5,2.5,4,3],"texture":"#1"},"west":{"uv":[3.5,2.5,4,3],"texture":"#1"}}},{"from":[5.5,12.5,7.5],"to":[6,13,8.5],"faces":{"north":{"uv":[1.5,5.5,2,6],"texture":"#1"},"east":{"uv":[2,5.5,3,6],"texture":"#1"},"south":{"uv":[3,5.5,3.5,6],"texture":"#1"},"west":{"uv":[2,5.5,3,6],"texture":"#1"}}},{"from":[5.5,12.5,9],"to":[6,13,9.5],"faces":{"north":{"uv":[3,5.5,3.5,6],"texture":"#1"},"east":{"uv":[3,5.5,3.5,6],"texture":"#1"},"south":{"uv":[3,5.5,3.5,6],"texture":"#1"},"west":{"uv":[3,5.5,3.5,6],"texture":"#1"}}},{"from":[5.5,13,6],"to":[6,13.5,10],"faces":{"north":{"uv":[3.5,1.5,4,2],"texture":"#1"},"east":{"uv":[0,1.5,4,2],"texture":"#1"},"south":{"uv":[0,1.5,0.5,2],"texture":"#1"},"west":{"uv":[0,1.5,4,2],"texture":"#1"},"up":{"uv":[0,1.5,4,2],"rotation":270,"texture":"#1"},"down":{"uv":[0,1.5,4,2],"rotation":90,"texture":"#1"}}},{"from":[5.5,13.5,9],"to":[6,14,9.5],"faces":{"north":{"uv":[4,5,4.5,5.5],"texture":"#1"},"east":{"uv":[4,5,4.5,5.5],"texture":"#1"},"south":{"uv":[4,5,4.5,5.5],"texture":"#1"},"west":{"uv":[4,5,4.5,5.5],"texture":"#1"},"up":{"uv":[4,5,4.5,5.5],"rotation":270,"texture":"#1"}}},{"from":[5.5,13.5,7.5],"to":[6,14,8.5],"faces":{"north":{"uv":[2.5,1.5,3,2],"texture":"#1"},"east":{"uv":[1.5,1.5,2.5,2],"texture":"#1"},"south":{"uv":[3,1.5,3.5,2],"texture":"#1"},"west":{"uv":[1.5,1.5,2.5,2],"texture":"#1"},"up":{"uv":[1.5,1.5,2.5,2],"rotation":270,"texture":"#1"}}},{"from":[5.5,13.5,6.5],"to":[6,14,7],"faces":{"north":{"uv":[1.5,4,2,4.5],"texture":"#1"},"east":{"uv":[1.5,4,2,4.5],"texture":"#1"},"south":{"uv":[1.5,4,2,4.5],"texture":"#1"},"west":{"uv":[1.5,4,2,4.5],"texture":"#1"},"up":{"uv":[1.5,4,2,4.5],"rotation":270,"texture":"#1"}}}]}