{"ambientocclusion":false,"textures":{"1":"torch/torches","particle":"torch/torches"},"elements":[{"from":[1,9,6.5],"to":[4,9.5,9.5],"shade":false,"rotation":{"angle":-22.5,"axis":"z","origin":[1,9,6.5]},"faces":{"north":{"uv":[0,0,3,0.5],"texture":"#1"},"east":{"uv":[0,0.5,3,1],"texture":"#1"},"south":{"uv":[0,1.5,3,2],"texture":"#1"},"west":{"uv":[0,1,3,1.5],"texture":"#1"},"up":{"uv":[0,0,3,3],"texture":"#1"},"down":{"uv":[0,0,3,3],"texture":"#1"}}},{"from":[2,9.5,6.5],"to":[3,11,7],"rotation":{"angle":-22.5,"axis":"z","origin":[1,9,6.5]},"faces":{"north":{"uv":[3,0,4,1.5],"texture":"#1"},"east":{"uv":[3.5,0,4,1.5],"rotation":270,"texture":"#1"},"west":{"uv":[3,0,3.5,1.5],"rotation":90,"texture":"#1"}}},{"from":[1.5,11,6.5],"to":[3.5,11.5,7],"rotation":{"angle":-22.5,"axis":"z","origin":[1,9,6.5]},"faces":{"north":{"uv":[3,5.5,5,6],"texture":"#1"},"east":{"uv":[4.5,5.5,5,6],"texture":"#1"},"south":{"uv":[3,5.5,5,6],"texture":"#1"},"west":{"uv":[3,5.5,3.5,6],"texture":"#1"},"up":{"uv":[3,5.5,5,6],"texture":"#1"},"down":{"uv":[3,5.5,5,6],"texture":"#1"}}},{"from":[1.5,11.5,6],"to":[2,12,6.5],"rotation":{"angle":-22.5,"axis":"z","origin":[1,9,6.5]},"faces":{"north":{"uv":[2.5,4,3,4.5],"texture":"#1"},"east":{"uv":[2.5,4,3,4.5],"texture":"#1"},"south":{"uv":[2.5,4,3,4.5],"texture":"#1"},"west":{"uv":[2.5,4,3,4.5],"texture":"#1"},"down":{"uv":[2.5,4,3,4.5],"texture":"#1"}}},{"from":[3,11.5,6],"to":[3.5,12,6.5],"rotation":{"angle":-22.5,"axis":"z","origin":[1,9,6.5]},"faces":{"north":{"uv":[4,2.5,4.5,3],"texture":"#1"},"east":{"uv":[4,2.5,4.5,3],"texture":"#1"},"south":{"uv":[4,2.5,4.5,3],"texture":"#1"},"west":{"uv":[4,2.5,4.5,3],"texture":"#1"},"down":{"uv":[4,2.5,4.5,3],"texture":"#1"}}},{"from":[0.5,13,5.5],"to":[4.5,13.5,6],"rotation":{"angle":-22.5,"axis":"z","origin":[1,9,6.5]},"faces":{"north":{"uv":[0,3,4,3.5],"texture":"#1"},"east":{"uv":[3.5,3,4,3.5],"texture":"#1"},"south":{"uv":[0,3,4,3.5],"texture":"#1"},"west":{"uv":[0,3,0.5,3.5],"texture":"#1"},"up":{"uv":[0,3,4,3.5],"texture":"#1"},"down":{"uv":[0,3,4,3.5],"texture":"#1"}}},{"from":[3.5,13.5,5.5],"to":[4,14,6],"rotation":{"angle":-22.5,"axis":"z","origin":[1,9,6.5]},"faces":{"north":{"uv":[3.5,2.5,4,3],"texture":"#1"},"east":{"uv":[3.5,2.5,4,3],"texture":"#1"},"south":{"uv":[3.5,2.5,4,3],"texture":"#1"},"west":{"uv":[3.5,2.5,4,3],"texture":"#1"}}},{"from":[1,13.5,5.5],"to":[1.5,14,6],"rotation":{"angle":-22.5,"axis":"z","origin":[1,9,6.5]},"faces":{"north":{"uv":[3,5.5,3.5,6],"texture":"#1"},"east":{"uv":[3,5.5,3.5,6],"texture":"#1"},"south":{"uv":[3,5.5,3.5,6],"texture":"#1"},"west":{"uv":[3,5.5,3.5,6],"texture":"#1"}}},{"from":[2,13.5,5.5],"to":[3,14,6],"rotation":{"angle":-22.5,"axis":"z","origin":[1,9,6.5]},"faces":{"north":{"uv":[2,5.5,3,6],"texture":"#1"},"east":{"uv":[1.5,5.5,2,6],"texture":"#1"},"south":{"uv":[2,5.5,3,6],"texture":"#1"},"west":{"uv":[3,5.5,3.5,6],"texture":"#1"}}},{"from":[0.5,14,5.5],"to":[4.5,14.5,6],"rotation":{"angle":-22.5,"axis":"z","origin":[1,9,6.5]},"faces":{"north":{"uv":[0,1.5,4,2],"texture":"#1"},"east":{"uv":[3.5,1.5,4,2],"texture":"#1"},"south":{"uv":[0,1.5,4,2],"texture":"#1"},"west":{"uv":[0,1.5,0.5,2],"texture":"#1"},"up":{"uv":[0,1.5,4,2],"texture":"#1"},"down":{"uv":[0,1.5,4,2],"texture":"#1"}}},{"from":[2,14.5,5.5],"to":[3,15,6],"rotation":{"angle":-22.5,"axis":"z","origin":[1,9,6.5]},"faces":{"north":{"uv":[1.5,1.5,2.5,2],"texture":"#1"},"east":{"uv":[2.5,1.5,3,2],"texture":"#1"},"south":{"uv":[1.5,1.5,2.5,2],"texture":"#1"},"west":{"uv":[3,1.5,3.5,2],"texture":"#1"},"up":{"uv":[1.5,1.5,2.5,2],"texture":"#1"}}},{"from":[1,14.5,5.5],"to":[1.5,15,6],"rotation":{"angle":-22.5,"axis":"z","origin":[1,9,6.5]},"faces":{"north":{"uv":[4,5,4.5,5.5],"texture":"#1"},"east":{"uv":[4,5,4.5,5.5],"texture":"#1"},"south":{"uv":[4,5,4.5,5.5],"texture":"#1"},"west":{"uv":[4,5,4.5,5.5],"texture":"#1"},"up":{"uv":[4,5,4.5,5.5],"texture":"#1"}}},{"from":[3.5,14.5,5.5],"to":[4,15,6],"rotation":{"angle":-22.5,"axis":"z","origin":[1,9,6.5]},"faces":{"north":{"uv":[1.5,4,2,4.5],"texture":"#1"},"east":{"uv":[1.5,4,2,4.5],"texture":"#1"},"south":{"uv":[1.5,4,2,4.5],"texture":"#1"},"west":{"uv":[1.5,4,2,4.5],"texture":"#1"},"up":{"uv":[1.5,4,2,4.5],"texture":"#1"}}},{"from":[1,12,6],"to":[4,12.5,6.5],"rotation":{"angle":-22.5,"axis":"z","origin":[1,9,6.5]},"faces":{"north":{"uv":[0,5.5,3,6],"texture":"#1"},"east":{"uv":[2.5,5.5,3,6],"texture":"#1"},"south":{"uv":[0,5.5,3,6],"texture":"#1"},"west":{"uv":[0,5.5,0.5,6],"texture":"#1"},"up":{"uv":[0,5.5,3,6],"texture":"#1"},"down":{"uv":[0,5.5,3,6],"texture":"#1"}}},{"from":[3,12.5,6],"to":[3.5,13,6.5],"rotation":{"angle":-22.5,"axis":"z","origin":[1,9,6.5]},"faces":{"north":{"uv":[3,2.5,3.5,3],"texture":"#1"},"east":{"uv":[3,2.5,3.5,3],"texture":"#1"},"south":{"uv":[3,2.5,3.5,3],"texture":"#1"},"west":{"uv":[3,2.5,3.5,3],"texture":"#1"},"up":{"uv":[3,2.5,3.5,3],"texture":"#1"}}},{"from":[1.5,12.5,6],"to":[2,13,6.5],"rotation":{"angle":-22.5,"axis":"z","origin":[1,9,6.5]},"faces":{"north":{"uv":[1,3,1.5,3.5],"texture":"#1"},"east":{"uv":[1,3,1.5,3.5],"texture":"#1"},"south":{"uv":[1,3,1.5,3.5],"texture":"#1"},"west":{"uv":[1,3,1.5,3.5],"texture":"#1"},"up":{"uv":[1,3,1.5,3.5],"texture":"#1"}}},{"from":[1.5,1,7],"to":[3.5,9,9],"shade":false,"rotation":{"angle":-22.5,"axis":"z","origin":[1,9,6.5]},"faces":{"north":{"uv":[7,8,9,16],"texture":"#1"},"east":{"uv":[7,8,9,16],"texture":"#1"},"south":{"uv":[7,8,9,16],"texture":"#1"},"west":{"uv":[7,8,9,16],"texture":"#1"},"down":{"uv":[7,14,9,16],"texture":"#1"}}},{"from":[1.5,9.5,7],"to":[3.5,11,9],"shade":false,"rotation":{"angle":-22.5,"axis":"z","origin":[1,9,6.5]},"faces":{"north":{"uv":[7,6,9,7.5],"texture":"#1"},"east":{"uv":[7,6,9,7.5],"texture":"#1"},"south":{"uv":[7,6,9,7.5],"texture":"#1"},"west":{"uv":[7,6,9,7.5],"texture":"#1"}}},{"from":[1.5,11,7],"to":[2,11.5,7.5],"rotation":{"angle":-22.5,"axis":"z","origin":[1,9,6.5]},"faces":{"up":{"uv":[12,2,12.5,2.5],"texture":"#1"}}},{"from":[2,11,7],"to":[2.5,12,7.5],"rotation":{"angle":-22.5,"axis":"z","origin":[1,9,6.5]},"faces":{"north":{"uv":[14,2,14.5,3],"texture":"#1"},"east":{"uv":[14,2,14.5,3],"texture":"#1"},"south":{"uv":[14,2,14.5,3],"texture":"#1"},"west":{"uv":[14,2,14.5,3],"texture":"#1"},"up":{"uv":[14,2,14.5,2.5],"texture":"#1"}}},{"from":[2.5,11,7],"to":[3,11.7,7.5],"rotation":{"angle":-22.5,"axis":"z","origin":[1,9,6.5]},"faces":{"north":{"uv":[12.5,3.5,13,4],"texture":"#1"},"east":{"uv":[12.5,3.5,13,4],"texture":"#1"},"up":{"uv":[12.5,3.5,13,4],"texture":"#1"}}},{"from":[3,11,7],"to":[3.5,11.3,7.5],"rotation":{"angle":-22.5,"axis":"z","origin":[1,9,6.5]},"faces":{"south":{"uv":[12.5,3.5,13,4],"texture":"#1"},"up":{"uv":[12.5,3.5,13,4],"texture":"#1"}}},{"from":[3,11,7.5],"to":[3.5,11.2,8],"rotation":{"angle":-22.5,"axis":"z","origin":[1,9,6.5]},"faces":{"up":{"uv":[15,1,15.5,1.5],"texture":"#1"}}},{"from":[2.5,11,7.5],"to":[3,11.9,8],"rotation":{"angle":-22.5,"axis":"z","origin":[1,9,6.5]},"faces":{"north":{"uv":[12,2,12.5,2.5],"texture":"#1"},"east":{"uv":[12,2,12.5,2.5],"texture":"#1"},"south":{"uv":[12,2,12.5,2.5],"texture":"#1"},"west":{"uv":[12,2,12.5,2.5],"texture":"#1"},"up":{"uv":[12,2,12.5,2.5],"texture":"#1"}}},{"from":[2,11,7.5],"to":[2.5,11.4,8],"rotation":{"angle":-22.5,"axis":"z","origin":[1,9,6.5]},"faces":{"south":{"uv":[12,2,12.5,2.5],"texture":"#1"},"up":{"uv":[12,2,12.5,2.5],"texture":"#1"}}},{"from":[1.5,11,7.5],"to":[2,11.8,8],"rotation":{"angle":-22.5,"axis":"z","origin":[1,9,6.5]},"faces":{"north":{"uv":[15,2.5,15.5,3.3],"texture":"#1"},"east":{"uv":[15,2.5,15.5,3.3],"texture":"#1"},"south":{"uv":[15,2.5,15.5,3.3],"texture":"#1"},"west":{"uv":[15,2.5,15.5,3.3],"texture":"#1"},"up":{"uv":[15,2.5,15.5,3.3],"texture":"#1"}}},{"from":[1.5,11,8],"to":[2,11.5,8.5],"rotation":{"angle":-22.5,"axis":"z","origin":[1,9,6.5]},"faces":{"east":{"uv":[12,2,12.5,2.5],"texture":"#1"},"south":{"uv":[12,2,12.5,2.5],"texture":"#1"},"up":{"uv":[12,2,12.5,2.5],"texture":"#1"}}},{"from":[2,11,8],"to":[2.5,11.1,8.5],"rotation":{"angle":-22.5,"axis":"z","origin":[1,9,6.5]},"faces":{"up":{"uv":[12.5,1,13,1.5],"texture":"#1"}}},{"from":[2.5,11,8],"to":[3,11.65,8.5],"rotation":{"angle":-22.5,"axis":"z","origin":[1,9,6.5]},"faces":{"east":{"uv":[14,1,14.5,1.65],"texture":"#1"},"south":{"uv":[14,1,14.5,1.65],"texture":"#1"},"west":{"uv":[14,1,14.5,1.65],"texture":"#1"},"up":{"uv":[14,1,14.5,1.65],"texture":"#1"}}},{"from":[3,11,8],"to":[3.5,11.35,8.5],"rotation":{"angle":-22.5,"axis":"z","origin":[1,9,6.5]},"faces":{"north":{"uv":[12,2,12.5,2.5],"texture":"#1"},"up":{"uv":[12,2,12.5,2.5],"texture":"#1"}}},{"from":[3,11,8.5],"to":[3.5,11.5,9],"rotation":{"angle":-22.5,"axis":"z","origin":[1,9,6.5]},"faces":{"north":{"uv":[15,2.5,15.5,3.3],"texture":"#1"},"west":{"uv":[15,2.5,15.5,3.3],"texture":"#1"},"up":{"uv":[15,2.5,15.5,3.3],"texture":"#1"}}},{"from":[2.5,11,8.5],"to":[3,11.234,9],"rotation":{"angle":-22.5,"axis":"z","origin":[1,9,6.5]},"faces":{"up":{"uv":[12,2,12.5,2.5],"texture":"#1"}}},{"from":[2,11,8.5],"to":[2.5,11.7,9],"rotation":{"angle":-22.5,"axis":"z","origin":[1,9,6.5]},"faces":{"north":{"uv":[12,2,12.5,2.5],"texture":"#1"},"east":{"uv":[12,2,12.5,2.5],"texture":"#1"},"south":{"uv":[12,2,12.5,2.5],"texture":"#1"},"west":{"uv":[12,2,12.5,2.5],"texture":"#1"},"up":{"uv":[12,2,12.5,2.5],"texture":"#1"}}},{"from":[1.5,11,8.5],"to":[2,11.2,9],"rotation":{"angle":-22.5,"axis":"z","origin":[1,9,6.5]},"faces":{"up":{"uv":[12.5,1,13,1.5],"texture":"#1"}}},{"from":[3.5,9.5,7.5],"to":[4,11,8.5],"rotation":{"angle":-22.5,"axis":"z","origin":[1,9,6.5]},"faces":{"north":{"uv":[3,0,3.5,1.5],"rotation":90,"texture":"#1"},"east":{"uv":[3,0,4,1.5],"texture":"#1"},"south":{"uv":[3.5,0,4,1.5],"rotation":270,"texture":"#1"}}},{"from":[3.5,11,7],"to":[4,11.5,9],"rotation":{"angle":-22.5,"axis":"z","origin":[1,9,6.5]},"faces":{"north":{"uv":[3,5.5,3.5,6],"texture":"#1"},"east":{"uv":[3,5.5,5,6],"texture":"#1"},"south":{"uv":[4.5,5.5,5,6],"texture":"#1"},"west":{"uv":[3,5.5,5,6],"texture":"#1"},"up":{"uv":[3,5.5,5,6],"rotation":90,"texture":"#1"},"down":{"uv":[3,5.5,5,6],"rotation":270,"texture":"#1"}}},{"from":[4,11.5,8.5],"to":[4.5,12,9],"rotation":{"angle":-22.5,"axis":"z","origin":[1,9,6.5]},"faces":{"north":{"uv":[4,2.5,4.5,3],"texture":"#1"},"east":{"uv":[4,2.5,4.5,3],"texture":"#1"},"south":{"uv":[4,2.5,4.5,3],"texture":"#1"},"west":{"uv":[4,2.5,4.5,3],"texture":"#1"},"down":{"uv":[4,2.5,4.5,3],"rotation":270,"texture":"#1"}}},{"from":[4,11.5,7],"to":[4.5,12,7.5],"rotation":{"angle":-22.5,"axis":"z","origin":[1,9,6.5]},"faces":{"north":{"uv":[2.5,4,3,4.5],"texture":"#1"},"east":{"uv":[2.5,4,3,4.5],"texture":"#1"},"south":{"uv":[2.5,4,3,4.5],"texture":"#1"},"west":{"uv":[2.5,4,3,4.5],"texture":"#1"},"down":{"uv":[2.5,4,3,4.5],"rotation":270,"texture":"#1"}}},{"from":[4,12,6.5],"to":[4.5,12.5,9.5],"rotation":{"angle":-22.5,"axis":"z","origin":[1,9,6.5]},"faces":{"north":{"uv":[0,5.5,0.5,6],"texture":"#1"},"east":{"uv":[0,5.5,3,6],"texture":"#1"},"south":{"uv":[2.5,5.5,3,6],"texture":"#1"},"west":{"uv":[0,5.5,3,6],"texture":"#1"},"up":{"uv":[0,5.5,3,6],"rotation":90,"texture":"#1"},"down":{"uv":[0,5.5,3,6],"rotation":270,"texture":"#1"}}},{"from":[4,12.5,7],"to":[4.5,13,7.5],"rotation":{"angle":-22.5,"axis":"z","origin":[1,9,6.5]},"faces":{"north":{"uv":[1,3,1.5,3.5],"texture":"#1"},"east":{"uv":[1,3,1.5,3.5],"texture":"#1"},"south":{"uv":[1,3,1.5,3.5],"texture":"#1"},"west":{"uv":[1,3,1.5,3.5],"texture":"#1"},"up":{"uv":[1,3,1.5,3.5],"rotation":90,"texture":"#1"}}},{"from":[4,12.5,8.5],"to":[4.5,13,9],"rotation":{"angle":-22.5,"axis":"z","origin":[1,9,6.5]},"faces":{"north":{"uv":[3,2.5,3.5,3],"texture":"#1"},"east":{"uv":[3,2.5,3.5,3],"texture":"#1"},"south":{"uv":[3,2.5,3.5,3],"texture":"#1"},"west":{"uv":[3,2.5,3.5,3],"texture":"#1"},"up":{"uv":[3,2.5,3.5,3],"rotation":90,"texture":"#1"}}},{"from":[4.5,13,6],"to":[5,13.5,10],"rotation":{"angle":-22.5,"axis":"z","origin":[1,9,6.5]},"faces":{"north":{"uv":[0,3,0.5,3.5],"texture":"#1"},"east":{"uv":[0,3,4,3.5],"texture":"#1"},"south":{"uv":[3.5,3,4,3.5],"texture":"#1"},"west":{"uv":[0,3,4,3.5],"texture":"#1"},"up":{"uv":[0,3,4,3.5],"rotation":90,"texture":"#1"},"down":{"uv":[0,3,4,3.5],"rotation":270,"texture":"#1"}}},{"from":[4.5,13.5,9],"to":[5,14,9.5],"rotation":{"angle":-22.5,"axis":"z","origin":[1,9,6.5]},"faces":{"north":{"uv":[3.5,2.5,4,3],"texture":"#1"},"east":{"uv":[3.5,2.5,4,3],"texture":"#1"},"south":{"uv":[3.5,2.5,4,3],"texture":"#1"},"west":{"uv":[3.5,2.5,4,3],"texture":"#1"}}},{"from":[4.5,13.5,7.5],"to":[5,14,8.5],"rotation":{"angle":-22.5,"axis":"z","origin":[1,9,6.5]},"faces":{"north":{"uv":[3,5.5,3.5,6],"texture":"#1"},"east":{"uv":[2,5.5,3,6],"texture":"#1"},"south":{"uv":[1.5,5.5,2,6],"texture":"#1"},"west":{"uv":[2,5.5,3,6],"texture":"#1"}}},{"from":[4.5,13.5,6.5],"to":[5,14,7],"rotation":{"angle":-22.5,"axis":"z","origin":[1,9,6.5]},"faces":{"north":{"uv":[3,5.5,3.5,6],"texture":"#1"},"east":{"uv":[3,5.5,3.5,6],"texture":"#1"},"south":{"uv":[3,5.5,3.5,6],"texture":"#1"},"west":{"uv":[3,5.5,3.5,6],"texture":"#1"}}},{"from":[4.5,14,6],"to":[5,14.5,10],"rotation":{"angle":-22.5,"axis":"z","origin":[1,9,6.5]},"faces":{"north":{"uv":[0,1.5,0.5,2],"texture":"#1"},"east":{"uv":[0,1.5,4,2],"texture":"#1"},"south":{"uv":[3.5,1.5,4,2],"texture":"#1"},"west":{"uv":[0,1.5,4,2],"texture":"#1"},"up":{"uv":[0,1.5,4,2],"rotation":90,"texture":"#1"},"down":{"uv":[0,1.5,4,2],"rotation":270,"texture":"#1"}}},{"from":[4.5,14.5,6.5],"to":[5,15,7],"rotation":{"angle":-22.5,"axis":"z","origin":[1,9,6.5]},"faces":{"north":{"uv":[4,5,4.5,5.5],"texture":"#1"},"east":{"uv":[4,5,4.5,5.5],"texture":"#1"},"south":{"uv":[4,5,4.5,5.5],"texture":"#1"},"west":{"uv":[4,5,4.5,5.5],"texture":"#1"},"up":{"uv":[4,5,4.5,5.5],"rotation":90,"texture":"#1"}}},{"from":[4.5,14.5,7.5],"to":[5,15,8.5],"rotation":{"angle":-22.5,"axis":"z","origin":[1,9,6.5]},"faces":{"north":{"uv":[3,1.5,3.5,2],"texture":"#1"},"east":{"uv":[1.5,1.5,2.5,2],"texture":"#1"},"south":{"uv":[2.5,1.5,3,2],"texture":"#1"},"west":{"uv":[1.5,1.5,2.5,2],"texture":"#1"},"up":{"uv":[1.5,1.5,2.5,2],"rotation":90,"texture":"#1"}}},{"from":[4.5,14.5,9],"to":[5,15,9.5],"rotation":{"angle":-22.5,"axis":"z","origin":[1,9,6.5]},"faces":{"north":{"uv":[1.5,4,2,4.5],"texture":"#1"},"east":{"uv":[1.5,4,2,4.5],"texture":"#1"},"south":{"uv":[1.5,4,2,4.5],"texture":"#1"},"west":{"uv":[1.5,4,2,4.5],"texture":"#1"},"up":{"uv":[1.5,4,2,4.5],"rotation":90,"texture":"#1"}}},{"from":[2,9.5,9],"to":[3,11,9.5],"rotation":{"angle":-22.5,"axis":"z","origin":[1,9,6.5]},"faces":{"east":{"uv":[3,0,3.5,1.5],"rotation":90,"texture":"#1"},"south":{"uv":[3,0,4,1.5],"texture":"#1"},"west":{"uv":[3.5,0,4,1.5],"rotation":270,"texture":"#1"}}},{"from":[1.5,11,9],"to":[3.5,11.5,9.5],"rotation":{"angle":-22.5,"axis":"z","origin":[1,9,6.5]},"faces":{"north":{"uv":[3,5.5,5,6],"texture":"#1"},"east":{"uv":[3,5.5,3.5,6],"texture":"#1"},"south":{"uv":[3,5.5,5,6],"texture":"#1"},"west":{"uv":[4.5,5.5,5,6],"texture":"#1"},"up":{"uv":[3,5.5,5,6],"rotation":180,"texture":"#1"},"down":{"uv":[3,5.5,5,6],"rotation":180,"texture":"#1"}}},{"from":[1.5,11.5,9.5],"to":[2,12,10],"rotation":{"angle":-22.5,"axis":"z","origin":[1,9,6.5]},"faces":{"north":{"uv":[4,2.5,4.5,3],"texture":"#1"},"east":{"uv":[4,2.5,4.5,3],"texture":"#1"},"south":{"uv":[4,2.5,4.5,3],"texture":"#1"},"west":{"uv":[4,2.5,4.5,3],"texture":"#1"},"down":{"uv":[4,2.5,4.5,3],"rotation":180,"texture":"#1"}}},{"from":[3,11.5,9.5],"to":[3.5,12,10],"rotation":{"angle":-22.5,"axis":"z","origin":[1,9,6.5]},"faces":{"north":{"uv":[2.5,4,3,4.5],"texture":"#1"},"east":{"uv":[2.5,4,3,4.5],"texture":"#1"},"south":{"uv":[2.5,4,3,4.5],"texture":"#1"},"west":{"uv":[2.5,4,3,4.5],"texture":"#1"},"down":{"uv":[2.5,4,3,4.5],"rotation":180,"texture":"#1"}}},{"from":[1,12,9.5],"to":[4,12.5,10],"rotation":{"angle":-22.5,"axis":"z","origin":[1,9,6.5]},"faces":{"north":{"uv":[0,5.5,3,6],"texture":"#1"},"east":{"uv":[0,5.5,0.5,6],"texture":"#1"},"south":{"uv":[0,5.5,3,6],"texture":"#1"},"west":{"uv":[2.5,5.5,3,6],"texture":"#1"},"up":{"uv":[0,5.5,3,6],"rotation":180,"texture":"#1"},"down":{"uv":[0,5.5,3,6],"rotation":180,"texture":"#1"}}},{"from":[3,12.5,9.5],"to":[3.5,13,10],"rotation":{"angle":-22.5,"axis":"z","origin":[1,9,6.5]},"faces":{"north":{"uv":[1,3,1.5,3.5],"texture":"#1"},"east":{"uv":[1,3,1.5,3.5],"texture":"#1"},"south":{"uv":[1,3,1.5,3.5],"texture":"#1"},"west":{"uv":[1,3,1.5,3.5],"texture":"#1"},"up":{"uv":[1,3,1.5,3.5],"rotation":180,"texture":"#1"}}},{"from":[1.5,12.5,9.5],"to":[2,13,10],"rotation":{"angle":-22.5,"axis":"z","origin":[1,9,6.5]},"faces":{"north":{"uv":[3,2.5,3.5,3],"texture":"#1"},"east":{"uv":[3,2.5,3.5,3],"texture":"#1"},"south":{"uv":[3,2.5,3.5,3],"texture":"#1"},"west":{"uv":[3,2.5,3.5,3],"texture":"#1"},"up":{"uv":[3,2.5,3.5,3],"rotation":180,"texture":"#1"}}},{"from":[0.5,13,10],"to":[4.5,13.5,10.5],"rotation":{"angle":-22.5,"axis":"z","origin":[1,9,6.5]},"faces":{"north":{"uv":[0,3,4,3.5],"texture":"#1"},"east":{"uv":[0,3,0.5,3.5],"texture":"#1"},"south":{"uv":[0,3,4,3.5],"texture":"#1"},"west":{"uv":[3.5,3,4,3.5],"texture":"#1"},"up":{"uv":[0,3,4,3.5],"rotation":180,"texture":"#1"},"down":{"uv":[0,3,4,3.5],"rotation":180,"texture":"#1"}}},{"from":[1,13.5,10],"to":[1.5,14,10.5],"rotation":{"angle":-22.5,"axis":"z","origin":[1,9,6.5]},"faces":{"north":{"uv":[3.5,2.5,4,3],"texture":"#1"},"east":{"uv":[3.5,2.5,4,3],"texture":"#1"},"south":{"uv":[3.5,2.5,4,3],"texture":"#1"},"west":{"uv":[3.5,2.5,4,3],"texture":"#1"}}},{"from":[2,13.5,10],"to":[3,14,10.5],"rotation":{"angle":-22.5,"axis":"z","origin":[1,9,6.5]},"faces":{"north":{"uv":[2,5.5,3,6],"texture":"#1"},"east":{"uv":[3,5.5,3.5,6],"texture":"#1"},"south":{"uv":[2,5.5,3,6],"texture":"#1"},"west":{"uv":[1.5,5.5,2,6],"texture":"#1"}}},{"from":[3.5,13.5,10],"to":[4,14,10.5],"rotation":{"angle":-22.5,"axis":"z","origin":[1,9,6.5]},"faces":{"north":{"uv":[3,5.5,3.5,6],"texture":"#1"},"east":{"uv":[3,5.5,3.5,6],"texture":"#1"},"south":{"uv":[3,5.5,3.5,6],"texture":"#1"},"west":{"uv":[3,5.5,3.5,6],"texture":"#1"}}},{"from":[0.5,14,10],"to":[4.5,14.5,10.5],"rotation":{"angle":-22.5,"axis":"z","origin":[1,9,6.5]},"faces":{"north":{"uv":[0,1.5,4,2],"texture":"#1"},"east":{"uv":[0,1.5,0.5,2],"texture":"#1"},"south":{"uv":[0,1.5,4,2],"texture":"#1"},"west":{"uv":[3.5,1.5,4,2],"texture":"#1"},"up":{"uv":[0,1.5,4,2],"rotation":180,"texture":"#1"},"down":{"uv":[0,1.5,4,2],"rotation":180,"texture":"#1"}}},{"from":[3.5,14.5,10],"to":[4,15,10.5],"rotation":{"angle":-22.5,"axis":"z","origin":[1,9,6.5]},"faces":{"north":{"uv":[4,5,4.5,5.5],"texture":"#1"},"east":{"uv":[4,5,4.5,5.5],"texture":"#1"},"south":{"uv":[4,5,4.5,5.5],"texture":"#1"},"west":{"uv":[4,5,4.5,5.5],"texture":"#1"},"up":{"uv":[4,5,4.5,5.5],"rotation":180,"texture":"#1"}}},{"from":[2,14.5,10],"to":[3,15,10.5],"rotation":{"angle":-22.5,"axis":"z","origin":[1,9,6.5]},"faces":{"north":{"uv":[1.5,1.5,2.5,2],"texture":"#1"},"east":{"uv":[3,1.5,3.5,2],"texture":"#1"},"south":{"uv":[1.5,1.5,2.5,2],"texture":"#1"},"west":{"uv":[2.5,1.5,3,2],"texture":"#1"},"up":{"uv":[1.5,1.5,2.5,2],"rotation":180,"texture":"#1"}}},{"from":[1,14.5,10],"to":[1.5,15,10.5],"rotation":{"angle":-22.5,"axis":"z","origin":[1,9,6.5]},"faces":{"north":{"uv":[1.5,4,2,4.5],"texture":"#1"},"east":{"uv":[1.5,4,2,4.5],"texture":"#1"},"south":{"uv":[1.5,4,2,4.5],"texture":"#1"},"west":{"uv":[1.5,4,2,4.5],"texture":"#1"},"up":{"uv":[1.5,4,2,4.5],"rotation":180,"texture":"#1"}}},{"from":[1,9.5,7.5],"to":[1.5,11,8.5],"rotation":{"angle":-22.5,"axis":"z","origin":[1,9,6.5]},"faces":{"north":{"uv":[3.5,0,4,1.5],"rotation":270,"texture":"#1"},"south":{"uv":[3,0,3.5,1.5],"rotation":90,"texture":"#1"},"west":{"uv":[3,0,4,1.5],"texture":"#1"}}},{"from":[1,11,7],"to":[1.5,11.5,9],"rotation":{"angle":-22.5,"axis":"z","origin":[1,9,6.5]},"faces":{"north":{"uv":[4.5,5.5,5,6],"texture":"#1"},"east":{"uv":[3,5.5,5,6],"texture":"#1"},"south":{"uv":[3,5.5,3.5,6],"texture":"#1"},"west":{"uv":[3,5.5,5,6],"texture":"#1"},"up":{"uv":[3,5.5,5,6],"rotation":270,"texture":"#1"},"down":{"uv":[3,5.5,5,6],"rotation":90,"texture":"#1"}}},{"from":[0.5,11.5,7],"to":[1,12,7.5],"rotation":{"angle":-22.5,"axis":"z","origin":[1,9,6.5]},"faces":{"north":{"uv":[4,2.5,4.5,3],"texture":"#1"},"east":{"uv":[4,2.5,4.5,3],"texture":"#1"},"south":{"uv":[4,2.5,4.5,3],"texture":"#1"},"west":{"uv":[4,2.5,4.5,3],"texture":"#1"},"down":{"uv":[4,2.5,4.5,3],"rotation":90,"texture":"#1"}}},{"from":[0.5,11.5,8.5],"to":[1,12,9],"rotation":{"angle":-22.5,"axis":"z","origin":[1,9,6.5]},"faces":{"north":{"uv":[2.5,4,3,4.5],"texture":"#1"},"east":{"uv":[2.5,4,3,4.5],"texture":"#1"},"south":{"uv":[2.5,4,3,4.5],"texture":"#1"},"west":{"uv":[2.5,4,3,4.5],"texture":"#1"},"down":{"uv":[2.5,4,3,4.5],"rotation":90,"texture":"#1"}}},{"from":[0.5,12,6.5],"to":[1,12.5,9.5],"rotation":{"angle":-22.5,"axis":"z","origin":[1,9,6.5]},"faces":{"north":{"uv":[2.5,5.5,3,6],"texture":"#1"},"east":{"uv":[0,5.5,3,6],"texture":"#1"},"south":{"uv":[0,5.5,0.5,6],"texture":"#1"},"west":{"uv":[0,5.5,3,6],"texture":"#1"},"up":{"uv":[0,5.5,3,6],"rotation":270,"texture":"#1"},"down":{"uv":[0,5.5,3,6],"rotation":90,"texture":"#1"}}},{"from":[0.5,12.5,8.5],"to":[1,13,9],"rotation":{"angle":-22.5,"axis":"z","origin":[1,9,6.5]},"faces":{"north":{"uv":[1,3,1.5,3.5],"texture":"#1"},"east":{"uv":[1,3,1.5,3.5],"texture":"#1"},"south":{"uv":[1,3,1.5,3.5],"texture":"#1"},"west":{"uv":[1,3,1.5,3.5],"texture":"#1"},"up":{"uv":[1,3,1.5,3.5],"rotation":270,"texture":"#1"}}},{"from":[0.5,12.5,7],"to":[1,13,7.5],"rotation":{"angle":-22.5,"axis":"z","origin":[1,9,6.5]},"faces":{"north":{"uv":[3,2.5,3.5,3],"texture":"#1"},"east":{"uv":[3,2.5,3.5,3],"texture":"#1"},"south":{"uv":[3,2.5,3.5,3],"texture":"#1"},"west":{"uv":[3,2.5,3.5,3],"texture":"#1"},"up":{"uv":[3,2.5,3.5,3],"rotation":270,"texture":"#1"}}},{"from":[0,13,6],"to":[0.5,13.5,10],"rotation":{"angle":-22.5,"axis":"z","origin":[1,9,6.5]},"faces":{"north":{"uv":[3.5,3,4,3.5],"texture":"#1"},"east":{"uv":[0,3,4,3.5],"texture":"#1"},"south":{"uv":[0,3,0.5,3.5],"texture":"#1"},"west":{"uv":[0,3,4,3.5],"texture":"#1"},"up":{"uv":[0,3,4,3.5],"rotation":270,"texture":"#1"},"down":{"uv":[0,3,4,3.5],"rotation":90,"texture":"#1"}}},{"from":[0,13.5,6.5],"to":[0.5,14,7],"rotation":{"angle":-22.5,"axis":"z","origin":[1,9,6.5]},"faces":{"north":{"uv":[3.5,2.5,4,3],"texture":"#1"},"east":{"uv":[3.5,2.5,4,3],"texture":"#1"},"south":{"uv":[3.5,2.5,4,3],"texture":"#1"},"west":{"uv":[3.5,2.5,4,3],"texture":"#1"}}},{"from":[0,13.5,7.5],"to":[0.5,14,8.5],"rotation":{"angle":-22.5,"axis":"z","origin":[1,9,6.5]},"faces":{"north":{"uv":[1.5,5.5,2,6],"texture":"#1"},"east":{"uv":[2,5.5,3,6],"texture":"#1"},"south":{"uv":[3,5.5,3.5,6],"texture":"#1"},"west":{"uv":[2,5.5,3,6],"texture":"#1"}}},{"from":[0,13.5,9],"to":[0.5,14,9.5],"rotation":{"angle":-22.5,"axis":"z","origin":[1,9,6.5]},"faces":{"north":{"uv":[3,5.5,3.5,6],"texture":"#1"},"east":{"uv":[3,5.5,3.5,6],"texture":"#1"},"south":{"uv":[3,5.5,3.5,6],"texture":"#1"},"west":{"uv":[3,5.5,3.5,6],"texture":"#1"}}},{"from":[0,14,6],"to":[0.5,14.5,10],"rotation":{"angle":-22.5,"axis":"z","origin":[1,9,6.5]},"faces":{"north":{"uv":[3.5,1.5,4,2],"texture":"#1"},"east":{"uv":[0,1.5,4,2],"texture":"#1"},"south":{"uv":[0,1.5,0.5,2],"texture":"#1"},"west":{"uv":[0,1.5,4,2],"texture":"#1"},"up":{"uv":[0,1.5,4,2],"rotation":270,"texture":"#1"},"down":{"uv":[0,1.5,4,2],"rotation":90,"texture":"#1"}}},{"from":[0,14.5,9],"to":[0.5,15,9.5],"rotation":{"angle":-22.5,"axis":"z","origin":[1,9,6.5]},"faces":{"north":{"uv":[4,5,4.5,5.5],"texture":"#1"},"east":{"uv":[4,5,4.5,5.5],"texture":"#1"},"south":{"uv":[4,5,4.5,5.5],"texture":"#1"},"west":{"uv":[4,5,4.5,5.5],"texture":"#1"},"up":{"uv":[4,5,4.5,5.5],"rotation":270,"texture":"#1"}}},{"from":[0,14.5,7.5],"to":[0.5,15,8.5],"rotation":{"angle":-22.5,"axis":"z","origin":[1,9,6.5]},"faces":{"north":{"uv":[2.5,1.5,3,2],"texture":"#1"},"east":{"uv":[1.5,1.5,2.5,2],"texture":"#1"},"south":{"uv":[3,1.5,3.5,2],"texture":"#1"},"west":{"uv":[1.5,1.5,2.5,2],"texture":"#1"},"up":{"uv":[1.5,1.5,2.5,2],"rotation":270,"texture":"#1"}}},{"from":[0,14.5,6.5],"to":[0.5,15,7],"rotation":{"angle":-22.5,"axis":"z","origin":[1,9,6.5]},"faces":{"north":{"uv":[1.5,4,2,4.5],"texture":"#1"},"east":{"uv":[1.5,4,2,4.5],"texture":"#1"},"south":{"uv":[1.5,4,2,4.5],"texture":"#1"},"west":{"uv":[1.5,4,2,4.5],"texture":"#1"},"up":{"uv":[1.5,4,2,4.5],"rotation":270,"texture":"#1"}}}]}