{"textures":{"0":"item/special/spread_bomb","particle":"item/special/spread_bomb"},"elements":[{"from":[5.5,0,5.5],"to":[10.5,5,10.5],"faces":{"north":{"uv":[0,11,5,16],"texture":"#0"},"east":{"uv":[0,11,5,16],"texture":"#0"},"south":{"uv":[0,11,5,16],"texture":"#0"},"west":{"uv":[0,11,5,16],"texture":"#0"},"up":{"uv":[0,11,5,16],"texture":"#0","cullface":"up"},"down":{"uv":[0,11,5,16],"texture":"#0"}}},{"from":[10.5,0,5.5],"to":[15.5,5,10.5],"faces":{"north":{"uv":[11,0,16,5],"texture":"#0","cullface":"up"},"east":{"uv":[11,0,16,5],"texture":"#0","cullface":"up"},"south":{"uv":[11,0,16,5],"texture":"#0","cullface":"up"},"west":{"uv":[11,0,16,5],"texture":"#0","cullface":"up"},"up":{"uv":[11,0,16,5],"texture":"#0","cullface":"up"},"down":{"uv":[11,0,16,5],"texture":"#0","cullface":"up"}}},{"from":[5.5,0,0.5],"to":[10.5,5,5.5],"faces":{"north":{"uv":[11,0,16,5],"texture":"#0","cullface":"north"},"east":{"uv":[11,0,16,5],"texture":"#0","cullface":"up"},"south":{"uv":[11,0,16,5],"texture":"#0","cullface":"up"},"west":{"uv":[11,0,16,5],"texture":"#0","cullface":"up"},"up":{"uv":[11,0,16,5],"texture":"#0","cullface":"up"},"down":{"uv":[11,0,16,5],"texture":"#0","cullface":"up"}}},{"from":[0.5,0,5.5],"to":[5.5,5,10.5],"faces":{"north":{"uv":[11,0,16,5],"texture":"#0","cullface":"up"},"east":{"uv":[11,0,16,5],"texture":"#0","cullface":"up"},"south":{"uv":[11,0,16,5],"texture":"#0","cullface":"up"},"west":{"uv":[11,0,16,5],"texture":"#0","cullface":"up"},"up":{"uv":[11,0,16,5],"texture":"#0","cullface":"up"},"down":{"uv":[11,0,16,5],"texture":"#0","cullface":"up"}}},{"from":[5.5,0,10.5],"to":[10.5,5,15.5],"faces":{"north":{"uv":[11,0,16,5],"texture":"#0","cullface":"up"},"east":{"uv":[11,0,16,5],"texture":"#0","cullface":"up"},"south":{"uv":[11,0,16,5],"texture":"#0","cullface":"up"},"west":{"uv":[11,0,16,5],"texture":"#0","cullface":"up"},"up":{"uv":[11,0,16,5],"texture":"#0","cullface":"up"},"down":{"uv":[11,0,16,5],"texture":"#0","cullface":"up"}}},{"from":[10.5,0,10.5],"to":[15.5,5,15.5],"faces":{"north":{"uv":[11,0,16,5],"texture":"#0"},"east":{"uv":[0,0,5,5],"texture":"#0"},"south":{"uv":[0,0,5,5],"texture":"#0"},"west":{"uv":[11,0,16,5],"texture":"#0"},"up":{"uv":[0,0,5,5],"texture":"#0","cullface":"up"},"down":{"uv":[0,0,5,5],"texture":"#0"}}},{"from":[0.5,0,10.5],"to":[5.5,5,15.5],"faces":{"north":{"uv":[0,0,5,5],"texture":"#0"},"east":{"uv":[0,0,5,5],"texture":"#0"},"south":{"uv":[0,0,5,5],"texture":"#0"},"west":{"uv":[0,0,5,5],"texture":"#0"},"up":{"uv":[0,0,5,5],"texture":"#0","cullface":"up"},"down":{"uv":[0,0,5,5],"texture":"#0"}}},{"from":[10.5,0,0.5],"to":[15.5,5,5.5],"faces":{"north":{"uv":[0,0,5,5],"texture":"#0","cullface":"north"},"east":{"uv":[0,0,5,5],"texture":"#0"},"south":{"uv":[0,0,5,5],"texture":"#0"},"west":{"uv":[0,0,5,5],"texture":"#0"},"up":{"uv":[0,0,5,5],"texture":"#0","cullface":"up"},"down":{"uv":[0,0,5,5],"texture":"#0"}}},{"from":[0.5,0,0.5],"to":[5.5,5,5.5],"faces":{"north":{"uv":[0,0,5,5],"texture":"#0"},"east":{"uv":[0,0,5,5],"texture":"#0"},"south":{"uv":[0,0,5,5],"texture":"#0"},"west":{"uv":[0,0,5,5],"texture":"#0"},"up":{"uv":[0,0,5,5],"texture":"#0"},"down":{"uv":[0,0,5,5],"texture":"#0"}}}],"display":{"thirdperson_righthand":{"rotation":[90,0,0],"translation":[0,0,2],"scale":[0.5,0.5,0.5]},"thirdperson_lefthand":{"rotation":[90,0,0],"translation":[0,0,2],"scale":[0.5,0.5,0.5]},"firstperson_righthand":{"translation":[0.5,2,0.5],"scale":[0.5,0.5,0.5]},"firstperson_lefthand":{"translation":[0.5,2,0.5],"scale":[0.5,0.5,0.5]},"ground":{"scale":[0.75,0.75,0.75]},"gui":{"rotation":[32,45,0],"translation":[0,2.75,0],"scale":[0.75,0.75,0.75]}}}