{"textures":{"0":"carpet/carpet_brown","particle":"carpet/carpet_brown","1":"block/spruce_planks"},"elements":[{"from":[0,0,0],"to":[16,1,2],"faces":{"north":{"uv":[0,15,16,16],"texture":"#0"},"east":{"uv":[14,15,16,16],"texture":"#0"},"south":{"uv":[0,15,16,16],"texture":"#0"},"west":{"uv":[0,15,2,16],"texture":"#0"},"up":{"uv":[0,0,16,2],"texture":"#0"}}},{"from":[0,0,2],"to":[4,1,3],"faces":{"east":{"uv":[13,15,14,16],"texture":"#0"},"south":{"uv":[0,15,4,16],"texture":"#0"},"west":{"uv":[2,15,3,16],"texture":"#0"},"up":{"uv":[0,2,4,3],"texture":"#0"}}},{"from":[6,0,2],"to":[16,1,3],"faces":{"east":{"uv":[13,15,14,16],"texture":"#0"},"south":{"uv":[6,15,16,16],"texture":"#0"},"west":{"uv":[2,15,3,16],"texture":"#0"},"up":{"uv":[6,2,16,3],"texture":"#0"}}},{"from":[9,0,3],"to":[16,1,4],"faces":{"east":{"uv":[12,15,13,16],"texture":"#0"},"south":{"uv":[9,15,16,16],"texture":"#0"},"west":{"uv":[3,15,4,16],"texture":"#0"},"up":{"uv":[9,3,16,4],"texture":"#0"}}},{"from":[0,0,3],"to":[3,1,5],"faces":{"east":{"uv":[11,15,13,16],"texture":"#0"},"south":{"uv":[0,15,3,16],"texture":"#0"},"west":{"uv":[3,15,5,16],"texture":"#0"},"up":{"uv":[0,3,3,5],"texture":"#0"}}},{"from":[0,0,5],"to":[2,1,11],"faces":{"east":{"uv":[5,15,11,16],"texture":"#0"},"west":{"uv":[5,15,11,16],"texture":"#0"},"up":{"uv":[0,5,2,11],"texture":"#0"}}},{"from":[13,0,5],"to":[16,1,7],"faces":{"east":{"uv":[9,15,11,16],"texture":"#0"},"south":{"uv":[13,15,16,16],"texture":"#0"},"west":{"uv":[5,15,7,16],"texture":"#0"},"up":{"uv":[13,5,16,7],"texture":"#0"}}},{"from":[14,0,7],"to":[16,1,14],"faces":{"east":{"uv":[2,15,9,16],"texture":"#0"},"west":{"uv":[7,15,14,16],"texture":"#0"},"up":{"uv":[14,7,16,14],"texture":"#0"}}},{"from":[0,0,11],"to":[3,1,14],"faces":{"north":{"uv":[13,15,16,16],"texture":"#0"},"east":{"uv":[2,15,5,16],"texture":"#0"},"west":{"uv":[11,15,14,16],"texture":"#0"},"up":{"uv":[0,11,3,14],"texture":"#0"}}},{"from":[0,0,14],"to":[4,1,16],"faces":{"north":{"uv":[12,15,16,16],"texture":"#0"},"east":{"uv":[0,15,2,16],"texture":"#0"},"south":{"uv":[0,15,4,16],"texture":"#0"},"west":{"uv":[14,15,16,16],"texture":"#0"},"up":{"uv":[0,14,4,16],"texture":"#0"}}},{"from":[11,0,14],"to":[16,1,16],"faces":{"north":{"uv":[0,15,5,16],"texture":"#0"},"east":{"uv":[0,15,2,16],"texture":"#0"},"south":{"uv":[11,15,16,16],"texture":"#0"},"west":{"uv":[14,15,16,16],"texture":"#0"},"up":{"uv":[11,14,16,16],"texture":"#0"}}},{"from":[4,0,15],"to":[11,1,16],"faces":{"north":{"uv":[5,15,12,16],"texture":"#0"},"south":{"uv":[4,15,11,16],"texture":"#0"},"up":{"uv":[4,15,11,16],"texture":"#0"}}},{"from":[12,0,4],"to":[16,1,5],"faces":{"east":{"uv":[11,15,12,16],"texture":"#0"},"south":{"uv":[12,15,16,16],"texture":"#0"},"west":{"uv":[4,15,5,16],"texture":"#0"},"up":{"uv":[12,4,16,5],"texture":"#0"}}},{"from":[0,0,0],"to":[16,0.001,16],"faces":{"up":{"uv":[0,0,16,16],"texture":"#1"},"down":{"uv":[0,0,16,16],"texture":"#1"}}}]}
