{"textures":{"0":"carpet/carpet_brown","particle":"carpet/carpet_brown","1":"block/spruce_planks"},"elements":[{"from":[0,0,0],"to":[7,1,6],"faces":{"north":{"uv":[9,15,16,16],"texture":"#0"},"east":{"uv":[10,15,16,16],"texture":"#0"},"west":{"uv":[0,15,6,16],"texture":"#0"},"up":{"uv":[0,0,7,6],"texture":"#0"}}},{"from":[7,0,0],"to":[16,1,4],"faces":{"north":{"uv":[0,15,9,16],"texture":"#0"},"east":{"uv":[12,15,16,16],"texture":"#0"},"south":{"uv":[7,15,16,16],"texture":"#0"},"up":{"uv":[7,0,16,4],"texture":"#0"}}},{"from":[8,0,4],"to":[16,1,5],"faces":{"east":{"uv":[11,15,12,16],"texture":"#0"},"south":{"uv":[8,15,16,16],"texture":"#0"},"west":{"uv":[4,15,5,16],"texture":"#0"},"up":{"uv":[8,4,16,5],"texture":"#0"}}},{"from":[9,0,5],"to":[16,1,7],"faces":{"east":{"uv":[9,15,11,16],"texture":"#0"},"south":{"uv":[9,15,16,16],"texture":"#0"},"west":{"uv":[5,15,7,16],"texture":"#0"},"up":{"uv":[9,5,16,7],"texture":"#0"}}},{"from":[10,0,7],"to":[16,1,16],"faces":{"east":{"uv":[0,15,9,16],"texture":"#0"},"south":{"uv":[10,15,16,16],"texture":"#0"},"west":{"uv":[7,15,16,16],"texture":"#0"},"up":{"uv":[10,7,16,16],"texture":"#0"}}},{"from":[0,0,6],"to":[8,1,9],"faces":{"north":{"uv":[8,15,16,16],"texture":"#0"},"east":{"uv":[7,15,10,16],"texture":"#0"},"south":{"uv":[0,15,8,16],"texture":"#0"},"west":{"uv":[6,15,9,16],"texture":"#0"},"up":{"uv":[0,6,8,9],"texture":"#0"}}},{"from":[0,0,9],"to":[7,1,10],"faces":{"east":{"uv":[6,15,7,16],"texture":"#0"},"west":{"uv":[9,15,10,16],"texture":"#0"},"up":{"uv":[0,9,7,10],"texture":"#0"}}},{"from":[0,0,10],"to":[10,1,16],"faces":{"north":{"uv":[6,15,16,16],"texture":"#0"},"south":{"uv":[0,15,10,16],"texture":"#0"},"west":{"uv":[10,15,16,16],"texture":"#0"},"up":{"uv":[0,10,10,16],"texture":"#0"}}},{"from":[0,0,0],"to":[16,0.001,16],"faces":{"up":{"uv":[0,0,16,16],"texture":"#1"},"down":{"uv":[0,0,16,16],"texture":"#1"}}}]}
