{"textures":{"0":"carpet/carpet_brown","1":"block/spruce_planks","particle":"block/spruce_planks"},"elements":[{"from":[13,0,0],"to":[16,1,16],"faces":{"north":{"uv":[0,0,3,1],"texture":"#0"},"east":{"uv":[0,0,16,1],"texture":"#0"},"south":{"uv":[0,0,3,1],"texture":"#0"},"west":{"uv":[0,0,16,1],"texture":"#0"},"up":{"uv":[13,0,16,16],"texture":"#0"}}},{"from":[10,0,0],"to":[13,1,3],"faces":{"north":{"uv":[0,0,3,1],"texture":"#0"},"south":{"uv":[0,0,3,1],"texture":"#0"},"up":{"uv":[10,0,13,3],"texture":"#0"}}},{"from":[12,0,3],"to":[13,1,4],"faces":{"south":{"uv":[0,0,1,1],"texture":"#0"},"west":{"uv":[0,0,1,1],"texture":"#0"},"up":{"uv":[12,3,13,4],"texture":"#0"}}},{"from":[12,0,5],"to":[13,1,11],"faces":{"north":{"uv":[0,0,1,1],"texture":"#0"},"south":{"uv":[0,0,1,1],"texture":"#0"},"west":{"uv":[0,0,6,1],"texture":"#0"},"up":{"uv":[12,5,13,11],"texture":"#0"}}},{"from":[3,0,0],"to":[10,1,5],"faces":{"north":{"uv":[0,0,7,1],"texture":"#0"},"east":{"uv":[0,0,5,1],"texture":"#0"},"south":{"uv":[0,0,7,1],"texture":"#0"},"west":{"uv":[0,0,5,1],"texture":"#0"},"up":{"uv":[3,0,10,5],"texture":"#0"}}},{"from":[4,0,8],"to":[9,1,13],"faces":{"north":{"uv":[0,0,5,1],"texture":"#0"},"east":{"uv":[0,0,5,1],"texture":"#0"},"west":{"uv":[0,0,5,1],"texture":"#0"},"up":{"uv":[4,8,9,13],"texture":"#0"}}},{"from":[0,0,5],"to":[8,1,8],"faces":{"north":{"uv":[0,0,8,1],"texture":"#0"},"east":{"uv":[0,0,3,1],"texture":"#0"},"south":{"uv":[0,0,8,1],"texture":"#0"},"west":{"uv":[0,0,3,1],"texture":"#0"},"up":{"uv":[0,5,8,8],"texture":"#0"}}},{"from":[0,0,0],"to":[3,1,2],"faces":{"north":{"uv":[0,0,3,1],"texture":"#0"},"south":{"uv":[0,0,3,1],"texture":"#0"},"west":{"uv":[0,0,2,1],"texture":"#0"},"up":{"uv":[0,0,3,2],"texture":"#0"}}},{"from":[0,0,2],"to":[1,1,5],"faces":{"east":{"uv":[0,0,3,1],"texture":"#0"},"west":{"uv":[0,0,3,1],"texture":"#0"},"up":{"uv":[0,2,1,5],"texture":"#0"}}},{"from":[1,0,4],"to":[2,1,5],"faces":{"north":{"uv":[0,0,1,1],"texture":"#0"},"east":{"uv":[0,0,1,1],"texture":"#0"},"up":{"uv":[1,4,2,5],"texture":"#0"}}},{"from":[0,0,13],"to":[13,1,16],"faces":{"north":{"uv":[0,0,8,1],"texture":"#0"},"south":{"uv":[0,0,8,1],"texture":"#0"},"west":{"uv":[0,0,3,1],"texture":"#0"},"up":{"uv":[0,13,13,16],"texture":"#0"}}},{"from":[0,0,8],"to":[1,1,13],"faces":{"east":{"uv":[0,0,5,1],"texture":"#0"},"west":{"uv":[0,0,5,1],"texture":"#0"},"up":{"uv":[0,8,1,13],"texture":"#0"}}},{"from":[1,0,8],"to":[3,1,9],"faces":{"east":{"uv":[0,0,1,1],"texture":"#0"},"south":{"uv":[0,0,2,1],"texture":"#0"},"up":{"uv":[2,8,4,9],"texture":"#0"}}},{"from":[3,0,12],"to":[4,1,13],"faces":{"north":{"uv":[0,0,1,1],"texture":"#0"},"west":{"uv":[0,0,1,1],"texture":"#0"},"up":{"uv":[0,0,1,1],"texture":"#0"}}},{"from":[0,0,0],"to":[16,0.001,16],"faces":{"up":{"uv":[0,0,16,16],"texture":"#1"},"down":{"uv":[0,0,16,16],"texture":"#1"}}}]}