{"textures":{"0":"block/ladder","particle":"block/ladder"},"elements":[{"from":[1,1,15],"to":[15,3,16],"faces":{"north":{"uv":[1,13,15,15],"texture":"#0"},"east":{"uv":[1,13,2,15],"texture":"#0"},"south":{"uv":[1,13,15,15],"texture":"#0"},"west":{"uv":[14,13,15,15],"texture":"#0"},"up":{"uv":[1,13,15,14],"texture":"#0"},"down":{"uv":[1,14,15,15],"texture":"#0"}}},{"from":[1,5,15],"to":[15,7,16],"faces":{"north":{"uv":[1,9,15,11],"texture":"#0"},"east":{"uv":[1,9,2,11],"texture":"#0"},"south":{"uv":[1,9,15,11],"texture":"#0"},"west":{"uv":[14,9,15,11],"texture":"#0"},"up":{"uv":[1,9,15,10],"texture":"#0"},"down":{"uv":[1,10,15,11],"texture":"#0"}}},{"from":[1,13,15],"to":[15,15,16],"faces":{"north":{"uv":[1,1,15,3],"texture":"#0"},"east":{"uv":[1,1,2,3],"texture":"#0"},"south":{"uv":[1,1,15,3],"texture":"#0"},"west":{"uv":[14,1,15,3],"texture":"#0"},"up":{"uv":[1,1,15,2],"texture":"#0"},"down":{"uv":[1,2,15,3],"texture":"#0"}}},{"from":[2.5,1.5,14.5],"to":[3.5,2.5,15],"faces":{"north":{"uv":[3,0,4,1],"texture":"#0"},"east":{"uv":[3,0,4,1],"texture":"#0"},"west":{"uv":[3,0,4,1],"texture":"#0"},"up":{"uv":[3,0,4,1],"texture":"#0"},"down":{"uv":[3,0,4,1],"texture":"#0"}}},{"from":[12.5,1.5,14.5],"to":[13.5,2.5,15],"faces":{"north":{"uv":[3,0,4,1],"texture":"#0"},"east":{"uv":[3,0,4,1],"texture":"#0"},"west":{"uv":[3,0,4,1],"texture":"#0"},"up":{"uv":[3,0,4,1],"texture":"#0"},"down":{"uv":[3,0,4,1],"texture":"#0"}}},{"from":[12.5,5.5,14.5],"to":[13.5,6.5,15],"faces":{"north":{"uv":[3,0,4,1],"texture":"#0"},"east":{"uv":[3,0,4,1],"texture":"#0"},"west":{"uv":[3,0,4,1],"texture":"#0"},"up":{"uv":[3,0,4,1],"texture":"#0"},"down":{"uv":[3,0,4,1],"texture":"#0"}}},{"from":[2.5,5.5,14.5],"to":[3.5,6.5,15],"faces":{"north":{"uv":[3,0,4,1],"texture":"#0"},"east":{"uv":[3,0,4,1],"texture":"#0"},"west":{"uv":[3,0,4,1],"texture":"#0"},"up":{"uv":[3,0,4,1],"texture":"#0"},"down":{"uv":[3,0,4,1],"texture":"#0"}}},{"from":[2.5,9.5,14.5],"to":[3.5,10.5,15],"faces":{"north":{"uv":[3,0,4,1],"texture":"#0"},"east":{"uv":[3,0,4,1],"texture":"#0"},"west":{"uv":[3,0,4,1],"texture":"#0"},"up":{"uv":[3,0,4,1],"texture":"#0"},"down":{"uv":[3,0,4,1],"texture":"#0"}}},{"from":[12.5,9.5,14.5],"to":[13.5,10.5,15],"faces":{"north":{"uv":[3,0,4,1],"texture":"#0"},"east":{"uv":[3,0,4,1],"texture":"#0"},"west":{"uv":[3,0,4,1],"texture":"#0"},"up":{"uv":[3,0,4,1],"texture":"#0"},"down":{"uv":[3,0,4,1],"texture":"#0"}}},{"from":[12.5,13.5,14.5],"to":[13.5,14.5,15],"faces":{"north":{"uv":[3,0,4,1],"texture":"#0"},"east":{"uv":[3,0,4,1],"texture":"#0"},"west":{"uv":[3,0,4,1],"texture":"#0"},"up":{"uv":[3,0,4,1],"texture":"#0"},"down":{"uv":[3,0,4,1],"texture":"#0"}}},{"from":[2.5,13.5,14.5],"to":[3.5,14.5,15],"faces":{"north":{"uv":[3,0,4,1],"texture":"#0"},"east":{"uv":[3,0,4,1],"texture":"#0"},"west":{"uv":[3,0,4,1],"texture":"#0"},"up":{"uv":[3,0,4,1],"texture":"#0"},"down":{"uv":[3,0,4,1],"texture":"#0"}}},{"from":[1,10,15],"to":[8,11,16],"faces":{"north":{"uv":[8,5,15,6],"texture":"#0"},"east":{"uv":[14,5,15,6],"texture":"#0"},"south":{"uv":[1,5,8,6],"texture":"#0"},"west":{"uv":[1,5,2,6],"texture":"#0"},"up":{"uv":[1,1,8,2],"texture":"#0"},"down":{"uv":[1,2,8,3],"texture":"#0"}}},{"from":[2,9,15],"to":[14,10,16],"faces":{"north":{"uv":[2,6,14,7],"texture":"#0"},"east":{"uv":[14,6,15,7],"texture":"#0"},"south":{"uv":[2,6,14,7],"texture":"#0"},"west":{"uv":[1,6,2,7],"texture":"#0"},"up":{"uv":[2,1,14,2],"texture":"#0"},"down":{"uv":[2,2,14,3],"texture":"#0"}}},{"from":[10,10,15],"to":[15,11,16],"faces":{"north":{"uv":[1,5,6,6],"texture":"#0"},"east":{"uv":[14,5,15,6],"texture":"#0"},"south":{"uv":[10,5,15,6],"texture":"#0"},"west":{"uv":[1,5,2,6],"texture":"#0"},"up":{"uv":[10,1,15,2],"texture":"#0"},"down":{"uv":[10,2,15,3],"texture":"#0"}}}]}
