{"textures":{"0":"dungoen/p3","particle":"block/bookshelf"},"elements":[{"from":[3,1,5],"to":[3.5,2,6],"rotation":{"angle":-22.5,"axis":"y","origin":[4,0.25,4.25]},"faces":{"north":{"uv":[15,9,15.5,10],"texture":"#0"},"south":{"uv":[14,13,14.5,14],"texture":"#0"},"west":{"uv":[14,7,15,8],"texture":"#0"},"up":{"uv":[14,5,14.5,6],"texture":"#0"},"down":{"uv":[14,10,14.5,11],"texture":"#0"}}},{"from":[3.5,0,4],"to":[4,3,7],"rotation":{"angle":-22.5,"axis":"y","origin":[4,0.25,4.25]},"faces":{"north":{"uv":[15.5,10,16,13],"texture":"#0"},"east":{"uv":[13,13,16,16],"texture":"#0"},"south":{"uv":[13.5,12,14,15],"texture":"#0"},"west":{"uv":[13,13,16,16],"texture":"#0"},"up":{"uv":[13.5,4,14,7],"texture":"#0"},"down":{"uv":[13.5,9,14,12],"texture":"#0"}}},{"from":[4,0.25,4.25],"to":[15,2.75,6.75],"rotation":{"angle":-22.5,"axis":"y","origin":[4,0.25,4.25]},"faces":{"north":{"uv":[11,12.5,0,15],"texture":"#0"},"south":{"uv":[0,10,11,12.5],"texture":"#0"},"up":{"uv":[0,10,11,12.5],"texture":"#0"},"down":{"uv":[0,13,11,10.5],"texture":"#0"}}},{"from":[15,0,4],"to":[15.5,3,7],"rotation":{"angle":-22.5,"axis":"y","origin":[4,0.25,4.25]},"faces":{"north":{"uv":[15.5,10,16,13],"texture":"#0"},"east":{"uv":[13,13,16,16],"texture":"#0"},"south":{"uv":[13.5,12,14,15],"texture":"#0"},"west":{"uv":[13,13,16,16],"texture":"#0"},"up":{"uv":[13.5,4,14,7],"texture":"#0"},"down":{"uv":[13.5,9,14,12],"texture":"#0"}}},{"from":[15.5,1,5],"to":[16,2,6],"rotation":{"angle":-22.5,"axis":"y","origin":[4,0.25,4.25]},"faces":{"north":{"uv":[15,9,15.5,10],"texture":"#0"},"east":{"uv":[13.5,12,14.5,13],"texture":"#0"},"south":{"uv":[14,13,14.5,14],"texture":"#0"},"up":{"uv":[14,5,14.5,6],"texture":"#0"},"down":{"uv":[14,10,14.5,11],"texture":"#0"}}},{"from":[7,2.75,4.25],"to":[8.5,2.9,6.75],"rotation":{"angle":-22.5,"axis":"y","origin":[4,0.25,4.25]},"faces":{"north":{"uv":[4.5,12.5,3,10],"texture":"#0"},"east":{"uv":[4.5,12.5,3,10],"texture":"#0"},"south":{"uv":[4.5,12.5,3,10],"texture":"#0"},"west":{"uv":[4.5,12.5,3,10],"texture":"#0"},"up":{"uv":[4.5,12.5,3,10],"texture":"#0"}}},{"from":[7,0.1,4.25],"to":[8.5,0.25,6.75],"rotation":{"angle":-22.5,"axis":"y","origin":[4,0.25,4.25]},"faces":{"north":{"uv":[4.5,12.5,3,10],"texture":"#0"},"east":{"uv":[4.5,12.5,3,10],"texture":"#0"},"south":{"uv":[4.5,12.5,3,10],"texture":"#0"},"west":{"uv":[4.5,12.5,3,10],"texture":"#0"},"down":{"uv":[4.5,12.5,3,10],"texture":"#0"}}},{"from":[7,0.25,4.1],"to":[8.5,2.75,4.25],"rotation":{"angle":-22.5,"axis":"y","origin":[4,0.25,4.25]},"faces":{"north":{"uv":[4.5,12.5,3,10],"texture":"#0"},"east":{"uv":[4.5,12.5,3,10],"texture":"#0"},"west":{"uv":[4.5,12.5,3,10],"texture":"#0"},"up":{"uv":[4.5,12.5,3,10],"texture":"#0"},"down":{"uv":[4.5,12.5,3,10],"texture":"#0"}}},{"from":[7,0.25,6.75],"to":[8.5,2.75,6.9],"rotation":{"angle":-22.5,"axis":"y","origin":[4,0.25,4.25]},"faces":{"east":{"uv":[4.5,12.5,3,10],"texture":"#0"},"south":{"uv":[4.5,12.5,3,10],"texture":"#0"},"west":{"uv":[4.5,12.5,3,10],"texture":"#0"},"up":{"uv":[4.5,12.5,3,10],"texture":"#0"},"down":{"uv":[4.5,12.5,3,10],"texture":"#0"}}},{"from":[6.5,0.75,4.1],"to":[7,2.25,4.25],"rotation":{"angle":-22.5,"axis":"y","origin":[4,0.25,4.25]},"faces":{"north":{"uv":[4.5,12.5,3,10],"texture":"#0"},"west":{"uv":[4.5,12.5,3,10],"texture":"#0"},"up":{"uv":[4.5,12.5,3,10],"texture":"#0"},"down":{"uv":[4.5,12.5,3,10],"texture":"#0"}}},{"from":[8.5,0.75,4.1],"to":[9,2.25,4.25],"rotation":{"angle":-22.5,"axis":"y","origin":[4,0.25,4.25]},"faces":{"north":{"uv":[4.5,12.5,3,10],"texture":"#0"},"east":{"uv":[4.5,12.5,3,10],"texture":"#0"},"up":{"uv":[4.5,12.5,3,10],"texture":"#0"},"down":{"uv":[4.5,12.5,3,10],"texture":"#0"}}},{"from":[9,1.75,4.1],"to":[9.5,2.25,4.25],"rotation":{"angle":-22.5,"axis":"y","origin":[4,0.25,4.25]},"faces":{"north":{"uv":[4.5,12.5,3,10],"texture":"#0"},"east":{"uv":[4.5,12.5,3,10],"texture":"#0"},"up":{"uv":[4.5,12.5,3,10],"texture":"#0"},"down":{"uv":[4.5,12.5,3,10],"texture":"#0"}}},{"from":[9,0.75,4.1],"to":[9.5,1.25,4.25],"rotation":{"angle":-22.5,"axis":"y","origin":[4,0.25,4.25]},"faces":{"north":{"uv":[4.5,12.5,3,10],"texture":"#0"},"east":{"uv":[4.5,12.5,3,10],"texture":"#0"},"up":{"uv":[4.5,12.5,3,10],"texture":"#0"},"down":{"uv":[4.5,12.5,3,10],"texture":"#0"}}},{"from":[6,0.75,4.1],"to":[6.5,1.25,4.25],"rotation":{"angle":-22.5,"axis":"y","origin":[4,0.25,4.25]},"faces":{"north":{"uv":[4.5,12.5,3,10],"texture":"#0"},"west":{"uv":[4.5,12.5,3,10],"texture":"#0"},"up":{"uv":[4.5,12.5,3,10],"texture":"#0"},"down":{"uv":[4.5,12.5,3,10],"texture":"#0"}}},{"from":[6,1.75,4.1],"to":[6.5,2.25,4.25],"rotation":{"angle":-22.5,"axis":"y","origin":[4,0.25,4.25]},"faces":{"north":{"uv":[4.5,12.5,3,10],"texture":"#0"},"west":{"uv":[4.5,12.5,3,10],"texture":"#0"},"up":{"uv":[4.5,12.5,3,10],"texture":"#0"},"down":{"uv":[4.5,12.5,3,10],"texture":"#0"}}}]}
