{"textures":{"1":"block/blue_shulker_box","2":"block/brown_shulker_box","3":"block/green_shulker_box","4":"block/bone_block_side","5":"dungoen/title2","6":"block/red_shulker_box","particle":"block/bookshelf"},"elements":[{"from":[4,0,2.75],"to":[11.25,0.75,13.25],"faces":{"north":{"uv":[0,0,7.25,0.75],"texture":"#3"},"east":{"uv":[0,0,10.5,0.75],"texture":"#3"},"south":{"uv":[0,0,7.25,0.75],"texture":"#3"},"west":{"uv":[0,0,10.5,0.75],"texture":"#3"},"up":{"uv":[0,0,7.25,10.5],"texture":"#3"},"down":{"uv":[0,0,7.25,10.5],"texture":"#3"}}},{"from":[3.5,0.75,2.75],"to":[4,2,13.25],"faces":{"north":{"uv":[0,0,0.5,1.25],"texture":"#3"},"south":{"uv":[0,0,0.5,1.25],"texture":"#3"},"west":{"uv":[0,0,10.5,1.25],"texture":"#3"},"up":{"uv":[0,0,0.5,10.5],"texture":"#3"},"down":{"uv":[0,0,0.5,10.5],"texture":"#3"}}},{"from":[4,2,2.75],"to":[11.25,2.75,13.25],"faces":{"north":{"uv":[0,0,7.25,0.75],"texture":"#3"},"east":{"uv":[0,0,10.5,0.75],"texture":"#3"},"south":{"uv":[0,0,7.25,0.75],"texture":"#3"},"west":{"uv":[0,0,10.5,0.75],"texture":"#3"},"up":{"uv":[0,0,7.25,10.5],"texture":"#3"},"down":{"uv":[0,0,7.25,10.5],"texture":"#3"}}},{"from":[3.75,0.25,2.75],"to":[4,2.5,13.25],"faces":{"north":{"uv":[0,0,0.25,2.25],"texture":"#3"},"south":{"uv":[0,0,0.25,2.25],"texture":"#3"},"west":{"uv":[0,0,10.5,2.25],"texture":"#3"},"up":{"uv":[0,0,0.25,10.5],"texture":"#3"},"down":{"uv":[0,0,0.25,10.5],"texture":"#3"}}},{"from":[4,0.75,2.75],"to":[4.5,2,13.25],"faces":{"north":{"uv":[0,0,0.5,1.25],"texture":"#3"},"east":{"uv":[0,0,10.5,1.25],"texture":"#3"},"south":{"uv":[0,0,0.5,1.25],"texture":"#3"}}},{"from":[4.5,0.75,3.25],"to":[11.5,1,13],"faces":{"north":{"uv":[0,0,7,0.25],"texture":"#4"},"east":{"uv":[0,2,11.75,5.25],"texture":"#4"},"south":{"uv":[0,0,7,0.25],"texture":"#4"},"up":{"uv":[0,0,7,9.75],"texture":"#4"},"down":{"uv":[0,0,7,9.75],"texture":"#4"}}},{"from":[4.5,1,3],"to":[11.25,1.25,13.25],"faces":{"north":{"uv":[0,0,6.75,0.25],"texture":"#4"},"east":{"uv":[0,2,11.75,5.25],"texture":"#4"},"south":{"uv":[0,0,6.75,0.25],"texture":"#4"},"down":{"uv":[0,0,6.75,10.25],"texture":"#4"}}},{"from":[4.5,1.25,2.75],"to":[11.25,1.5,13.25],"faces":{"north":{"uv":[0,0,6.75,0.25],"texture":"#4"},"east":{"uv":[0,2,11.75,5.25],"texture":"#4"},"south":{"uv":[0,0,6.75,0.25],"texture":"#4"},"up":{"uv":[0,0,6.75,10.5],"texture":"#4"},"down":{"uv":[0,0,6.75,10.5],"texture":"#4"}}},{"from":[4.5,1.5,3],"to":[11.5,1.75,13.25],"faces":{"north":{"uv":[0,0,7,0.25],"texture":"#4"},"east":{"uv":[0,2,11.75,5.25],"texture":"#4"},"south":{"uv":[0,0,7,0.25],"texture":"#4"},"up":{"uv":[0,0,7,10.25],"texture":"#4"},"down":{"uv":[0,0,7,10.25],"texture":"#4"}}},{"from":[4.5,1.75,2.75],"to":[11.25,2,13],"faces":{"north":{"uv":[0,0,6.75,0.25],"texture":"#4"},"east":{"uv":[0,2,11.75,5.25],"texture":"#4"},"south":{"uv":[0,0,6.75,0.25],"texture":"#4"},"down":{"uv":[0,0,6.75,10.25],"texture":"#4"}}},{"from":[4,2.75,2.75],"to":[11.25,3.5,13.25],"rotation":{"angle":22.5,"axis":"y","origin":[7.625,3.125,8]},"faces":{"north":{"uv":[0,0,7.25,0.75],"texture":"#2"},"east":{"uv":[0,0,10.5,0.75],"texture":"#2"},"south":{"uv":[0,0,7.25,0.75],"texture":"#2"},"west":{"uv":[0,0,10.5,0.75],"texture":"#2"},"up":{"uv":[0,0,7.25,10.5],"texture":"#2"},"down":{"uv":[0,0,7.25,10.5],"texture":"#2"}}},{"from":[4,4.75,2.75],"to":[11.25,5.5,13.25],"rotation":{"angle":22.5,"axis":"y","origin":[7.625,5.125,8]},"faces":{"north":{"uv":[0,0,7.25,0.75],"texture":"#2"},"east":{"uv":[0,0,10.5,0.75],"texture":"#2"},"south":{"uv":[0,0,7.25,0.75],"texture":"#2"},"west":{"uv":[0,0,10.5,0.75],"texture":"#2"},"up":{"uv":[0,0,7.25,10.5],"texture":"#2"},"down":{"uv":[0,0,7.25,10.5],"texture":"#2"}}},{"from":[4.5,3.5,3.25],"to":[11.5,3.75,13],"rotation":{"angle":22.5,"axis":"y","origin":[8,3.625,8.125]},"faces":{"north":{"uv":[0,0,7,0.25],"texture":"#4"},"east":{"uv":[0,2,11.75,5.25],"texture":"#4"},"south":{"uv":[0,0,7,0.25],"texture":"#4"},"up":{"uv":[0,0,7,9.75],"texture":"#4"},"down":{"uv":[0,0,7,9.75],"texture":"#4"}}},{"from":[4.5,3.75,3],"to":[11.25,4,13.25],"rotation":{"angle":22.5,"axis":"y","origin":[7.875,3.875,8.125]},"faces":{"north":{"uv":[0,0,6.75,0.25],"texture":"#4"},"east":{"uv":[0,2,11.75,5.25],"texture":"#4"},"south":{"uv":[0,0,6.75,0.25],"texture":"#4"},"west":{"uv":[0,0,10.25,0.25],"texture":"#4"},"up":{"uv":[0,0,6.75,10.25],"texture":"#4"},"down":{"uv":[0,0,6.75,10.25],"texture":"#4"}}},{"from":[4.5,4,2.75],"to":[11.25,4.25,13.25],"rotation":{"angle":22.5,"axis":"y","origin":[7.875,4.125,8]},"faces":{"north":{"uv":[0,0,6.75,0.25],"texture":"#4"},"east":{"uv":[0,2,11.75,5.25],"texture":"#4"},"south":{"uv":[0,0,6.75,0.25],"texture":"#4"},"west":{"uv":[0,0,10.5,0.25],"texture":"#4"},"up":{"uv":[0,0,6.75,10.5],"texture":"#4"},"down":{"uv":[0,0,6.75,10.5],"texture":"#4"}}},{"from":[4.5,4.25,3],"to":[11.5,4.5,13.25],"rotation":{"angle":22.5,"axis":"y","origin":[8,4.375,8.125]},"faces":{"north":{"uv":[0,0,7,0.25],"texture":"#4"},"east":{"uv":[0,2,11.75,5.25],"texture":"#4"},"south":{"uv":[0,0,7,0.25],"texture":"#4"},"west":{"uv":[0,0,10.25,0.25],"texture":"#4"},"up":{"uv":[0,0,7,10.25],"texture":"#4"},"down":{"uv":[0,0,7,10.25],"texture":"#4"}}},{"from":[4.5,4.5,2.75],"to":[11.25,4.75,13],"rotation":{"angle":22.5,"axis":"y","origin":[7.875,4.625,7.875]},"faces":{"north":{"uv":[0,0,6.75,0.25],"texture":"#4"},"east":{"uv":[0,2,11.75,5.25],"texture":"#4"},"south":{"uv":[0,0,6.75,0.25],"texture":"#4"},"west":{"uv":[0,0,10.25,0.25],"texture":"#4"},"up":{"uv":[0,0,6.75,10.25],"texture":"#4"},"down":{"uv":[0,0,6.75,10.25],"texture":"#4"}}},{"from":[4,3.5,2.75],"to":[4.5,4.75,13.25],"rotation":{"angle":22.5,"axis":"y","origin":[7.625,3.875,8]},"faces":{"north":{"uv":[0,0,0.5,1.25],"texture":"#2"},"east":{"uv":[0,0,10.5,1.25],"texture":"#2"},"south":{"uv":[0,0,0.5,1.25],"texture":"#2"},"west":{"uv":[0,0,10.5,1.25],"texture":"#2"}}},{"from":[3.75,3,2.75],"to":[4,5.25,13.25],"rotation":{"angle":22.5,"axis":"y","origin":[7.375,3.875,8]},"faces":{"north":{"uv":[0,0,0.25,2.25],"texture":"#2"},"east":{"uv":[0,0,10.5,2.25],"texture":"#2"},"south":{"uv":[0,0,0.25,2.25],"texture":"#2"},"west":{"uv":[0,0,10.5,2.25],"texture":"#2"},"up":{"uv":[0,0,0.25,10.5],"texture":"#2"},"down":{"uv":[0,0,0.25,10.5],"texture":"#2"}}},{"from":[3.5,3.5,2.75],"to":[3.75,4.75,13.25],"rotation":{"angle":22.5,"axis":"y","origin":[7.125,3.875,8]},"faces":{"north":{"uv":[0,0,0.25,1.25],"texture":"#2"},"east":{"uv":[0,0,10.5,1.25],"texture":"#2"},"south":{"uv":[0,0,0.25,1.25],"texture":"#2"},"west":{"uv":[0,0,10.5,1.25],"texture":"#2"},"up":{"uv":[0,0,0.25,10.5],"texture":"#2"},"down":{"uv":[0,0,0.25,10.5],"texture":"#2"}}},{"from":[2.125,6.25,11.875],"to":[12.625,7.5,12.125],"rotation":{"angle":-22.5,"axis":"y","origin":[7.375,6.625,8.5]},"faces":{"north":{"uv":[0,0,10.5,1.25],"texture":"#1"},"east":{"uv":[0,0,0.25,1.25],"texture":"#1"},"south":{"uv":[0,0,10.5,1.25],"texture":"#1"},"west":{"uv":[0,0,0.25,1.25],"texture":"#1"},"up":{"uv":[0,0,0.25,10.5],"rotation":270,"texture":"#1"},"down":{"uv":[0,0,0.25,10.5],"rotation":90,"texture":"#1"}}},{"from":[2.125,5.5,4.375],"to":[12.625,6.25,11.625],"rotation":{"angle":-22.5,"axis":"y","origin":[7.375,5.875,8]},"faces":{"north":{"uv":[0,0,10.5,0.75],"texture":"#1"},"east":{"uv":[0,0,7.25,0.75],"texture":"#1"},"south":{"uv":[0,0,10.5,0.75],"texture":"#1"},"west":{"uv":[0,0,7.25,0.75],"texture":"#1"},"up":{"uv":[0,0,7.25,10.5],"rotation":270,"texture":"#1"},"down":{"uv":[0,0,7.25,10.5],"rotation":90,"texture":"#1"}}},{"from":[2.125,5.75,11.625],"to":[12.625,8,11.875],"rotation":{"angle":-22.5,"axis":"y","origin":[7.375,6.625,8.25]},"faces":{"north":{"uv":[0,0,10.5,2.25],"texture":"#1"},"east":{"uv":[0,0,0.25,2.25],"texture":"#1"},"south":{"uv":[0,0,10.5,2.25],"texture":"#1"},"west":{"uv":[0,0,0.25,2.25],"texture":"#1"},"up":{"uv":[0,0,0.25,10.5],"rotation":270,"texture":"#1"},"down":{"uv":[0,0,0.25,10.5],"rotation":90,"texture":"#1"}}},{"from":[2.125,6.25,11.125],"to":[12.625,7.5,11.625],"rotation":{"angle":-22.5,"axis":"y","origin":[7.375,6.625,8]},"faces":{"north":{"uv":[0,0,10.5,1.25],"texture":"#1"},"east":{"uv":[0,0,0.5,1.25],"texture":"#1"},"south":{"uv":[0,0,10.5,1.25],"texture":"#1"},"west":{"uv":[0,0,0.5,1.25],"texture":"#1"}}},{"from":[2.125,7.25,4.375],"to":[12.375,7.5,11.125],"rotation":{"angle":-22.5,"axis":"y","origin":[7.25,7.375,7.75]},"faces":{"north":{"uv":[0,0,10.25,0.25],"texture":"#4"},"east":{"uv":[0,2,11.75,5.25],"texture":"#4"},"south":{"uv":[0,0,10.25,0.25],"texture":"#4"},"west":{"uv":[0,0,6.75,0.25],"texture":"#4"},"up":{"uv":[0,0,6.75,10.25],"rotation":270,"texture":"#4"},"down":{"uv":[0,0,6.75,10.25],"rotation":90,"texture":"#4"}}},{"from":[2.375,7,4.125],"to":[12.625,7.25,11.125],"rotation":{"angle":-22.5,"axis":"y","origin":[7.5,7.125,7.625]},"faces":{"north":{"uv":[0,0,10.25,0.25],"texture":"#4"},"east":{"uv":[0,2,11.75,5.25],"texture":"#4"},"south":{"uv":[0,0,10.25,0.25],"texture":"#4"},"west":{"uv":[0,0,7,0.25],"texture":"#4"},"up":{"uv":[0,0,7,10.25],"rotation":270,"texture":"#4"},"down":{"uv":[0,0,7,10.25],"rotation":90,"texture":"#4"}}},{"from":[2.125,6.75,4.375],"to":[12.625,7,11.125],"rotation":{"angle":-22.5,"axis":"y","origin":[7.375,6.875,7.75]},"faces":{"north":{"uv":[0,0,10.5,0.25],"texture":"#4"},"east":{"uv":[0,2,11.75,5.25],"texture":"#4"},"south":{"uv":[0,0,10.5,0.25],"texture":"#4"},"west":{"uv":[0,0,6.75,0.25],"texture":"#4"},"up":{"uv":[0,0,6.75,10.5],"rotation":270,"texture":"#4"},"down":{"uv":[0,0,6.75,10.5],"rotation":90,"texture":"#4"}}},{"from":[2.375,6.5,4.375],"to":[12.625,6.75,11.125],"rotation":{"angle":-22.5,"axis":"y","origin":[7.5,6.625,7.75]},"faces":{"north":{"uv":[0,0,10.25,0.25],"texture":"#4"},"east":{"uv":[0,2,11.75,5.25],"texture":"#4"},"south":{"uv":[0,0,10.25,0.25],"texture":"#4"},"west":{"uv":[0,0,6.75,0.25],"texture":"#4"},"up":{"uv":[0,0,6.75,10.25],"rotation":270,"texture":"#4"},"down":{"uv":[0,0,6.75,10.25],"rotation":90,"texture":"#4"}}},{"from":[2.625,6.25,4.125],"to":[12.375,6.5,11.125],"rotation":{"angle":-22.5,"axis":"y","origin":[7.5,6.375,7.625]},"faces":{"north":{"uv":[0,0,9.75,0.25],"texture":"#4"},"east":{"uv":[0,2,11.75,5.25],"texture":"#4"},"south":{"uv":[0,0,9.75,0.25],"texture":"#4"},"west":{"uv":[0,0,7,0.25],"texture":"#4"},"up":{"uv":[0,0,7,9.75],"rotation":270,"texture":"#4"},"down":{"uv":[0,0,7,9.75],"rotation":90,"texture":"#4"}}},{"from":[2.125,7.5,4.375],"to":[12.625,8.25,11.625],"rotation":{"angle":-22.5,"axis":"y","origin":[7.375,7.875,8]},"faces":{"north":{"uv":[0,0,10.5,0.75],"texture":"#1"},"east":{"uv":[0,0,7.25,0.75],"texture":"#1"},"south":{"uv":[0,0,10.5,0.75],"texture":"#1"},"west":{"uv":[0,0,7.25,0.75],"texture":"#1"},"up":{"uv":[0,0,7.25,10.5],"rotation":270,"texture":"#1"},"down":{"uv":[0,0,7.25,10.5],"rotation":90,"texture":"#1"}}},{"from":[2.875,8.1,5.125],"to":[6.125,8.35,9.745],"rotation":{"angle":-22.5,"axis":"y","origin":[7.25,8.225,7.75]},"faces":{"up":{"uv":[0,1.5,15.875,13.75],"rotation":270,"texture":"#5"}}},{"from":[6.125,7.7,6.375],"to":[6.375,8.45,11.375],"rotation":{"angle":-22.5,"axis":"y","origin":[10.875,8.075,8]},"faces":{"east":{"uv":[0,0,5,0.75],"texture":"#1"},"south":{"uv":[0,0,0.25,0.75],"texture":"#1"},"west":{"uv":[0,0,5,0.75],"texture":"#1"},"up":{"uv":[0,0,5,0.25],"rotation":270,"texture":"#1"}}},{"from":[4,7.7,8.7],"to":[7.25,8.45,8.95],"rotation":{"angle":-22.5,"axis":"y","origin":[5.375,8.075,4.25]},"faces":{"north":{"uv":[0,0,3.25,0.75],"texture":"#1"},"east":{"uv":[0,0,0.25,0.75],"texture":"#1"},"south":{"uv":[0,0,3.25,0.75],"texture":"#1"},"west":{"uv":[0,0,0.25,0.75],"texture":"#1"},"up":{"uv":[0,0,3.25,0.25],"rotation":180,"texture":"#1"}}},{"from":[3.125,7.7,5.125],"to":[3.375,8.45,10.125],"rotation":{"angle":-22.5,"axis":"y","origin":[7.875,8.075,6.75]},"faces":{"north":{"uv":[0,0,0.25,0.75],"texture":"#1"},"east":{"uv":[0,0,5,0.75],"texture":"#1"},"south":{"uv":[0,0,0.25,0.75],"texture":"#1"},"west":{"uv":[0,0,5,0.75],"texture":"#1"},"up":{"uv":[0,0,5,0.25],"rotation":270,"texture":"#1"}}},{"from":[5.75,7.7,4.25],"to":[9.25,8.45,4.5],"rotation":{"angle":-22.5,"axis":"y","origin":[7.125,8.075,-0.25]},"faces":{"north":{"uv":[0,0,3.5,0.75],"texture":"#1"},"east":{"uv":[0,0,0.25,0.75],"texture":"#1"},"south":{"uv":[0,0,3.5,0.75],"texture":"#1"},"west":{"uv":[0,0,0.25,0.75],"texture":"#1"},"up":{"uv":[0,0,3.5,0.25],"rotation":180,"texture":"#1"}}},{"from":[5.5,4,2.5],"to":[6.75,4.25,2.75],"rotation":{"angle":22.5,"axis":"y","origin":[7.875,4.125,8]},"faces":{"north":{"uv":[2,2,8.75,4.25],"texture":"#6"},"east":{"uv":[4,6,15.75,9.25],"texture":"#6"},"west":{"uv":[6,2,8.5,4.25],"texture":"#6"},"up":{"uv":[8,2,14.75,12.5],"texture":"#6"},"down":{"uv":[0,0,6.75,10.5],"texture":"#6"}}},{"from":[5.5,3.75,2.25],"to":[6.75,4,2.5],"rotation":{"angle":22.5,"axis":"y","origin":[7.875,3.875,8]},"faces":{"north":{"uv":[2,2,8.75,4.25],"texture":"#6"},"east":{"uv":[4,6,15.75,9.25],"texture":"#6"},"south":{"uv":[0,0,6.75,0.25],"texture":"#6"},"west":{"uv":[6,2,8.5,4.25],"texture":"#6"},"up":{"uv":[8,2,14.75,12.5],"texture":"#6"},"down":{"uv":[0,0,6.75,10.5],"texture":"#6"}}},{"from":[5.5,3,2.25],"to":[6.75,3.75,2.5],"rotation":{"angle":22.5,"axis":"y","origin":[7.625,3.625,8]},"faces":{"north":{"uv":[2,2,8.75,4.25],"texture":"#6"},"east":{"uv":[4,6,15.75,9.25],"texture":"#6"},"south":{"uv":[0,0,6.75,0.25],"texture":"#6"},"west":{"uv":[6,2,8.5,4.25],"texture":"#6"},"up":{"uv":[8,2,14.75,12.5],"texture":"#6"},"down":{"uv":[0,0,6.75,10.5],"texture":"#6"}}}]}
