{"textures":{"1":"dungoen/8title_la_celestina","2":"dungoen/8la_celestina","particle":"block/bookshelf"},"elements":[{"from":[7.75,0,3.5],"to":[13.75,0.25,11.5],"rotation":{"angle":-45,"axis":"y","origin":[7.75,0,3.5]},"faces":{"north":{"uv":[0,0,6,0.25],"texture":"#2"},"east":{"uv":[5.75,0,6,8],"rotation":90,"texture":"#2"},"south":{"uv":[0,7.75,6,8],"texture":"#2"},"west":{"uv":[0,0,0.25,8],"rotation":90,"texture":"#2"},"up":{"uv":[0,0,6,8],"texture":"#2"},"down":{"uv":[0,0,6,8],"texture":"#2","cullface":"down"}}},{"from":[7.75,2.5,3.5],"to":[13.75,2.75,11.5],"rotation":{"angle":-45,"axis":"y","origin":[7.75,0,3.5]},"faces":{"north":{"uv":[0,0,6,0.25],"texture":"#2"},"east":{"uv":[5.75,0,6,8],"rotation":90,"texture":"#2"},"south":{"uv":[0,7.75,6,8],"texture":"#2"},"west":{"uv":[0,0,0.25,8],"rotation":90,"texture":"#2"},"up":{"uv":[0,0,6,8],"texture":"#2"},"down":{"uv":[0,0,6,8],"texture":"#2"}}},{"from":[7.75,0.25,3.75],"to":[13.5,2.5,11.25],"rotation":{"angle":-45,"axis":"y","origin":[7.75,0,3.5]},"faces":{"north":{"uv":[0,13,5.75,15.25],"texture":"#2"},"east":{"uv":[2.75,13,10.25,15.25],"texture":"#2"},"south":{"uv":[0,13,5.75,15.25],"texture":"#2"}}},{"from":[13.75,0,7.25],"to":[14,0.5,8.25],"rotation":{"angle":-45,"axis":"y","origin":[7.75,0,3.5]},"faces":{"north":{"uv":[8,9.25,8.25,9.75],"texture":"#2"},"east":{"uv":[8.75,10,9.75,10.5],"texture":"#2"},"south":{"uv":[9.25,9.75,9.5,10.25],"texture":"#2"},"west":{"uv":[11.5,8.75,12.5,9.25],"texture":"#2"},"up":{"uv":[9,10,9.25,11],"texture":"#2"},"down":{"uv":[8.5,9.5,8.75,10.5],"texture":"#2","cullface":"down"}}},{"from":[12,2.75,7.25],"to":[13.75,3,8.25],"rotation":{"angle":-45,"axis":"y","origin":[7.75,0,3.5]},"faces":{"north":{"uv":[6.5,9,6.75,11],"rotation":90,"texture":"#2"},"east":{"uv":[6.5,9,7.5,9.25],"texture":"#2"},"south":{"uv":[6.5,9,6.75,11],"rotation":90,"texture":"#2"},"west":{"uv":[6.5,10.75,7.5,11],"texture":"#2"},"up":{"uv":[8.5,9.5,10.25,10.5],"texture":"#2"}}},{"from":[14,0.25,7.25],"to":[14.25,2.25,8.25],"rotation":{"angle":-45,"axis":"y","origin":[7.75,0,3.5]},"faces":{"north":{"uv":[10.5,9,10.75,11],"texture":"#2"},"east":{"uv":[10,9,11,11],"texture":"#2"},"south":{"uv":[12,9,12.25,11],"texture":"#2"},"west":{"uv":[12.75,9,13.75,11],"texture":"#2"},"up":{"uv":[9.5,9.75,9.75,10.75],"texture":"#2"},"down":{"uv":[8.25,9.25,8.5,10.25],"texture":"#2"}}},{"from":[13.75,2.25,7.25],"to":[14,2.75,8.25],"rotation":{"angle":-45,"axis":"y","origin":[7.75,0,3.5]},"faces":{"north":{"uv":[11,9,11.25,9.5],"texture":"#2"},"east":{"uv":[9.75,9.5,10.75,10],"texture":"#2"},"south":{"uv":[8,9.5,8.25,10],"texture":"#2"},"west":{"uv":[11.25,9.5,12.25,10],"texture":"#2"},"up":{"uv":[11.75,9.5,12,10.5],"texture":"#2"},"down":{"uv":[12,9.5,12.25,10.5],"texture":"#2"}}},{"from":[11.75,2.75,7.5],"to":[12,3,8],"rotation":{"angle":-45,"axis":"y","origin":[7.75,0,3.5]},"faces":{"north":{"uv":[8,9.25,8.25,9.5],"texture":"#2"},"south":{"uv":[8.75,9.75,9,10],"texture":"#2"},"west":{"uv":[7,10.5,7.5,10.75],"texture":"#2"},"up":{"uv":[8.75,9.75,9,10.25],"texture":"#2"}}},{"from":[12.25,3,7.5],"to":[12.75,3.125,8],"rotation":{"angle":-45,"axis":"y","origin":[7.75,0,3.5]},"faces":{"north":{"uv":[5,9.5,6,9.75],"texture":"#2"},"east":{"uv":[5.75,9.5,6,10.5],"rotation":90,"texture":"#2"},"south":{"uv":[5,10.25,6,10.5],"texture":"#2"},"west":{"uv":[5,9.5,5.25,10.5],"rotation":90,"texture":"#2"},"up":{"uv":[5,9.5,6,10.5],"texture":"#2"}}},{"from":[7.5,0.25,3.5],"to":[7.75,2.5,11.5],"rotation":{"angle":-45,"axis":"y","origin":[7.75,0,3.5]},"faces":{"north":{"uv":[6.5,0,9,0.5],"rotation":90,"texture":"#2"},"east":{"uv":[6.5,0,9,8],"rotation":90,"texture":"#2"},"south":{"uv":[6.5,7.5,9,8],"rotation":90,"texture":"#2"},"west":{"uv":[6.5,0,9,8],"rotation":90,"texture":"#2"},"up":{"uv":[6.5,0,6.75,8],"texture":"#2"},"down":{"uv":[8.75,0,9,8],"texture":"#2"}}},{"from":[8.9773,2.8,4.5],"to":[12.4773,2.801,6.5],"rotation":{"angle":-45,"axis":"y","origin":[7.75,0,3.5]},"faces":{"east":{"uv":[10.5,13.249,12,13.25],"texture":"#1"},"up":{"uv":[0,3,16,12],"texture":"#1"}}},{"from":[8.75,2.75,4.25],"to":[12.75,2.86,4.5],"rotation":{"angle":-45,"axis":"y","origin":[7.75,0,3.5]},"faces":{"north":{"uv":[12,12.5,16,12.75],"texture":"#2"},"east":{"uv":[12,12.5,13,13],"rotation":180,"texture":"#2"},"south":{"uv":[12,12.5,16,12.75],"texture":"#2"},"west":{"uv":[12,12.5,13,13],"rotation":180,"texture":"#2"},"up":{"uv":[12,12.5,16,12.75],"texture":"#2"}}},{"from":[8.75,2.75,6.5],"to":[12.75,2.86,6.75],"rotation":{"angle":-45,"axis":"y","origin":[7.75,0,3.5]},"faces":{"north":{"uv":[12,12.5,16,12.75],"texture":"#2"},"east":{"uv":[12,12.5,13,13],"rotation":180,"texture":"#2"},"south":{"uv":[12,12.5,16,12.75],"texture":"#2"},"west":{"uv":[12,12.5,13,13],"rotation":180,"texture":"#2"},"up":{"uv":[12,12.5,16,12.75],"texture":"#2"}}},{"from":[8.75,2.75,4.5],"to":[9,2.86,6.5],"rotation":{"angle":-45,"axis":"y","origin":[7.75,0,3.5]},"faces":{"east":{"uv":[12,12.5,16,12.75],"texture":"#2"},"west":{"uv":[12,12.5,16,12.75],"texture":"#2"},"up":{"uv":[12,12.5,16,12.75],"rotation":90,"texture":"#2"}}},{"from":[12.5,2.75,4.5],"to":[12.75,2.86,6.5],"rotation":{"angle":-45,"axis":"y","origin":[7.75,0,3.5]},"faces":{"east":{"uv":[12,12.5,16,12.75],"texture":"#2"},"west":{"uv":[12,12.5,16,12.75],"texture":"#2"},"up":{"uv":[12,12.5,16,12.75],"rotation":90,"texture":"#2"}}}]}
