{"textures":{"0":"dungoen/12title","1":"dungoen/12divinecomedy","particle":"block/bookshelf"},"elements":[{"from":[4.2785,0,2.8286],"to":[11.13564,0.45714,14.71432],"rotation":{"angle":45,"axis":"y","origin":[6.75,2,8]},"faces":{"north":{"uv":[0,0,7,0.5],"texture":"#1"},"east":{"uv":[6.5,0,7,12],"rotation":270,"texture":"#1"},"south":{"uv":[0,11.5,7,12],"texture":"#1"},"west":{"uv":[0,0,0.5,12],"rotation":270,"texture":"#1"},"up":{"uv":[0,0,7,12],"rotation":180,"texture":"#1"},"down":{"uv":[0,0,7,12],"rotation":180,"texture":"#1"}}},{"from":[3.8228,0.1643,2.8286],"to":[4.27994,2.57858,14.71432],"rotation":{"angle":45,"axis":"y","origin":[6.75,2,8]},"faces":{"north":{"uv":[7.5,0,10.5,0.5],"rotation":270,"texture":"#1"},"east":{"uv":[7.5,0,10.5,12],"rotation":270,"texture":"#1"},"south":{"uv":[7.5,11.5,10.5,12],"rotation":90,"texture":"#1"},"west":{"uv":[7.5,0,10.5,12],"rotation":270,"texture":"#1"},"up":{"uv":[10,0,10.45714,11.88571],"rotation":180,"texture":"#1"},"down":{"uv":[7.5,0,7.95714,11.88571],"rotation":180,"texture":"#1"}}},{"from":[4.2786,2.2857,2.8286],"to":[11.1357,2.7429,14.7143],"rotation":{"angle":45,"axis":"y","origin":[6.75,2,8]},"faces":{"north":{"uv":[0,0,7,0.5],"texture":"#1"},"east":{"uv":[6.5,0,7,12],"rotation":270,"texture":"#1"},"south":{"uv":[0,11.5,7,12],"texture":"#1"},"west":{"uv":[0,0,0.5,12],"rotation":270,"texture":"#1"},"up":{"uv":[0,0,7,12],"rotation":180,"texture":"#1"},"down":{"uv":[0,0,7,12],"rotation":180,"texture":"#1"}}},{"from":[4.2785,0.4571,3.2857],"to":[10.6785,2.28567,14.2571],"rotation":{"angle":45,"axis":"y","origin":[6.75,2,8]},"faces":{"north":{"uv":[0,14,6,15.5],"texture":"#1"},"east":{"uv":[0,14,11,16],"texture":"#1"},"south":{"uv":[0,14,6,15.5],"texture":"#1"},"up":{"uv":[1,12.5,1.5,13],"rotation":180,"texture":"#1"}}},{"from":[9,2.75,4.25],"to":[9.25,3,6.5],"rotation":{"angle":45,"axis":"y","origin":[6.75,2,8]},"faces":{"north":{"uv":[15.5,6,16,6.5],"texture":"#1"},"east":{"uv":[15.5,6,16,9],"texture":"#1"},"south":{"uv":[15.5,6,16,6.5],"texture":"#1"},"west":{"uv":[15.5,6,16,9],"texture":"#1"},"up":{"uv":[15.5,6,16,9],"texture":"#1"},"down":{"uv":[15.5,6,16,9],"texture":"#1"}}},{"from":[5.75,2.75,4.25],"to":[6,3,6.5],"rotation":{"angle":45,"axis":"y","origin":[6.75,2,8]},"faces":{"north":{"uv":[15.5,6,16,6.5],"texture":"#1"},"east":{"uv":[15.5,6,16,9],"texture":"#1"},"south":{"uv":[15.5,6,16,6.5],"texture":"#1"},"west":{"uv":[15.5,6,16,9],"texture":"#1"},"up":{"uv":[15.5,6,16,9],"texture":"#1"},"down":{"uv":[15.5,6,16,9],"texture":"#1"}}},{"from":[6,2.75,6.25],"to":[9,3,6.5],"rotation":{"angle":45,"axis":"y","origin":[6.75,2,8]},"faces":{"north":{"uv":[15.5,0,16,4.5],"rotation":270,"texture":"#1"},"south":{"uv":[15.5,0,16,4.5],"rotation":270,"texture":"#1"},"up":{"uv":[15.5,0,16,4.5],"rotation":180,"texture":"#1"},"down":{"uv":[15.5,0,16,4.5],"rotation":180,"texture":"#1"}}},{"from":[6,2.75,4.25],"to":[9,3,4.5],"rotation":{"angle":45,"axis":"y","origin":[6.75,2,8]},"faces":{"north":{"uv":[15.5,0,16,4.5],"rotation":270,"texture":"#1"},"south":{"uv":[15.5,0,16,4.5],"rotation":270,"texture":"#1"},"up":{"uv":[15.5,0,16,4.5],"rotation":180,"texture":"#1"},"down":{"uv":[15.5,0,16,4.5],"rotation":180,"texture":"#1"}}},{"from":[5.25,1,14.25],"to":[6,2,14.35],"rotation":{"angle":45,"axis":"y","origin":[6.75,2,8]},"faces":{"east":{"uv":[11,0,13,0.5],"rotation":90,"texture":"#1"},"south":{"uv":[11,0,12.5,2],"texture":"#1"},"west":{"uv":[11,0,11.5,2],"rotation":90,"texture":"#1"},"up":{"uv":[11,0,13,0.5],"rotation":180,"texture":"#1"},"down":{"uv":[13,0,15,0.5],"rotation":180,"texture":"#1"}}},{"from":[5.5,0.75,14.25],"to":[5.75,1,14.35],"rotation":{"angle":45,"axis":"y","origin":[6.75,2,8]},"faces":{"east":{"uv":[12,5,12.5,5.5],"texture":"#1"},"south":{"uv":[12,5,12.5,5.5],"texture":"#1"},"west":{"uv":[12,5,12.5,5.5],"texture":"#1"},"down":{"uv":[12,5,12.5,5.5],"texture":"#1"}}},{"from":[6,2.75,4.5],"to":[9,2.85,6.25],"rotation":{"angle":45,"axis":"y","origin":[6.75,2,8]},"faces":{"up":{"uv":[0,1.74,16,12.65],"texture":"#0"},"down":{"uv":[0,0,3,1.75],"rotation":180,"texture":"#0"}}}]}
