{"textures":{"0":"dungoen/p2","1":"dungoen/pempty","particle":"block/bookshelf"},"elements":[{"from":[2,0,4.5],"to":[10,0.25,15.5],"rotation":{"angle":22.5,"axis":"y","origin":[2,0,4.5]},"faces":{"north":{"uv":[5,15.75,13,16],"texture":"#1"},"east":{"uv":[2.75,15.75,13.75,16],"texture":"#1"},"south":{"uv":[3,15.75,11,16],"texture":"#1"},"west":{"uv":[2.25,15.75,13.25,16],"texture":"#1"},"up":{"uv":[1,1,10.5,14],"texture":"#1"},"down":{"uv":[11,0,16,8.5],"texture":"#1"}}},{"from":[5.75,0.25,1.25],"to":[13.75,0.5,12.25],"rotation":{"angle":-22.5,"axis":"y","origin":[5.75,0.25,1.25]},"faces":{"north":{"uv":[5,15.75,13,16],"texture":"#1"},"east":{"uv":[2.75,15.75,13.75,16],"texture":"#1"},"south":{"uv":[3,15.75,11,16],"texture":"#1"},"west":{"uv":[2.25,15.75,13.25,16],"texture":"#1"},"up":{"uv":[1,1,10.5,14],"texture":"#1"},"down":{"uv":[11,0,16,8.5],"texture":"#1"}}},{"from":[3.75,0.5,2.75],"to":[11.75,0.75,13.75],"faces":{"north":{"uv":[5,15.75,13,16],"texture":"#1"},"east":{"uv":[2.75,15.75,13.75,16],"texture":"#1"},"south":{"uv":[3,15.75,11,16],"texture":"#1"},"west":{"uv":[2.25,15.75,13.25,16],"texture":"#1"},"up":{"uv":[1,1,10.5,14],"texture":"#1"},"down":{"uv":[11,0,16,8.5],"texture":"#1"}}},{"from":[3,0.75,6.5],"to":[14,1,14.5],"rotation":{"angle":-22.5,"axis":"y","origin":[14,0.75,6.5]},"faces":{"north":{"uv":[2.25,15.75,13.25,16],"texture":"#0"},"east":{"uv":[5,15.75,13,16],"texture":"#0"},"south":{"uv":[2.75,15.75,13.75,16],"texture":"#0"},"west":{"uv":[3,15.75,11,16],"texture":"#0"},"up":{"uv":[1,1,10.5,14],"rotation":90,"texture":"#0"},"down":{"uv":[11,0,16,8.5],"rotation":270,"texture":"#0"}}}]}
