{"textures":{"0":"dungoen/1","1":"dungoen/pempty","2":"dungoen/open","particle":"block/bookshelf"},"elements":[{"from":[8.3,-0.1,1.15],"to":[13.2,0.25,8.15],"rotation":{"angle":-22.5,"axis":"y","origin":[3.75,0.25,1.5]},"faces":{"north":{"uv":[0,11.5,7,12],"texture":"#0"},"east":{"uv":[2.5,0,3,10.5],"rotation":90,"texture":"#0"},"south":{"uv":[0,0,7,0.5],"texture":"#0"},"up":{"uv":[0,0,7,10],"texture":"#0"},"down":{"uv":[0,0,7,10],"texture":"#0"}}},{"from":[3.4,-0.1,1.15],"to":[8.3,0.25,8.15],"rotation":{"angle":-22.5,"axis":"y","origin":[3.75,0.25,1.5]},"faces":{"north":{"uv":[0,11.5,7,12],"texture":"#0"},"south":{"uv":[0,0,7,0.5],"texture":"#0"},"west":{"uv":[0,0,0.5,10.5],"rotation":90,"texture":"#0"},"up":{"uv":[0,0,7,10],"texture":"#0"},"down":{"uv":[0,0,7,10],"texture":"#0"}}},{"from":[3.75,0.25,1.5],"to":[12.85,0.95,7.8],"rotation":{"angle":-22.5,"axis":"y","origin":[3.75,0.25,1.5]},"faces":{"north":{"uv":[1.5,14.5,14.5,15.5],"texture":"#1"},"east":{"uv":[3.25,14.5,12.25,15.5],"texture":"#1"},"south":{"uv":[1.5,14.5,14.5,15.5],"texture":"#1"},"west":{"uv":[3.75,14.5,12.75,15.5],"texture":"#1"},"up":{"uv":[1.5,3.75,14.5,12.75],"texture":"#1"}}},{"from":[3.75,0.95,1.5],"to":[7.95,1.125,7.8],"rotation":{"angle":-22.5,"axis":"y","origin":[3.75,0.25,1.5]},"faces":{"north":{"uv":[7.5,14.25,13.5,14.5],"texture":"#1"},"east":{"uv":[2.25,14.25,11.25,14.5],"texture":"#1"},"south":{"uv":[2.5,14.25,8.5,14.5],"texture":"#1"},"west":{"uv":[4.75,14.25,13.75,14.5],"texture":"#1"},"up":{"uv":[0,0,6,9],"texture":"#2"}}},{"from":[8.65,0.95,1.5],"to":[12.85,1.125,7.8],"rotation":{"angle":-22.5,"axis":"y","origin":[3.75,0.25,1.5]},"faces":{"north":{"uv":[0.5,14.25,6.5,14.5],"texture":"#1"},"east":{"uv":[2.25,14.25,11.25,14.5],"texture":"#1"},"south":{"uv":[9.5,14.25,15.5,14.5],"texture":"#1"},"west":{"uv":[4.75,14.25,13.75,14.5],"texture":"#1"},"up":{"uv":[6,0,12,9],"texture":"#2"}}}]}
