{"textures":{"0":"dungoen/book_parzival","1":"dungoen/title_parzival"},"elements":[{"from":[5,5.1,3],"to":[13,5.101,7],"faces":{"north":{"uv":[3,10.999,11,11],"texture":"#1"},"east":{"uv":[9,10.999,13,11],"texture":"#1"},"south":{"uv":[5,10.999,13,11],"texture":"#1"},"west":{"uv":[3,10.999,7,11],"texture":"#1"},"up":{"uv":[0,0,16,8],"texture":"#1"},"down":{"uv":[5,9,13,13],"texture":"#1"}}},{"from":[3,0,1],"to":[15,1,15],"faces":{"north":{"uv":[0,6.5,6,7],"texture":"#0"},"east":{"uv":[5.5,0,6,7],"rotation":270,"texture":"#0"},"south":{"uv":[0,0,6,0.5],"texture":"#0"},"west":{"uv":[0,0,0.5,7],"rotation":270,"texture":"#0"},"up":{"uv":[0,0,6,7],"texture":"#0"},"down":{"uv":[0,0,6,7],"texture":"#0","cullface":"down"}}},{"from":[3,4,1],"to":[15,5,15],"faces":{"north":{"uv":[0,6.5,6,7],"texture":"#0"},"east":{"uv":[5.5,0,6,7],"rotation":270,"texture":"#0"},"south":{"uv":[0,0,6,0.5],"texture":"#0"},"west":{"uv":[0,0,0.5,7],"rotation":270,"texture":"#0"},"up":{"uv":[0,0,6,7],"texture":"#0"},"down":{"uv":[0,0,6,7],"texture":"#0"}}},{"from":[2,1,1],"to":[3,4,15],"faces":{"north":{"uv":[0,0,0.5,1.5],"texture":"#0"},"east":{"uv":[0,0,1.5,7],"texture":"#0"},"south":{"uv":[0,5.5,0.5,7],"texture":"#0"},"west":{"uv":[0,0,1.5,7],"texture":"#0"},"up":{"uv":[0,0,0.5,7],"texture":"#0"},"down":{"uv":[0,0,0.5,7],"texture":"#0"}}},{"from":[3,1,1.5],"to":[14.5,4,14.5],"faces":{"north":{"uv":[6,14.5,0,16],"texture":"#0"},"east":{"uv":[6.5,14.5,0,16],"texture":"#0"},"south":{"uv":[0,14.5,6,16],"texture":"#0"}}}]}