{"textures":{"0":"block/stripped_spruce_log","1":"block/bone_block_side","particle":"block/bookshelf"},"elements":[{"from":[5,0,3],"to":[11,0.75,12],"rotation":{"angle":-22.5,"axis":"y","origin":[8,8,8]},"faces":{"north":{"uv":[0,0,6,0.75],"texture":"#0"},"east":{"uv":[0,0,9,0.75],"texture":"#0"},"south":{"uv":[0,0,6,0.75],"texture":"#0"},"west":{"uv":[0,0,9,0.75],"texture":"#0"},"up":{"uv":[0,0,6,9],"texture":"#0"},"down":{"uv":[0,0,6,9],"texture":"#0"}}},{"from":[5,2,3],"to":[11,2.75,12],"rotation":{"angle":-22.5,"axis":"y","origin":[8,8,8]},"faces":{"north":{"uv":[0,0,6,0.75],"texture":"#0"},"east":{"uv":[0,0,9,0.75],"texture":"#0"},"south":{"uv":[0,0,6,0.75],"texture":"#0"},"west":{"uv":[0,0,9,0.75],"texture":"#0"},"up":{"uv":[0,0,6,9],"texture":"#0"},"down":{"uv":[0,0,6,9],"texture":"#0"}}},{"from":[4.75,0.25,3],"to":[5.5,2.5,12],"rotation":{"angle":-22.5,"axis":"y","origin":[8,8,8]},"faces":{"north":{"uv":[0,0,0.75,2.25],"texture":"#0"},"east":{"uv":[0,0,9,2.25],"texture":"#0"},"south":{"uv":[0,0,0.75,2.25],"texture":"#0"},"west":{"uv":[0,0,9,2.25],"texture":"#0"},"up":{"uv":[0,0,0.75,9],"texture":"#0"},"down":{"uv":[0,0,0.75,9],"texture":"#0"}}},{"from":[5.5,0.75,3.25],"to":[10.75,1,11.75],"rotation":{"angle":-22.5,"axis":"y","origin":[8,8,8]},"faces":{"north":{"uv":[0,0,5.25,0.25],"texture":"#1"},"east":{"uv":[0,0,8.5,0.25],"texture":"#1"},"south":{"uv":[0,0,5.25,0.25],"texture":"#1"}}},{"from":[5.5,1,3.25],"to":[10.75,1.25,11.75],"rotation":{"angle":-22.5,"axis":"y","origin":[8,8,8]},"faces":{"north":{"uv":[0,0,5.25,0.25],"texture":"#1"},"east":{"uv":[0,0,8.5,0.25],"texture":"#1"},"south":{"uv":[0,0,5.25,0.25],"texture":"#1"}}},{"from":[5.5,1.5,3.25],"to":[10.75,1.75,11.75],"rotation":{"angle":-22.5,"axis":"y","origin":[8,8,8]},"faces":{"north":{"uv":[0,0,5.25,0.25],"texture":"#1"},"east":{"uv":[0,0,8.5,0.25],"texture":"#1"},"south":{"uv":[0,0,5.25,0.25],"texture":"#1"}}},{"from":[5.5,1.25,3.25],"to":[10.75,1.5,11.75],"rotation":{"angle":-22.5,"axis":"y","origin":[8,8,8]},"faces":{"north":{"uv":[0,0,5.25,0.25],"texture":"#1"},"east":{"uv":[0,0,8.5,0.25],"texture":"#1"},"south":{"uv":[0,0,5.25,0.25],"texture":"#1"}}},{"from":[5.5,1.75,3.25],"to":[10.75,2,11.75],"rotation":{"angle":-22.5,"axis":"y","origin":[8,8,8]},"faces":{"north":{"uv":[0,0,5.25,0.25],"texture":"#1"},"east":{"uv":[0,0,8.5,0.25],"texture":"#1"},"south":{"uv":[0,0,5.25,0.25],"texture":"#1"}}}]}
