{"textures":{"0":"block/red_shulker_box","1":"block/bone_block_side","4":"dungoen/title","particle":"block/bookshelf"},"elements":[{"from":[3.25,0,4.5],"to":[12.75,0.75,11.75],"rotation":{"angle":22.5,"axis":"y","origin":[9,2,8]},"faces":{"north":{"uv":[0,0,9.5,0.75],"texture":"#0"},"east":{"uv":[1,2,7.25,2.75],"texture":"#0"},"south":{"uv":[1,2,8.5,2.75],"texture":"#0"},"west":{"uv":[1,2,6.25,3],"texture":"#0"},"up":{"uv":[0,0,9.5,7.25],"texture":"#0"},"down":{"uv":[0,0,9.5,7.25],"texture":"#0"}}},{"from":[3.25,2.25,4.5],"to":[12.75,3,11.75],"rotation":{"angle":22.5,"axis":"y","origin":[9,2,8]},"faces":{"north":{"uv":[0,0,9.5,0.75],"texture":"#0"},"east":{"uv":[1,2,7.25,2.75],"texture":"#0"},"south":{"uv":[1,2,8.5,2.75],"texture":"#0"},"west":{"uv":[1,2,6.25,3],"texture":"#0"},"up":{"uv":[1,1,10.5,8.25],"texture":"#0"},"down":{"uv":[0,0,9.5,7.25],"texture":"#0"}}},{"from":[3.25,0.25,4.25],"to":[12.75,2.75,4.5],"rotation":{"angle":22.5,"axis":"y","origin":[9,2,8]},"faces":{"north":{"uv":[0,0,16,4],"texture":"#0"},"east":{"uv":[0,0,0.25,2.5],"texture":"#0"},"west":{"uv":[0,0,0.25,2.5],"texture":"#0"},"up":{"uv":[0,0,9.5,0.25],"texture":"#0"},"down":{"uv":[0,0,9.5,0.25],"texture":"#0"}}},{"from":[3.25,0.75,4.5],"to":[12.75,2.25,5.25],"rotation":{"angle":22.5,"axis":"y","origin":[9,2,8]},"faces":{"east":{"uv":[2,2,3.75,3.5],"texture":"#0"},"south":{"uv":[0,0,9.5,1.5],"texture":"#0"},"west":{"uv":[1,2,6.25,3],"texture":"#0"}}},{"from":[3.5,0.75,5.25],"to":[12.5,1,11.75],"rotation":{"angle":22.5,"axis":"y","origin":[9,2,8]},"faces":{"east":{"uv":[0,0,6.5,0.25],"texture":"#1"},"south":{"uv":[0,0,9,0.25],"texture":"#1"},"west":{"uv":[0,0,6.5,0.25],"texture":"#1"}}},{"from":[3.5,1.5,5.25],"to":[12.5,1.75,11.75],"rotation":{"angle":22.5,"axis":"y","origin":[9,2,8]},"faces":{"east":{"uv":[0,0,6.5,0.25],"texture":"#1"},"south":{"uv":[0,0,9,0.25],"texture":"#1"},"west":{"uv":[0,0,6.5,0.25],"texture":"#1"},"up":{"uv":[0,0,9,6.5],"texture":"#1"},"down":{"uv":[0,0,9,6.5],"texture":"#1"}}},{"from":[3.25,1.25,5.25],"to":[12.5,1.5,11.5],"rotation":{"angle":22.5,"axis":"y","origin":[9,2,8]},"faces":{"east":{"uv":[0,0,6.25,0.25],"texture":"#1"},"south":{"uv":[0,0,9.25,0.25],"texture":"#1"},"west":{"uv":[0,0,6.25,0.25],"texture":"#1"},"up":{"uv":[0,0,9.25,6.25],"texture":"#1"},"down":{"uv":[0,0,9.25,6.25],"texture":"#1"}}},{"from":[3.5,1,5.25],"to":[12.75,1.25,12],"rotation":{"angle":22.5,"axis":"y","origin":[9,2,8]},"faces":{"east":{"uv":[0,0,6.75,0.25],"texture":"#1"},"south":{"uv":[0,0,9.25,0.25],"texture":"#1"},"west":{"uv":[0,0,6.75,0.25],"texture":"#1"},"up":{"uv":[0,0,9.25,6.75],"texture":"#1"},"down":{"uv":[0,0,9.25,6.75],"texture":"#1"}}},{"from":[3.5,1.75,5.25],"to":[12.75,2,11.5],"rotation":{"angle":22.5,"axis":"y","origin":[9,2,8]},"faces":{"east":{"uv":[0,0,6.25,0.25],"texture":"#1"},"south":{"uv":[0,0,9.25,0.25],"texture":"#1"},"west":{"uv":[0,0,6.25,0.25],"texture":"#1"},"up":{"uv":[0,0,9.25,6.25],"texture":"#1"},"down":{"uv":[0,0,9.25,6.25],"texture":"#1"}}},{"from":[3.5,2,5.25],"to":[12.5,2.25,11.5],"rotation":{"angle":22.5,"axis":"y","origin":[9,2,8]},"faces":{"east":{"uv":[0,0,6.25,0.25],"texture":"#1"},"south":{"uv":[0,0,9,0.25],"texture":"#1"},"west":{"uv":[0,0,6.25,0.25],"texture":"#1"}}},{"from":[9.5,2.79,6.5],"to":[12,3.04,10.75],"rotation":{"angle":22.5,"axis":"y","origin":[9,2,8]},"faces":{"up":{"uv":[0.5,2.875,15.625,10],"rotation":90,"texture":"#4"}}},{"from":[9.5,2.83,10.75],"to":[12,3.08,11],"rotation":{"angle":22.5,"axis":"y","origin":[9,2,8]},"faces":{"north":{"uv":[0,0,5.25,0.25],"texture":"#0"},"south":{"uv":[0,0,5.25,0.25],"texture":"#0"},"up":{"uv":[0.5,2.875,15.625,10],"rotation":90,"texture":"#0"}}},{"from":[9.5,2.83,6.25],"to":[12,3.08,6.5],"rotation":{"angle":22.5,"axis":"y","origin":[9,2,8]},"faces":{"north":{"uv":[0,0,5.25,0.25],"texture":"#0"},"south":{"uv":[0,0,5.25,0.25],"texture":"#0"},"up":{"uv":[0.5,2.875,15.625,10],"rotation":90,"texture":"#0"}}},{"from":[12,2.83,6.25],"to":[12.25,3.08,11],"rotation":{"angle":22.5,"axis":"y","origin":[9,2,8]},"faces":{"north":{"uv":[0,0,3.25,0.25],"texture":"#0"},"east":{"uv":[0,0,5.25,0.25],"texture":"#0"},"south":{"uv":[0,0,3.25,0.25],"texture":"#0"},"west":{"uv":[0,0,5.25,0.25],"texture":"#0"},"up":{"uv":[0.5,2.875,15.625,10],"texture":"#0"}}},{"from":[9.25,2.83,6.25],"to":[9.5,3.08,11],"rotation":{"angle":22.5,"axis":"y","origin":[9,2,8]},"faces":{"north":{"uv":[0,0,3.25,0.25],"texture":"#0"},"east":{"uv":[0,0,5.25,0.25],"texture":"#0"},"south":{"uv":[0,0,3.25,0.25],"texture":"#0"},"west":{"uv":[0,0,5.25,0.25],"texture":"#0"},"up":{"uv":[0.5,2.875,15.625,10],"texture":"#0"}}}]}
