{"textures":{"1":"block/cyan_shulker_box","2":"block/bone_block_side","3":"dungoen/title3","particle":"block/bookshelf"},"elements":[{"from":[5.5,0,2.5],"to":[12.5,0.75,13.5],"rotation":{"angle":22.5,"axis":"y","origin":[9,0.375,8]},"faces":{"north":{"uv":[0,0,7,0.75],"texture":"#1"},"east":{"uv":[0,0,11,0.75],"texture":"#1"},"south":{"uv":[0,0,7,0.75],"texture":"#1"},"west":{"uv":[0,0,11,0.75],"texture":"#1"},"up":{"uv":[0,0,7,11],"texture":"#1"},"down":{"uv":[0,0,7,11],"texture":"#1"}}},{"from":[5.5,1.75,2.5],"to":[12.5,2.5,13.5],"rotation":{"angle":22.5,"axis":"y","origin":[9,2.125,8]},"faces":{"north":{"uv":[0,0,7,0.75],"texture":"#1"},"east":{"uv":[0,0,11,0.75],"texture":"#1"},"south":{"uv":[0,0,7,0.75],"texture":"#1"},"west":{"uv":[0,0,11,0.75],"texture":"#1"},"up":{"uv":[0,0,7,11],"texture":"#1"},"down":{"uv":[0,0,7,11],"texture":"#1"}}},{"from":[5.75,0.75,3.75],"to":[6.5,1.75,14.75],"rotation":{"angle":22.5,"axis":"y","origin":[6.125,1.25,9.25]},"faces":{"north":{"uv":[0,0,0.75,1],"texture":"#1"},"east":{"uv":[0,0,11,0.75],"texture":"#1"},"south":{"uv":[0,0,0.75,1],"texture":"#1"},"west":{"uv":[0,0,11,1],"texture":"#1"},"up":{"uv":[0,0,0.75,11],"texture":"#1"},"down":{"uv":[0,0,0.75,11],"texture":"#1"}}},{"from":[4.67337,0.5,3.8579],"to":[5.17337,2,14.8579],"rotation":{"angle":22.5,"axis":"y","origin":[5.42337,1,7.8579]},"faces":{"north":{"uv":[0,0,0.5,1.5],"texture":"#1"},"east":{"uv":[0,0,11,0.75],"texture":"#1"},"south":{"uv":[0,0,0.5,1.5],"texture":"#1"},"west":{"uv":[0,0,11,1.5],"texture":"#1"},"up":{"uv":[0,0,0.5,11],"texture":"#1"},"down":{"uv":[0,0,0.5,11],"texture":"#1"}}},{"from":[5.52594,0.25,3.88723],"to":[5.77594,0.5,14.88723],"rotation":{"angle":22.5,"axis":"y","origin":[5.65094,0.375,9.38723]},"faces":{"north":{"uv":[0,0,0.25,0.25],"texture":"#1"},"east":{"uv":[0,0,11,0.75],"texture":"#1"},"south":{"uv":[0,0,0.25,0.25],"texture":"#1"},"west":{"uv":[0,0,11,0.25],"texture":"#1"},"up":{"uv":[0,0,0.25,11],"texture":"#1"},"down":{"uv":[0,0,0.25,11],"texture":"#1"}}},{"from":[5.52594,2,3.88723],"to":[5.77594,2.25,14.88723],"rotation":{"angle":22.5,"axis":"y","origin":[5.65094,2.625,9.38723]},"faces":{"north":{"uv":[0,0,0.25,0.25],"texture":"#1"},"east":{"uv":[0,0,11,0.75],"texture":"#1"},"south":{"uv":[0,0,0.25,0.25],"texture":"#1"},"west":{"uv":[0,0,11,0.25],"texture":"#1"},"up":{"uv":[0,0,0.25,11],"texture":"#1"},"down":{"uv":[0,0,0.25,11],"texture":"#1"}}},{"from":[6.25,0.75,2.5],"to":[12.75,1,13.5],"rotation":{"angle":22.5,"axis":"y","origin":[9.5,0.875,8.125]},"faces":{"north":{"uv":[0,0,6.5,0.25],"texture":"#2"},"east":{"uv":[0,0,11,0.25],"texture":"#2"},"south":{"uv":[0,0,6.5,0.25],"texture":"#2"},"west":{"uv":[0,0,11,0.25],"texture":"#2"},"up":{"uv":[0,0,6.5,11],"texture":"#2"},"down":{"uv":[0,0,6.5,11],"texture":"#2"}}},{"from":[6.25,1,2.25],"to":[12.5,1.25,13.5],"rotation":{"angle":22.5,"axis":"y","origin":[9.375,1.125,7.875]},"faces":{"north":{"uv":[0,0,6.25,0.25],"texture":"#2"},"east":{"uv":[0,0,11.25,0.25],"texture":"#2"},"south":{"uv":[0,0,6.25,0.25],"texture":"#2"},"west":{"uv":[0,0,11.25,0.25],"texture":"#2"},"up":{"uv":[0,0,6.25,11.25],"texture":"#2"},"down":{"uv":[0,0,6.25,11.25],"texture":"#2"}}},{"from":[6.25,1.25,2.5],"to":[13,1.5,13.5],"rotation":{"angle":22.5,"axis":"y","origin":[9.625,1.375,8]},"faces":{"north":{"uv":[0,0,6.75,0.25],"texture":"#2"},"east":{"uv":[0,0,11,0.25],"texture":"#2"},"south":{"uv":[0,0,6.75,0.25],"texture":"#2"},"west":{"uv":[0,0,11,0.25],"texture":"#2"},"up":{"uv":[0,0,6.75,11],"texture":"#2"},"down":{"uv":[0,0,6.75,11],"texture":"#2"}}},{"from":[6,1.5,2.25],"to":[12.5,1.75,13.5],"rotation":{"angle":22.5,"axis":"y","origin":[9.25,1.625,7.875]},"faces":{"north":{"uv":[0,0,6.5,0.25],"texture":"#2"},"east":{"uv":[0,0,11.25,0.25],"texture":"#2"},"south":{"uv":[0,0,6.5,0.25],"texture":"#2"},"west":{"uv":[0,0,11.25,0.25],"texture":"#2"},"up":{"uv":[0,0,6.5,11.25],"texture":"#2"},"down":{"uv":[0,0,6.5,11.25],"texture":"#2"}}},{"from":[6.8853,1.9,6.67336],"to":[11.1353,2.65,6.92336],"rotation":{"angle":22.5,"axis":"y","origin":[9.0103,2.275,6.79836]},"faces":{"north":{"uv":[0,0,7,0.75],"texture":"#1"},"south":{"uv":[0,0,7,0.75],"texture":"#1"},"west":{"uv":[0,0,11,0.75],"texture":"#1"},"up":{"uv":[0,0,8,1],"texture":"#1"}}},{"from":[5.64158,1.9,3.67075],"to":[9.89158,2.65,3.92075],"rotation":{"angle":22.5,"axis":"y","origin":[7.76658,2.275,3.79575]},"faces":{"north":{"uv":[0,0,7,0.75],"texture":"#1"},"east":{"uv":[0,0,11,0.75],"texture":"#1"},"south":{"uv":[0,0,7,0.75],"texture":"#1"},"up":{"uv":[0,0,8,1],"texture":"#1"}}},{"from":[10.34217,1.9,2.68602],"to":[10.59217,2.65,6.18602],"rotation":{"angle":22.5,"axis":"y","origin":[10.46717,2.275,4.43602]},"faces":{"north":{"uv":[0,0,7,0.75],"texture":"#1"},"east":{"uv":[0,0,11,0.75],"texture":"#1"},"south":{"uv":[0,0,7,0.75],"texture":"#1"},"west":{"uv":[0,0,11,0.75],"texture":"#1"},"up":{"uv":[0,0,1,9],"texture":"#1"}}},{"from":[6.18471,1.9,4.40809],"to":[6.43471,2.65,7.90809],"rotation":{"angle":22.5,"axis":"y","origin":[6.30971,2.275,6.15809]},"faces":{"north":{"uv":[0,0,7,0.75],"texture":"#1"},"east":{"uv":[0,0,11,0.75],"texture":"#1"},"south":{"uv":[0,0,7,0.75],"texture":"#1"},"west":{"uv":[0,0,11,0.75],"texture":"#1"},"up":{"uv":[0,0,1,9],"texture":"#1"}}},{"from":[6.26344,1.9,3.79706],"to":[10.51344,2.65,6.79706],"rotation":{"angle":22.5,"axis":"y","origin":[8.38844,2.275,5.29706]},"faces":{"north":{"uv":[0,0,7,0.75],"texture":"#3"},"east":{"uv":[0,0,11,0.75],"texture":"#3"},"up":{"uv":[0.5,3.125,15.5,11.5],"texture":"#3"}}}]}
