{"textures":{"0":"dungoen/5book","1":"dungoen/5sides","2":"dungoen/5title_alice_in_wonderland","particle":"block/bookshelf"},"elements":[{"from":[6.25,0,0.25],"to":[15.75,0.5,13.25],"rotation":{"angle":-22.5,"axis":"y","origin":[6.25,0,0.25]},"faces":{"north":{"uv":[9.5,0,0,0.5],"texture":"#0"},"east":{"uv":[9,0,9.5,13],"rotation":90,"texture":"#0"},"south":{"uv":[0,12.5,9.5,13],"texture":"#0"},"west":{"uv":[0,0,0.5,13],"rotation":90,"texture":"#0"},"up":{"uv":[0,0,9.5,13],"texture":"#0"},"down":{"uv":[0,0,9.5,13],"texture":"#0"}}},{"from":[6.25,4.5,0.25],"to":[15.75,5,13.25],"rotation":{"angle":-22.5,"axis":"y","origin":[6.25,0,0.25]},"faces":{"north":{"uv":[9.5,0,0,0.5],"texture":"#0"},"east":{"uv":[9,0,9.5,13],"rotation":90,"texture":"#0"},"south":{"uv":[0,12.5,9.5,13],"texture":"#0"},"west":{"uv":[0,0,0.5,13],"rotation":90,"texture":"#0"},"up":{"uv":[0,0,9.5,13],"texture":"#0"},"down":{"uv":[0,0,9.5,13],"texture":"#0"}}},{"from":[6.25,0.5,0.75],"to":[15.25,4.5,12.75],"rotation":{"angle":-22.5,"axis":"y","origin":[6.25,0,0.25]},"faces":{"north":{"uv":[0,12,9,16],"texture":"#1"},"east":{"uv":[0,12,12,16],"texture":"#1"},"south":{"uv":[0,12,9,16],"texture":"#1"}}},{"from":[5.75,0.5,0.25],"to":[6.25,4.5,13.25],"rotation":{"angle":-22.5,"axis":"y","origin":[6.25,0,0.25]},"faces":{"north":{"uv":[14,0,10,0.5],"rotation":90,"texture":"#0"},"east":{"uv":[10,0,14,13],"rotation":90,"texture":"#0"},"south":{"uv":[10,12.5,14,13],"rotation":90,"texture":"#0"},"west":{"uv":[10,0,14,13],"rotation":90,"texture":"#0"},"up":{"uv":[13.5,0,14,13],"texture":"#0"},"down":{"uv":[10,0,10.5,13],"texture":"#0"}}},{"from":[7.75,5,3.75],"to":[14.25,5.01,7.75],"rotation":{"angle":-22.5,"axis":"y","origin":[6.25,0,0.25]},"faces":{"up":{"uv":[0,3,16,12],"texture":"#2"}}},{"from":[7.75,5,3.5],"to":[14.25,5.25,3.75],"rotation":{"angle":-22.5,"axis":"y","origin":[6.25,0,0.25]},"faces":{"north":{"uv":[0,15.75,6.5,16],"texture":"#0"},"south":{"uv":[0,15.75,6.5,16],"texture":"#0"},"up":{"uv":[0,15.75,6.5,16],"texture":"#0"}}},{"from":[7.75,5,7.75],"to":[14.25,5.25,8],"rotation":{"angle":-22.5,"axis":"y","origin":[6.25,0,0.25]},"faces":{"north":{"uv":[0,15.75,6.5,16],"texture":"#0"},"south":{"uv":[0,15.75,6.5,16],"texture":"#0"},"up":{"uv":[0,15.75,6.5,16],"texture":"#0"}}},{"from":[7.5,5,3.5],"to":[7.75,5.25,8],"rotation":{"angle":-22.5,"axis":"y","origin":[6.25,0,0.25]},"faces":{"north":{"uv":[0,15.75,0.5,16],"rotation":90,"texture":"#0"},"east":{"uv":[5,15.75,5.25,16],"texture":"#0"},"south":{"uv":[0,15.75,0.5,16],"rotation":90,"texture":"#0"},"west":{"uv":[0,15.75,0.25,16],"texture":"#0"},"up":{"uv":[0,15.75,6.5,16],"rotation":90,"texture":"#0"}}},{"from":[14.25,5,3.5],"to":[14.5,5.25,8],"rotation":{"angle":-22.5,"axis":"y","origin":[6.25,0,0.25]},"faces":{"north":{"uv":[0,15.75,0.5,16],"rotation":90,"texture":"#0"},"east":{"uv":[5,15.75,5.25,16],"texture":"#0"},"south":{"uv":[0,15.75,0.5,16],"rotation":90,"texture":"#0"},"west":{"uv":[0,15.75,0.25,16],"texture":"#0"},"up":{"uv":[0,15.75,6.5,16],"rotation":90,"texture":"#0"}}}]}
