{"textures":{"0":"dungoen/monokel","1":"dungoen/monokel_glass","particle":"block/bookshelf"},"elements":[{"from":[0.5,0,5.75],"to":[1.5,1,8.75],"rotation":{"angle":22.5,"axis":"y","origin":[0.5,0,5.75]},"faces":{"north":{"uv":[8,15.5,7.5,16],"texture":"#0"},"east":{"uv":[1.5,13.5,0,14],"texture":"#0"},"south":{"uv":[7.5,15,8,15.5],"texture":"#0"},"west":{"uv":[6,14,7.5,14.5],"texture":"#0"},"up":{"uv":[1,13,1.5,11.5],"texture":"#0"},"down":{"uv":[0.5,11.5,1,13],"texture":"#0"}}},{"from":[1.5,0,4.75],"to":[2.5,1,5.75],"rotation":{"angle":22.5,"axis":"y","origin":[0.5,0,5.75]},"faces":{"north":{"uv":[8,13,7.5,13.5],"texture":"#0"},"east":{"uv":[4.5,9,4,9.5],"texture":"#0"},"south":{"uv":[7.5,11.5,8,12],"texture":"#0"},"west":{"uv":[3.5,9,4,9.5],"texture":"#0"},"up":{"uv":[7.5,14,8,13.5],"texture":"#0"},"down":{"uv":[7.5,14,8,14.5],"texture":"#0"}}},{"from":[1.5,0,8.75],"to":[2.5,1,9.75],"rotation":{"angle":22.5,"axis":"y","origin":[0.5,0,5.75]},"faces":{"north":{"uv":[5.5,9.5,5,10],"texture":"#0"},"east":{"uv":[6,9.5,5.5,10],"texture":"#0"},"south":{"uv":[5,9,5.5,9.5],"texture":"#0"},"west":{"uv":[6,9,6.5,9.5],"texture":"#0"},"up":{"uv":[4.5,9.5,5,9],"texture":"#0"},"down":{"uv":[4.5,9.5,5,10],"texture":"#0"}}},{"from":[1.5,0,5.75],"to":[6.5,0.5,8.75],"rotation":{"angle":22.5,"axis":"y","origin":[0.5,0,5.75]},"faces":{"up":{"uv":[2,1,7,4],"texture":"#1"},"down":{"uv":[2.5,13,5,14.5],"texture":"#1"}}},{"from":[2.5,0,3.75],"to":[5.5,1,4.75],"rotation":{"angle":22.5,"axis":"y","origin":[0.5,0,5.75]},"faces":{"north":{"uv":[4.5,12,3,12.5],"texture":"#0"},"east":{"uv":[6.5,9.5,6,10],"texture":"#0"},"south":{"uv":[3,11.5,4.5,12],"texture":"#0"},"west":{"uv":[5.5,9,6,9.5],"texture":"#0"},"up":{"uv":[3,13,4.5,12.5],"texture":"#0"},"down":{"uv":[1.5,11.5,3,12],"texture":"#0"}}},{"from":[2.5,0,9.75],"to":[5.5,1,10.75],"rotation":{"angle":22.5,"axis":"y","origin":[0.5,0,5.75]},"faces":{"north":{"uv":[4.5,13,3,13.5],"texture":"#0"},"east":{"uv":[7,9,6.5,9.5],"texture":"#0"},"south":{"uv":[0,11,1.5,11.5],"texture":"#0"},"west":{"uv":[6.5,9.5,7,10],"texture":"#0"},"up":{"uv":[5,12,6.5,11.5],"texture":"#0"},"down":{"uv":[5,12,6.5,12.5],"texture":"#0"}}},{"from":[2.5,0,4.75],"to":[5.5,0.5,5.75],"rotation":{"angle":22.5,"axis":"y","origin":[0.5,0,5.75]},"faces":{"up":{"uv":[4.5,11.5,6,11],"texture":"#1"},"down":{"uv":[3,11,4.5,11.5],"texture":"#1"}}},{"from":[2.5,0,8.75],"to":[5.5,0.5,9.75],"rotation":{"angle":22.5,"axis":"y","origin":[0.5,0,5.75]},"faces":{"up":{"uv":[3,14,4.5,13.5],"texture":"#1"},"down":{"uv":[1.5,13.5,3,14],"texture":"#1"}}},{"from":[4.5,0,12.75],"to":[5.5,0.5,14.75],"rotation":{"angle":22.5,"axis":"y","origin":[0.5,0,5.75]},"faces":{"north":{"uv":[6,8,5.5,8.5],"texture":"#0"},"east":{"uv":[8,10,7,10.5],"texture":"#0"},"south":{"uv":[0,8.5,0.5,9],"texture":"#0"},"west":{"uv":[6,10,7,10.5],"texture":"#0"},"up":{"uv":[2.5,10,3,9],"texture":"#0"},"down":{"uv":[2,9,2.5,10],"texture":"#0"}}},{"from":[5.5,0,4.75],"to":[6.5,1,5.75],"rotation":{"angle":22.5,"axis":"y","origin":[0.5,0,5.75]},"faces":{"north":{"uv":[2.5,8.5,2,9],"texture":"#0"},"east":{"uv":[5.5,7.5,5,8],"texture":"#0"},"south":{"uv":[1.5,8.5,2,9],"texture":"#0"},"west":{"uv":[1,8.5,1.5,9],"texture":"#0"},"up":{"uv":[2.5,9,3,8.5],"texture":"#0"},"down":{"uv":[0.5,8.5,1,9],"texture":"#0"}}},{"from":[5.5,0,8.75],"to":[6.5,1,9.75],"rotation":{"angle":22.5,"axis":"y","origin":[0.5,0,5.75]},"faces":{"north":{"uv":[1,7.5,0.5,8],"texture":"#0"},"east":{"uv":[1,8,0.5,8.5],"texture":"#0"},"south":{"uv":[0,7.5,0.5,8],"texture":"#0"},"west":{"uv":[2,8,2.5,8.5],"texture":"#0"},"up":{"uv":[2,8,2.5,7.5],"texture":"#0"},"down":{"uv":[3.5,7.5,4,8],"texture":"#0"}}},{"from":[5.5,0,11.75],"to":[6.5,0.5,12.75],"rotation":{"angle":22.5,"axis":"y","origin":[0.5,0,5.75]},"faces":{"north":{"uv":[5.5,8.5,5,9],"texture":"#0"},"east":{"uv":[4.5,8.5,4,9],"texture":"#0"},"south":{"uv":[5.5,8.5,6,9],"texture":"#0"},"west":{"uv":[7,8.5,7.5,9],"texture":"#0"},"up":{"uv":[4.5,9,5,8.5],"texture":"#0"},"down":{"uv":[4.5,8,5,8.5],"texture":"#0"}}},{"from":[5.5,0,14.75],"to":[7.5,0.5,15.75],"rotation":{"angle":22.5,"axis":"y","origin":[0.5,0,5.75]},"faces":{"north":{"uv":[1,10.5,0,11],"texture":"#0"},"east":{"uv":[0.5,8,0,8.5],"texture":"#0"},"south":{"uv":[1,10.5,2,11],"texture":"#0"},"west":{"uv":[7.5,8.5,8,9],"texture":"#0"},"up":{"uv":[7,11.5,8,11],"texture":"#0"},"down":{"uv":[6,11,7,11.5],"texture":"#0"}}},{"from":[6.5,0,5.75],"to":[7.5,1,8.75],"rotation":{"angle":22.5,"axis":"y","origin":[0.5,0,5.75]},"faces":{"north":{"uv":[3,8,2.5,8.5],"texture":"#0"},"east":{"uv":[6.5,12.5,5,13],"texture":"#0"},"south":{"uv":[4,8,4.5,8.5],"texture":"#0"},"west":{"uv":[4.5,13,6,13.5],"texture":"#0"},"up":{"uv":[6.5,13,7,11.5],"texture":"#0"},"down":{"uv":[7,11.5,7.5,13],"texture":"#0"}}},{"from":[7.5,0,6.75],"to":[8.5,0.5,9.75],"rotation":{"angle":22.5,"axis":"y","origin":[0.5,0,5.75]},"faces":{"north":{"uv":[3,7.5,2.5,8],"texture":"#0"},"east":{"uv":[1.5,13,0,13.5],"texture":"#0"},"south":{"uv":[3,7.5,3.5,8],"texture":"#0"},"west":{"uv":[1.5,13,3,13.5],"texture":"#0"},"up":{"uv":[0,13,0.5,11.5],"texture":"#0"},"down":{"uv":[4.5,11.5,5,13],"texture":"#0"}}},{"from":[7.5,0,15.75],"to":[11.5,0.5,16.75],"rotation":{"angle":22.5,"axis":"y","origin":[0.5,0,5.75]},"faces":{"north":{"uv":[7,14.5,5,15],"texture":"#0"},"east":{"uv":[4,8.5,3.5,9],"texture":"#0"},"south":{"uv":[4,14,6,14.5],"texture":"#0"},"west":{"uv":[3,8.5,3.5,9],"texture":"#0"},"up":{"uv":[0,14.5,2,14],"texture":"#0"},"down":{"uv":[2,14,4,14.5],"texture":"#0"}}},{"from":[8.5,0,9.75],"to":[10.5,0.5,10.75],"rotation":{"angle":22.5,"axis":"y","origin":[0.5,0,5.75]},"faces":{"north":{"uv":[5,10.5,4,11],"texture":"#0"},"east":{"uv":[7,8.5,6.5,9],"texture":"#0"},"south":{"uv":[5,10.5,6,11],"texture":"#0"},"west":{"uv":[6,8.5,6.5,9],"texture":"#0"},"up":{"uv":[3,11,4,10.5],"texture":"#0"},"down":{"uv":[2,10.5,3,11],"texture":"#0"}}},{"from":[10.5,0,8.75],"to":[12.5,0.5,9.75],"rotation":{"angle":22.5,"axis":"y","origin":[0.5,0,5.75]},"faces":{"north":{"uv":[1,10,0,10.5],"texture":"#0"},"east":{"uv":[2,8,1.5,8.5],"texture":"#0"},"south":{"uv":[1,10,2,10.5],"texture":"#0"},"west":{"uv":[1,8,1.5,8.5],"texture":"#0"},"up":{"uv":[7,11,8,10.5],"texture":"#0"},"down":{"uv":[6,10.5,7,11],"texture":"#0"}}},{"from":[10.5,0,12.75],"to":[11.5,0.5,14.75],"rotation":{"angle":22.5,"axis":"y","origin":[0.5,0,5.75]},"faces":{"north":{"uv":[3.5,8,3,8.5],"texture":"#0"},"east":{"uv":[4,10,3,10.5],"texture":"#0"},"south":{"uv":[3.5,8,4,8.5],"texture":"#0"},"west":{"uv":[2,10,3,10.5],"texture":"#0"},"up":{"uv":[0,10,0.5,9],"texture":"#0"},"down":{"uv":[7.5,12,8,13],"texture":"#0"}}},{"from":[11.5,0,11.75],"to":[12.5,0.5,12.75],"rotation":{"angle":22.5,"axis":"y","origin":[0.5,0,5.75]},"faces":{"north":{"uv":[6.5,8,6,8.5],"texture":"#0"},"east":{"uv":[8,8,7.5,8.5],"texture":"#0"},"south":{"uv":[6.5,8,7,8.5],"texture":"#0"},"west":{"uv":[7,8,7.5,8.5],"texture":"#0"},"up":{"uv":[5.5,8,6,7.5],"texture":"#0"},"down":{"uv":[5,8,5.5,8.5],"texture":"#0"}}},{"from":[11.5,0,13.75],"to":[12.5,0.5,15.75],"rotation":{"angle":22.5,"axis":"y","origin":[0.5,0,5.75]},"faces":{"north":{"uv":[1.5,7.5,1,8],"texture":"#0"},"east":{"uv":[6,10,5,10.5],"texture":"#0"},"south":{"uv":[1.5,7.5,2,8],"texture":"#0"},"west":{"uv":[4,10,5,10.5],"texture":"#0"},"up":{"uv":[1,10,1.5,9],"texture":"#0"},"down":{"uv":[0.5,9,1,10],"texture":"#0"}}},{"from":[12.5,0,9.75],"to":[13.5,0.5,11.75],"rotation":{"angle":22.5,"axis":"y","origin":[0.5,0,5.75]},"faces":{"north":{"uv":[4.5,7.5,4,8],"texture":"#0"},"east":{"uv":[8,14.5,7,15],"texture":"#0"},"south":{"uv":[4.5,7.5,5,8],"texture":"#0"},"west":{"uv":[3.5,9.5,4.5,10],"texture":"#0"},"up":{"uv":[3,10,3.5,9],"texture":"#0"},"down":{"uv":[1.5,9,2,10],"texture":"#0"}}}]}
